nohup: ignoring input
W0919 08:19:31.732285 8828 site-packages/torch/distributed/run.py:793] 
W0919 08:19:31.732285 8828 site-packages/torch/distributed/run.py:793] *****************************************
W0919 08:19:31.732285 8828 site-packages/torch/distributed/run.py:793] Setting OMP_NUM_THREADS environment variable for each process to be 1 in default, to avoid your system being overloaded, please further tune the variable for optimal performance in your application as needed. 
W0919 08:19:31.732285 8828 site-packages/torch/distributed/run.py:793] *****************************************
| distributed init (rank 0): env://, gpu 0
| distributed init (rank 2): env://, gpu 2
[rank0]:[W919 08:19:37.346173328 ProcessGroupNCCL.cpp:4115] [PG ID 0 PG GUID 0 Rank 0]  using GPU 0 to perform barrier as devices used by this process are currently unknown. This can potentially cause a hang if this rank to GPU mapping is incorrect.Specify device_ids in barrier() to force use of a particular device,or call init_process_group() with a device_id.
| distributed init (rank 1): env://, gpu 1
| distributed init (rank 3): env://, gpu 3
[rank2]:[W919 08:19:37.381250811 ProcessGroupNCCL.cpp:4115] [PG ID 0 PG GUID 0 Rank 2]  using GPU 2 to perform barrier as devices used by this process are currently unknown. This can potentially cause a hang if this rank to GPU mapping is incorrect.Specify device_ids in barrier() to force use of a particular device,or call init_process_group() with a device_id.
[rank1]:[W919 08:19:37.403833212 ProcessGroupNCCL.cpp:4115] [PG ID 0 PG GUID 0 Rank 1]  using GPU 1 to perform barrier as devices used by this process are currently unknown. This can potentially cause a hang if this rank to GPU mapping is incorrect.Specify device_ids in barrier() to force use of a particular device,or call init_process_group() with a device_id.
[rank3]:[W919 08:19:37.409525410 ProcessGroupNCCL.cpp:4115] [PG ID 0 PG GUID 0 Rank 3]  using GPU 3 to perform barrier as devices used by this process are currently unknown. This can potentially cause a hang if this rank to GPU mapping is incorrect.Specify device_ids in barrier() to force use of a particular device,or call init_process_group() with a device_id.
2025-09-19 08:19:37 INFO     job dir: /223040239/yuping/LLADA/flow_matching/examples/image
2025-09-19 08:19:37 INFO     job dir: /223040239/yuping/LLADA/flow_matching/examples/image
2025-09-19 08:19:37 INFO     job dir: /223040239/yuping/LLADA/flow_matching/examples/image
2025-09-19 08:19:37 INFO     Namespace(batch_size=384,
epochs=3000,
accum_iter=1,
lr=0.000125,
optimizer_betas=[0.9,
0.999],
decay_lr=False,
class_drop_prob=1.0,
skewed_timesteps=False,
edm_schedule=False,
use_ema=False,
dataset='cifar10',
data_path='./data/image_generation',
output_dir='./output_dir/cifar10_ldfm_bs384',
ode_method='midpoint',
ode_options={'step_size': 0.01},
sym=0.0,
temp=1.0,
sym_func=True,
sampling_dtype='float32',
cfg_scale=0.0,
bf16=True,
fid_samples=1000,
device='cuda',
seed=0,
resume='./output_dir/checkpoint-899.pth',
start_epoch=0,
eval_only=False,
eval_frequency=50,
compute_fid=True,
save_fid_samples=False,
num_workers=10,
pin_mem=True,
world_size=4,
local_rank=-1,
dist_on_itp=False,
dist_url='env://',
test_run=False,
discrete_flow_matching=True,
discrete_fm_steps=1024,
metric_induced=True,
mi_metric='lp',
mi_lp=3.0,
mi_a=5.0,
mi_c=1.0,
mi_embed_range='pm1',
mi_learnable_beta=True,
mi_beta_schedule='exp_rqs',
mi_beta_min=0.0,
mi_beta_max=20.0,
mi_spline_bins=8,
mi_spline_tail_bound=6.0,
mi_t_eps=0.0001,
mi_logit_eps=1e-06,
mi_use_gumbel=True,
mi_gumbel_tau=1.0,
wandb=True,
wandb_project='flow_matching',
wandb_run_name='cifar10_ldfm_bs384',
wandb_entity='',
wandb_offline=False,
ko_metric_induced=True,
rank=0,
gpu=0,
distributed=True,
dist_backend='nccl')
2025-09-19 08:19:37 INFO     job dir: /223040239/yuping/LLADA/flow_matching/examples/image
2025-09-19 08:19:37 INFO     Namespace(batch_size=384,
epochs=3000,
accum_iter=1,
lr=0.000125,
optimizer_betas=[0.9,
0.999],
decay_lr=False,
class_drop_prob=1.0,
skewed_timesteps=False,
edm_schedule=False,
use_ema=False,
dataset='cifar10',
data_path='./data/image_generation',
output_dir='./output_dir/cifar10_ldfm_bs384',
ode_method='midpoint',
ode_options={'step_size': 0.01},
sym=0.0,
temp=1.0,
sym_func=True,
sampling_dtype='float32',
cfg_scale=0.0,
bf16=True,
fid_samples=1000,
device='cuda',
seed=0,
resume='./output_dir/checkpoint-899.pth',
start_epoch=0,
eval_only=False,
eval_frequency=50,
compute_fid=True,
save_fid_samples=False,
num_workers=10,
pin_mem=True,
world_size=4,
local_rank=-1,
dist_on_itp=False,
dist_url='env://',
test_run=False,
discrete_flow_matching=True,
discrete_fm_steps=1024,
metric_induced=True,
mi_metric='lp',
mi_lp=3.0,
mi_a=5.0,
mi_c=1.0,
mi_embed_range='pm1',
mi_learnable_beta=True,
mi_beta_schedule='exp_rqs',
mi_beta_min=0.0,
mi_beta_max=20.0,
mi_spline_bins=8,
mi_spline_tail_bound=6.0,
mi_t_eps=0.0001,
mi_logit_eps=1e-06,
mi_use_gumbel=True,
mi_gumbel_tau=1.0,
wandb=True,
wandb_project='flow_matching',
wandb_run_name='cifar10_ldfm_bs384',
wandb_entity='',
wandb_offline=False,
ko_metric_induced=True,
rank=2,
gpu=2,
distributed=True,
dist_backend='nccl')
2025-09-19 08:19:37 INFO     Namespace(batch_size=384,
epochs=3000,
accum_iter=1,
lr=0.000125,
optimizer_betas=[0.9,
0.999],
decay_lr=False,
class_drop_prob=1.0,
skewed_timesteps=False,
edm_schedule=False,
use_ema=False,
dataset='cifar10',
data_path='./data/image_generation',
output_dir='./output_dir/cifar10_ldfm_bs384',
ode_method='midpoint',
ode_options={'step_size': 0.01},
sym=0.0,
temp=1.0,
sym_func=True,
sampling_dtype='float32',
cfg_scale=0.0,
bf16=True,
fid_samples=1000,
device='cuda',
seed=0,
resume='./output_dir/checkpoint-899.pth',
start_epoch=0,
eval_only=False,
eval_frequency=50,
compute_fid=True,
save_fid_samples=False,
num_workers=10,
pin_mem=True,
world_size=4,
local_rank=-1,
dist_on_itp=False,
dist_url='env://',
test_run=False,
discrete_flow_matching=True,
discrete_fm_steps=1024,
metric_induced=True,
mi_metric='lp',
mi_lp=3.0,
mi_a=5.0,
mi_c=1.0,
mi_embed_range='pm1',
mi_learnable_beta=True,
mi_beta_schedule='exp_rqs',
mi_beta_min=0.0,
mi_beta_max=20.0,
mi_spline_bins=8,
mi_spline_tail_bound=6.0,
mi_t_eps=0.0001,
mi_logit_eps=1e-06,
mi_use_gumbel=True,
mi_gumbel_tau=1.0,
wandb=True,
wandb_project='flow_matching',
wandb_run_name='cifar10_ldfm_bs384',
wandb_entity='',
wandb_offline=False,
ko_metric_induced=True,
rank=3,
gpu=3,
distributed=True,
dist_backend='nccl')
2025-09-19 08:19:37 INFO     Namespace(batch_size=384,
epochs=3000,
accum_iter=1,
lr=0.000125,
optimizer_betas=[0.9,
0.999],
decay_lr=False,
class_drop_prob=1.0,
skewed_timesteps=False,
edm_schedule=False,
use_ema=False,
dataset='cifar10',
data_path='./data/image_generation',
output_dir='./output_dir/cifar10_ldfm_bs384',
ode_method='midpoint',
ode_options={'step_size': 0.01},
sym=0.0,
temp=1.0,
sym_func=True,
sampling_dtype='float32',
cfg_scale=0.0,
bf16=True,
fid_samples=1000,
device='cuda',
seed=0,
resume='./output_dir/checkpoint-899.pth',
start_epoch=0,
eval_only=False,
eval_frequency=50,
compute_fid=True,
save_fid_samples=False,
num_workers=10,
pin_mem=True,
world_size=4,
local_rank=-1,
dist_on_itp=False,
dist_url='env://',
test_run=False,
discrete_flow_matching=True,
discrete_fm_steps=1024,
metric_induced=True,
mi_metric='lp',
mi_lp=3.0,
mi_a=5.0,
mi_c=1.0,
mi_embed_range='pm1',
mi_learnable_beta=True,
mi_beta_schedule='exp_rqs',
mi_beta_min=0.0,
mi_beta_max=20.0,
mi_spline_bins=8,
mi_spline_tail_bound=6.0,
mi_t_eps=0.0001,
mi_logit_eps=1e-06,
mi_use_gumbel=True,
mi_gumbel_tau=1.0,
wandb=True,
wandb_project='flow_matching',
wandb_run_name='cifar10_ldfm_bs384',
wandb_entity='',
wandb_offline=False,
ko_metric_induced=True,
rank=1,
gpu=1,
distributed=True,
dist_backend='nccl')
2025-09-19 08:19:37 INFO     Saving args to output_dir/cifar10_ldfm_bs384/args.json
2025-09-19 08:19:37 INFO     Initializing Dataset: cifar10
2025-09-19 08:19:37 INFO     Initializing Dataset: cifar10
2025-09-19 08:19:37 INFO     Initializing Dataset: cifar10
2025-09-19 08:19:37 INFO     Initializing Dataset: cifar10
2025-09-19 08:19:38 INFO     Dataset CIFAR10
    Number of datapoints: 50000
    Root location: ./data/image_generation
    Split: Train
    StandardTransform
Transform: Compose(
                 ToImage()
                 RandomHorizontalFlip(p=0.5)
                 ToDtype(scale=True)
           )
2025-09-19 08:19:38 INFO     Intializing DataLoader
2025-09-19 08:19:38 INFO     <torch.utils.data.distributed.DistributedSampler object at 0x7f66bba068c0>
2025-09-19 08:19:38 INFO     Dataset CIFAR10
    Number of datapoints: 50000
    Root location: ./data/image_generation
    Split: Train
    StandardTransform
Transform: Compose(
                 ToImage()
                 RandomHorizontalFlip(p=0.5)
                 ToDtype(scale=True)
           )
2025-09-19 08:19:38 INFO     Intializing DataLoader
2025-09-19 08:19:38 INFO     <torch.utils.data.distributed.DistributedSampler object at 0x7ff1b27d2e90>
2025-09-19 08:19:38 INFO     Dataset CIFAR10
    Number of datapoints: 50000
    Root location: ./data/image_generation
    Split: Train
    StandardTransform
Transform: Compose(
                 ToImage()
                 RandomHorizontalFlip(p=0.5)
                 ToDtype(scale=True)
           )
2025-09-19 08:19:38 INFO     Intializing DataLoader
2025-09-19 08:19:38 INFO     <torch.utils.data.distributed.DistributedSampler object at 0x7fb64edd22c0>
2025-09-19 08:19:38 INFO     Dataset CIFAR10
    Number of datapoints: 50000
    Root location: ./data/image_generation
    Split: Train
    StandardTransform
Transform: Compose(
                 ToImage()
                 RandomHorizontalFlip(p=0.5)
                 ToDtype(scale=True)
           )
2025-09-19 08:19:38 INFO     Intializing DataLoader
2025-09-19 08:19:38 INFO     <torch.utils.data.distributed.DistributedSampler object at 0x7f32698ea260>
2025-09-19 08:19:38 INFO     Initializing Model
2025-09-19 08:19:38 INFO     Initializing Model
2025-09-19 08:19:38 INFO     Initializing Model
2025-09-19 08:19:38 INFO     Initializing Model
2025-09-19 08:19:39 INFO     DiscreteUNetModel(vocab_size=256, in_channels=3, model_channels=96, out_channels=3, num_res_blocks=5, attention_resolutions=[2], dropout=0.4, channel_mult=[3, 4, 4], conv_resample=False, dims=2, num_classes=None, use_checkpoint=False, num_heads=-1, num_head_channels=64, num_heads_upsample=-1, use_scale_shift_norm=True, resblock_updown=False, use_new_attention_order=True, with_fourier_features=False)
2025-09-19 08:19:39 INFO     Learning rate: 1.25e-04
2025-09-19 08:19:39 INFO     Accumulate grad iterations: 1
2025-09-19 08:19:39 INFO     Effective batch size: 1536
2025-09-19 08:19:39 INFO     DiscreteUNetModel(vocab_size=256, in_channels=3, model_channels=96, out_channels=3, num_res_blocks=5, attention_resolutions=[2], dropout=0.4, channel_mult=[3, 4, 4], conv_resample=False, dims=2, num_classes=None, use_checkpoint=False, num_heads=-1, num_head_channels=64, num_heads_upsample=-1, use_scale_shift_norm=True, resblock_updown=False, use_new_attention_order=True, with_fourier_features=False)
2025-09-19 08:19:39 INFO     Learning rate: 1.25e-04
2025-09-19 08:19:39 INFO     Accumulate grad iterations: 1
2025-09-19 08:19:39 INFO     Effective batch size: 1536
2025-09-19 08:19:39 INFO     DiscreteUNetModel(vocab_size=256, in_channels=3, model_channels=96, out_channels=3, num_res_blocks=5, attention_resolutions=[2], dropout=0.4, channel_mult=[3, 4, 4], conv_resample=False, dims=2, num_classes=None, use_checkpoint=False, num_heads=-1, num_head_channels=64, num_heads_upsample=-1, use_scale_shift_norm=True, resblock_updown=False, use_new_attention_order=True, with_fourier_features=False)
2025-09-19 08:19:39 INFO     Learning rate: 1.25e-04
2025-09-19 08:19:39 INFO     Accumulate grad iterations: 1
2025-09-19 08:19:39 INFO     Effective batch size: 1536
2025-09-19 08:19:39 INFO     DiscreteUNetModel(vocab_size=256, in_channels=3, model_channels=96, out_channels=3, num_res_blocks=5, attention_resolutions=[2], dropout=0.4, channel_mult=[3, 4, 4], conv_resample=False, dims=2, num_classes=None, use_checkpoint=False, num_heads=-1, num_head_channels=64, num_heads_upsample=-1, use_scale_shift_norm=True, resblock_updown=False, use_new_attention_order=True, with_fourier_features=False)
2025-09-19 08:19:39 INFO     Learning rate: 1.25e-04
2025-09-19 08:19:39 INFO     Accumulate grad iterations: 1
2025-09-19 08:19:39 INFO     Effective batch size: 1536
2025-09-19 08:19:39 INFO     Optimizer: AdamW (
Parameter Group 0
    amsgrad: False
    betas: [0.9, 0.999]
    capturable: False
    differentiable: False
    eps: 1e-08
    foreach: None
    fused: None
    initial_lr: 0.000125
    lr: 0.000125
    maximize: False
    weight_decay: 0.01
)
2025-09-19 08:19:39 INFO     Learning-Rate Schedule: <torch.optim.lr_scheduler.ConstantLR object at 0x7f66a8404e80>
/223040239/yuping/LLADA/flow_matching/examples/image/training/load_and_save.py:75: FutureWarning: You are using `torch.load` with `weights_only=False` (the current default value), which uses the default pickle module implicitly. It is possible to construct malicious pickle data which will execute arbitrary code during unpickling (See https://github.com/pytorch/pytorch/blob/main/SECURITY.md#untrusted-models for more details). In a future release, the default value for `weights_only` will be flipped to `True`. This limits the functions that could be executed during unpickling. Arbitrary objects will no longer be allowed to be loaded via this mode unless they are explicitly allowlisted by the user via `torch.serialization.add_safe_globals`. We recommend you start setting `weights_only=True` for any use case where you don't have full control of the loaded file. Please open an issue on GitHub for any issues related to this experimental feature.
  checkpoint = torch.load(args.resume, map_location="cpu")
2025-09-19 08:19:39 INFO     Optimizer: AdamW (
Parameter Group 0
    amsgrad: False
    betas: [0.9, 0.999]
    capturable: False
    differentiable: False
    eps: 1e-08
    foreach: None
    fused: None
    initial_lr: 0.000125
    lr: 0.000125
    maximize: False
    weight_decay: 0.01
)
2025-09-19 08:19:39 INFO     Learning-Rate Schedule: <torch.optim.lr_scheduler.ConstantLR object at 0x7ff1a05c4ee0>
2025-09-19 08:19:39 INFO     Optimizer: AdamW (
Parameter Group 0
    amsgrad: False
    betas: [0.9, 0.999]
    capturable: False
    differentiable: False
    eps: 1e-08
    foreach: None
    fused: None
    initial_lr: 0.000125
    lr: 0.000125
    maximize: False
    weight_decay: 0.01
)
2025-09-19 08:19:39 INFO     Learning-Rate Schedule: <torch.optim.lr_scheduler.ConstantLR object at 0x7f3258420e50>
2025-09-19 08:19:39 INFO     Optimizer: AdamW (
Parameter Group 0
    amsgrad: False
    betas: [0.9, 0.999]
    capturable: False
    differentiable: False
    eps: 1e-08
    foreach: None
    fused: None
    initial_lr: 0.000125
    lr: 0.000125
    maximize: False
    weight_decay: 0.01
)
2025-09-19 08:19:39 INFO     Learning-Rate Schedule: <torch.optim.lr_scheduler.ConstantLR object at 0x7fb5ecf4ce80>
/223040239/yuping/LLADA/flow_matching/examples/image/training/load_and_save.py:75: FutureWarning: You are using `torch.load` with `weights_only=False` (the current default value), which uses the default pickle module implicitly. It is possible to construct malicious pickle data which will execute arbitrary code during unpickling (See https://github.com/pytorch/pytorch/blob/main/SECURITY.md#untrusted-models for more details). In a future release, the default value for `weights_only` will be flipped to `True`. This limits the functions that could be executed during unpickling. Arbitrary objects will no longer be allowed to be loaded via this mode unless they are explicitly allowlisted by the user via `torch.serialization.add_safe_globals`. We recommend you start setting `weights_only=True` for any use case where you don't have full control of the loaded file. Please open an issue on GitHub for any issues related to this experimental feature.
  checkpoint = torch.load(args.resume, map_location="cpu")
/223040239/yuping/LLADA/flow_matching/examples/image/training/load_and_save.py:75: FutureWarning: You are using `torch.load` with `weights_only=False` (the current default value), which uses the default pickle module implicitly. It is possible to construct malicious pickle data which will execute arbitrary code during unpickling (See https://github.com/pytorch/pytorch/blob/main/SECURITY.md#untrusted-models for more details). In a future release, the default value for `weights_only` will be flipped to `True`. This limits the functions that could be executed during unpickling. Arbitrary objects will no longer be allowed to be loaded via this mode unless they are explicitly allowlisted by the user via `torch.serialization.add_safe_globals`. We recommend you start setting `weights_only=True` for any use case where you don't have full control of the loaded file. Please open an issue on GitHub for any issues related to this experimental feature.
  checkpoint = torch.load(args.resume, map_location="cpu")
/223040239/yuping/LLADA/flow_matching/examples/image/training/load_and_save.py:75: FutureWarning: You are using `torch.load` with `weights_only=False` (the current default value), which uses the default pickle module implicitly. It is possible to construct malicious pickle data which will execute arbitrary code during unpickling (See https://github.com/pytorch/pytorch/blob/main/SECURITY.md#untrusted-models for more details). In a future release, the default value for `weights_only` will be flipped to `True`. This limits the functions that could be executed during unpickling. Arbitrary objects will no longer be allowed to be loaded via this mode unless they are explicitly allowlisted by the user via `torch.serialization.add_safe_globals`. We recommend you start setting `weights_only=True` for any use case where you don't have full control of the loaded file. Please open an issue on GitHub for any issues related to this experimental feature.
  checkpoint = torch.load(args.resume, map_location="cpu")
Resume checkpoint ./output_dir/checkpoint-899.pth
[resume] WARNING: optimizer state incompatible: loaded state dict contains a parameter group that doesn't match the size of optimizer's group.
          Continuing with a fresh optimizer.
Resume: weights loaded; optimizer/scheduler restored if compatible.
Resume checkpoint ./output_dir/checkpoint-899.pth
[resume] WARNING: optimizer state incompatible: loaded state dict contains a parameter group that doesn't match the size of optimizer's group.
          Continuing with a fresh optimizer.
Resume: weights loaded; optimizer/scheduler restored if compatible.
Resume checkpoint ./output_dir/checkpoint-899.pth
[resume] WARNING: optimizer state incompatible: loaded state dict contains a parameter group that doesn't match the size of optimizer's group.
          Continuing with a fresh optimizer.
Resume: weights loaded; optimizer/scheduler restored if compatible.
Resume checkpoint ./output_dir/checkpoint-899.pth
[resume] WARNING: optimizer state incompatible: loaded state dict contains a parameter group that doesn't match the size of optimizer's group.
          Continuing with a fresh optimizer.
Resume: weights loaded; optimizer/scheduler restored if compatible.
2025-09-19 08:19:42 INFO     Start from 900 to 3000 epochs
2025-09-19 08:19:42 INFO     Start from 900 to 3000 epochs
2025-09-19 08:19:42 INFO     Start from 900 to 3000 epochs
swanlab: Tracking run with swanlab version 0.6.10
swanlab: Run data will be saved locally in 
/223040239/yuping/LLADA/flow_matching/examples/image/swanlog/run-20250919_081944
-mthu753r6zf7mbwsabpe8
swanlab: 👋 Hi 00000051469,welcome to swanlab!
swanlab: Syncing run cifar10_ldfm_bs384 to the cloud
swanlab: 🏠 View project at https://swanlab.cn/@00000051469/flow_matching
swanlab: 🚀 View run at 
https://swanlab.cn/@00000051469/flow_matching/runs/mthu753r6zf7mbwsabpe8
/223040239/yuping/LLADA/flow_matching/examples/image/training/train_loop.py:108: FutureWarning: `torch.cuda.amp.autocast(args...)` is deprecated. Please use `torch.amp.autocast('cuda', args...)` instead.
  with torch.cuda.amp.autocast(dtype=torch.bfloat16):
/223040239/yuping/LLADA/flow_matching/examples/image/training/train_loop.py:108: FutureWarning: `torch.cuda.amp.autocast(args...)` is deprecated. Please use `torch.amp.autocast('cuda', args...)` instead.
  with torch.cuda.amp.autocast(dtype=torch.bfloat16):
/223040239/yuping/LLADA/flow_matching/examples/image/training/train_loop.py:108: FutureWarning: `torch.cuda.amp.autocast(args...)` is deprecated. Please use `torch.amp.autocast('cuda', args...)` instead.
  with torch.cuda.amp.autocast(dtype=torch.bfloat16):
2025-09-19 08:19:47 INFO     Start from 900 to 3000 epochs
/223040239/yuping/LLADA/flow_matching/examples/image/training/train_loop.py:108: FutureWarning: `torch.cuda.amp.autocast(args...)` is deprecated. Please use `torch.amp.autocast('cuda', args...)` instead.
  with torch.cuda.amp.autocast(dtype=torch.bfloat16):
2025-09-19 08:19:54 INFO     Epoch 900 [0/32]: loss = 3.497842788696289, lr = 0.000125
2025-09-19 08:19:54 INFO     Epoch 900 [0/32]: loss = 3.497842788696289, lr = 0.000125
2025-09-19 08:19:54 INFO     Epoch 900 [0/32]: loss = 3.497842788696289, lr = 0.000125
2025-09-19 08:19:54 INFO     Epoch 900 [0/32]: loss = 3.497842788696289, lr = 0.000125
2025-09-19 08:20:05 INFO     Epoch 900 [10/32]: loss = 3.522287368774414, lr = 0.000125
2025-09-19 08:20:05 INFO     Epoch 900 [10/32]: loss = 3.522287368774414, lr = 0.000125
2025-09-19 08:20:05 INFO     Epoch 900 [10/32]: loss = 3.522287368774414, lr = 0.000125
2025-09-19 08:20:05 INFO     Epoch 900 [10/32]: loss = 3.522287368774414, lr = 0.000125
2025-09-19 08:20:17 INFO     Epoch 900 [20/32]: loss = 3.382690906524658, lr = 0.000125
2025-09-19 08:20:17 INFO     Epoch 900 [20/32]: loss = 3.382690906524658, lr = 0.000125
2025-09-19 08:20:17 INFO     Epoch 900 [20/32]: loss = 3.382690906524658, lr = 0.000125
2025-09-19 08:20:17 INFO     Epoch 900 [20/32]: loss = 3.382690906524658, lr = 0.000125
2025-09-19 08:20:29 INFO     Epoch 900 [30/32]: loss = 3.3203961849212646, lr = 0.000125
2025-09-19 08:20:29 INFO     Epoch 900 [30/32]: loss = 3.3203961849212646, lr = 0.000125
2025-09-19 08:20:29 INFO     Epoch 900 [30/32]: loss = 3.3203961849212646, lr = 0.000125
2025-09-19 08:20:29 INFO     Epoch 900 [30/32]: loss = 3.3203961849212646, lr = 0.000125
2025-09-19 08:20:32 INFO     Epoch 901 [0/32]: loss = 3.3608508110046387, lr = 0.000125
2025-09-19 08:20:32 INFO     Epoch 901 [0/32]: loss = 3.3608508110046387, lr = 0.000125
2025-09-19 08:20:32 INFO     Epoch 901 [0/32]: loss = 3.3608508110046387, lr = 0.000125
2025-09-19 08:20:32 INFO     Epoch 901 [0/32]: loss = 3.3608508110046387, lr = 0.000125
2025-09-19 08:20:44 INFO     Epoch 901 [10/32]: loss = 3.329801082611084, lr = 0.000125
2025-09-19 08:20:44 INFO     Epoch 901 [10/32]: loss = 3.329801082611084, lr = 0.000125
2025-09-19 08:20:44 INFO     Epoch 901 [10/32]: loss = 3.329801082611084, lr = 0.000125
2025-09-19 08:20:44 INFO     Epoch 901 [10/32]: loss = 3.329801082611084, lr = 0.000125
2025-09-19 08:20:56 INFO     Epoch 901 [20/32]: loss = 3.264343738555908, lr = 0.000125
2025-09-19 08:20:56 INFO     Epoch 901 [20/32]: loss = 3.264343738555908, lr = 0.000125
2025-09-19 08:20:56 INFO     Epoch 901 [20/32]: loss = 3.264343738555908, lr = 0.000125
2025-09-19 08:20:56 INFO     Epoch 901 [20/32]: loss = 3.264343738555908, lr = 0.000125
2025-09-19 08:21:07 INFO     Epoch 901 [30/32]: loss = 3.355652332305908, lr = 0.000125
2025-09-19 08:21:07 INFO     Epoch 901 [30/32]: loss = 3.355652332305908, lr = 0.000125
2025-09-19 08:21:07 INFO     Epoch 901 [30/32]: loss = 3.355652332305908, lr = 0.000125
2025-09-19 08:21:07 INFO     Epoch 901 [30/32]: loss = 3.355652332305908, lr = 0.000125
2025-09-19 08:21:10 INFO     Epoch 902 [0/32]: loss = 3.3177268505096436, lr = 0.000125
2025-09-19 08:21:10 INFO     Epoch 902 [0/32]: loss = 3.3177268505096436, lr = 0.000125
2025-09-19 08:21:10 INFO     Epoch 902 [0/32]: loss = 3.3177268505096436, lr = 0.000125
2025-09-19 08:21:10 INFO     Epoch 902 [0/32]: loss = 3.3177268505096436, lr = 0.000125
2025-09-19 08:21:22 INFO     Epoch 902 [10/32]: loss = 3.223761558532715, lr = 0.000125
2025-09-19 08:21:22 INFO     Epoch 902 [10/32]: loss = 3.223761558532715, lr = 0.000125
2025-09-19 08:21:22 INFO     Epoch 902 [10/32]: loss = 3.223761558532715, lr = 0.000125
2025-09-19 08:21:22 INFO     Epoch 902 [10/32]: loss = 3.223761558532715, lr = 0.000125
2025-09-19 08:21:34 INFO     Epoch 902 [20/32]: loss = 3.2489864826202393, lr = 0.000125
2025-09-19 08:21:34 INFO     Epoch 902 [20/32]: loss = 3.2489864826202393, lr = 0.000125
2025-09-19 08:21:34 INFO     Epoch 902 [20/32]: loss = 3.2489864826202393, lr = 0.000125
2025-09-19 08:21:34 INFO     Epoch 902 [20/32]: loss = 3.2489864826202393, lr = 0.000125
2025-09-19 08:21:46 INFO     Epoch 902 [30/32]: loss = 3.259122371673584, lr = 0.000125
2025-09-19 08:21:46 INFO     Epoch 902 [30/32]: loss = 3.259122371673584, lr = 0.000125
2025-09-19 08:21:46 INFO     Epoch 902 [30/32]: loss = 3.259122371673584, lr = 0.000125
2025-09-19 08:21:46 INFO     Epoch 902 [30/32]: loss = 3.259122371673584, lr = 0.000125
2025-09-19 08:21:49 INFO     Epoch 903 [0/32]: loss = 3.2587132453918457, lr = 0.000125
2025-09-19 08:21:49 INFO     Epoch 903 [0/32]: loss = 3.2587132453918457, lr = 0.000125
2025-09-19 08:21:49 INFO     Epoch 903 [0/32]: loss = 3.2587132453918457, lr = 0.000125
2025-09-19 08:21:49 INFO     Epoch 903 [0/32]: loss = 3.2587132453918457, lr = 0.000125
2025-09-19 08:22:01 INFO     Epoch 903 [10/32]: loss = 3.182894229888916, lr = 0.000125
2025-09-19 08:22:01 INFO     Epoch 903 [10/32]: loss = 3.182894229888916, lr = 0.000125
2025-09-19 08:22:01 INFO     Epoch 903 [10/32]: loss = 3.182894229888916, lr = 0.000125
2025-09-19 08:22:01 INFO     Epoch 903 [10/32]: loss = 3.182894229888916, lr = 0.000125
2025-09-19 08:22:13 INFO     Epoch 903 [20/32]: loss = 3.1011509895324707, lr = 0.000125
2025-09-19 08:22:13 INFO     Epoch 903 [20/32]: loss = 3.1011509895324707, lr = 0.000125
2025-09-19 08:22:13 INFO     Epoch 903 [20/32]: loss = 3.1011509895324707, lr = 0.000125
2025-09-19 08:22:13 INFO     Epoch 903 [20/32]: loss = 3.1011509895324707, lr = 0.000125
2025-09-19 08:22:25 INFO     Epoch 903 [30/32]: loss = 3.183887004852295, lr = 0.000125
2025-09-19 08:22:25 INFO     Epoch 903 [30/32]: loss = 3.183887004852295, lr = 0.000125
2025-09-19 08:22:25 INFO     Epoch 903 [30/32]: loss = 3.183887004852295, lr = 0.000125
2025-09-19 08:22:25 INFO     Epoch 903 [30/32]: loss = 3.183887004852295, lr = 0.000125
2025-09-19 08:22:28 INFO     Epoch 904 [0/32]: loss = 3.2152814865112305, lr = 0.000125
2025-09-19 08:22:28 INFO     Epoch 904 [0/32]: loss = 3.2152814865112305, lr = 0.000125
2025-09-19 08:22:28 INFO     Epoch 904 [0/32]: loss = 3.2152814865112305, lr = 0.000125
2025-09-19 08:22:28 INFO     Epoch 904 [0/32]: loss = 3.2152814865112305, lr = 0.000125
2025-09-19 08:22:40 INFO     Epoch 904 [10/32]: loss = 3.1856000423431396, lr = 0.000125
2025-09-19 08:22:40 INFO     Epoch 904 [10/32]: loss = 3.1856000423431396, lr = 0.000125
2025-09-19 08:22:40 INFO     Epoch 904 [10/32]: loss = 3.1856000423431396, lr = 0.000125
2025-09-19 08:22:40 INFO     Epoch 904 [10/32]: loss = 3.1856000423431396, lr = 0.000125
2025-09-19 08:22:52 INFO     Epoch 904 [20/32]: loss = 3.1852784156799316, lr = 0.000125
2025-09-19 08:22:52 INFO     Epoch 904 [20/32]: loss = 3.1852784156799316, lr = 0.000125
2025-09-19 08:22:52 INFO     Epoch 904 [20/32]: loss = 3.1852784156799316, lr = 0.000125
2025-09-19 08:22:52 INFO     Epoch 904 [20/32]: loss = 3.1852784156799316, lr = 0.000125
2025-09-19 08:23:04 INFO     Epoch 904 [30/32]: loss = 3.1333367824554443, lr = 0.000125
2025-09-19 08:23:04 INFO     Epoch 904 [30/32]: loss = 3.1333367824554443, lr = 0.000125
2025-09-19 08:23:04 INFO     Epoch 904 [30/32]: loss = 3.1333367824554443, lr = 0.000125
2025-09-19 08:23:04 INFO     Epoch 904 [30/32]: loss = 3.1333367824554443, lr = 0.000125
2025-09-19 08:23:07 INFO     Epoch 905 [0/32]: loss = 3.183060646057129, lr = 0.000125
2025-09-19 08:23:07 INFO     Epoch 905 [0/32]: loss = 3.183060646057129, lr = 0.000125
2025-09-19 08:23:07 INFO     Epoch 905 [0/32]: loss = 3.183060646057129, lr = 0.000125
2025-09-19 08:23:07 INFO     Epoch 905 [0/32]: loss = 3.183060646057129, lr = 0.000125
2025-09-19 08:23:19 INFO     Epoch 905 [10/32]: loss = 3.0083811283111572, lr = 0.000125
2025-09-19 08:23:19 INFO     Epoch 905 [10/32]: loss = 3.0083811283111572, lr = 0.000125
2025-09-19 08:23:19 INFO     Epoch 905 [10/32]: loss = 3.0083811283111572, lr = 0.000125
2025-09-19 08:23:19 INFO     Epoch 905 [10/32]: loss = 3.0083811283111572, lr = 0.000125
2025-09-19 08:23:31 INFO     Epoch 905 [20/32]: loss = 3.152233600616455, lr = 0.000125
2025-09-19 08:23:31 INFO     Epoch 905 [20/32]: loss = 3.152233600616455, lr = 0.000125
2025-09-19 08:23:31 INFO     Epoch 905 [20/32]: loss = 3.152233600616455, lr = 0.000125
2025-09-19 08:23:31 INFO     Epoch 905 [20/32]: loss = 3.152233600616455, lr = 0.000125
2025-09-19 08:23:43 INFO     Epoch 905 [30/32]: loss = 3.0408124923706055, lr = 0.000125
2025-09-19 08:23:43 INFO     Epoch 905 [30/32]: loss = 3.0408124923706055, lr = 0.000125
2025-09-19 08:23:43 INFO     Epoch 905 [30/32]: loss = 3.0408124923706055, lr = 0.000125
2025-09-19 08:23:43 INFO     Epoch 905 [30/32]: loss = 3.0408124923706055, lr = 0.000125
2025-09-19 08:23:46 INFO     Epoch 906 [0/32]: loss = 3.04526424407959, lr = 0.000125
2025-09-19 08:23:46 INFO     Epoch 906 [0/32]: loss = 3.04526424407959, lr = 0.000125
2025-09-19 08:23:46 INFO     Epoch 906 [0/32]: loss = 3.04526424407959, lr = 0.000125
2025-09-19 08:23:46 INFO     Epoch 906 [0/32]: loss = 3.04526424407959, lr = 0.000125
2025-09-19 08:23:58 INFO     Epoch 906 [10/32]: loss = 3.140850067138672, lr = 0.000125
2025-09-19 08:23:58 INFO     Epoch 906 [10/32]: loss = 3.140850067138672, lr = 0.000125
2025-09-19 08:23:58 INFO     Epoch 906 [10/32]: loss = 3.140850067138672, lr = 0.000125
2025-09-19 08:23:58 INFO     Epoch 906 [10/32]: loss = 3.140850067138672, lr = 0.000125
2025-09-19 08:24:09 INFO     Epoch 906 [20/32]: loss = 3.0387191772460938, lr = 0.000125
2025-09-19 08:24:09 INFO     Epoch 906 [20/32]: loss = 3.0387191772460938, lr = 0.000125
2025-09-19 08:24:09 INFO     Epoch 906 [20/32]: loss = 3.0387191772460938, lr = 0.000125
2025-09-19 08:24:09 INFO     Epoch 906 [20/32]: loss = 3.0387191772460938, lr = 0.000125
2025-09-19 08:24:21 INFO     Epoch 906 [30/32]: loss = 2.935851573944092, lr = 0.000125
2025-09-19 08:24:21 INFO     Epoch 906 [30/32]: loss = 2.935851573944092, lr = 0.000125
2025-09-19 08:24:21 INFO     Epoch 906 [30/32]: loss = 2.935851573944092, lr = 0.000125
2025-09-19 08:24:21 INFO     Epoch 906 [30/32]: loss = 2.935851573944092, lr = 0.000125
2025-09-19 08:24:24 INFO     Epoch 907 [0/32]: loss = 3.0509510040283203, lr = 0.000125
2025-09-19 08:24:24 INFO     Epoch 907 [0/32]: loss = 3.0509510040283203, lr = 0.000125
2025-09-19 08:24:24 INFO     Epoch 907 [0/32]: loss = 3.0509510040283203, lr = 0.000125
2025-09-19 08:24:24 INFO     Epoch 907 [0/32]: loss = 3.0509510040283203, lr = 0.000125
2025-09-19 08:24:36 INFO     Epoch 907 [10/32]: loss = 2.944725513458252, lr = 0.000125
2025-09-19 08:24:36 INFO     Epoch 907 [10/32]: loss = 2.944725513458252, lr = 0.000125
2025-09-19 08:24:36 INFO     Epoch 907 [10/32]: loss = 2.944725513458252, lr = 0.000125
2025-09-19 08:24:36 INFO     Epoch 907 [10/32]: loss = 2.944725513458252, lr = 0.000125
2025-09-19 08:24:48 INFO     Epoch 907 [20/32]: loss = 2.9534566402435303, lr = 0.000125
2025-09-19 08:24:48 INFO     Epoch 907 [20/32]: loss = 2.9534566402435303, lr = 0.000125
2025-09-19 08:24:48 INFO     Epoch 907 [20/32]: loss = 2.9534566402435303, lr = 0.000125
2025-09-19 08:24:48 INFO     Epoch 907 [20/32]: loss = 2.9534566402435303, lr = 0.000125
2025-09-19 08:25:00 INFO     Epoch 907 [30/32]: loss = 2.914724111557007, lr = 0.000125
2025-09-19 08:25:00 INFO     Epoch 907 [30/32]: loss = 2.914724111557007, lr = 0.000125
2025-09-19 08:25:00 INFO     Epoch 907 [30/32]: loss = 2.914724111557007, lr = 0.000125
2025-09-19 08:25:00 INFO     Epoch 907 [30/32]: loss = 2.914724111557007, lr = 0.000125
2025-09-19 08:25:03 INFO     Epoch 908 [0/32]: loss = 2.955584764480591, lr = 0.000125
2025-09-19 08:25:03 INFO     Epoch 908 [0/32]: loss = 2.955584764480591, lr = 0.000125
2025-09-19 08:25:03 INFO     Epoch 908 [0/32]: loss = 2.955584764480591, lr = 0.000125
2025-09-19 08:25:03 INFO     Epoch 908 [0/32]: loss = 2.955584764480591, lr = 0.000125
2025-09-19 08:25:15 INFO     Epoch 908 [10/32]: loss = 2.9046237468719482, lr = 0.000125
2025-09-19 08:25:15 INFO     Epoch 908 [10/32]: loss = 2.9046237468719482, lr = 0.000125
2025-09-19 08:25:15 INFO     Epoch 908 [10/32]: loss = 2.9046237468719482, lr = 0.000125
2025-09-19 08:25:15 INFO     Epoch 908 [10/32]: loss = 2.9046237468719482, lr = 0.000125
2025-09-19 08:25:27 INFO     Epoch 908 [20/32]: loss = 2.8785369396209717, lr = 0.000125
2025-09-19 08:25:27 INFO     Epoch 908 [20/32]: loss = 2.8785369396209717, lr = 0.000125
2025-09-19 08:25:27 INFO     Epoch 908 [20/32]: loss = 2.8785369396209717, lr = 0.000125
2025-09-19 08:25:27 INFO     Epoch 908 [20/32]: loss = 2.8785369396209717, lr = 0.000125
2025-09-19 08:25:39 INFO     Epoch 908 [30/32]: loss = 2.896819591522217, lr = 0.000125
2025-09-19 08:25:39 INFO     Epoch 908 [30/32]: loss = 2.896819591522217, lr = 0.000125
2025-09-19 08:25:39 INFO     Epoch 908 [30/32]: loss = 2.896819591522217, lr = 0.000125
2025-09-19 08:25:39 INFO     Epoch 908 [30/32]: loss = 2.896819591522217, lr = 0.000125
2025-09-19 08:25:42 INFO     Epoch 909 [0/32]: loss = 2.8723928928375244, lr = 0.000125
2025-09-19 08:25:42 INFO     Epoch 909 [0/32]: loss = 2.8723928928375244, lr = 0.000125
2025-09-19 08:25:42 INFO     Epoch 909 [0/32]: loss = 2.8723928928375244, lr = 0.000125
2025-09-19 08:25:42 INFO     Epoch 909 [0/32]: loss = 2.8723928928375244, lr = 0.000125
2025-09-19 08:25:54 INFO     Epoch 909 [10/32]: loss = 2.8889145851135254, lr = 0.000125
2025-09-19 08:25:54 INFO     Epoch 909 [10/32]: loss = 2.8889145851135254, lr = 0.000125
2025-09-19 08:25:54 INFO     Epoch 909 [10/32]: loss = 2.8889145851135254, lr = 0.000125
2025-09-19 08:25:54 INFO     Epoch 909 [10/32]: loss = 2.8889145851135254, lr = 0.000125
2025-09-19 08:26:06 INFO     Epoch 909 [20/32]: loss = 2.8409345149993896, lr = 0.000125
2025-09-19 08:26:06 INFO     Epoch 909 [20/32]: loss = 2.8409345149993896, lr = 0.000125
2025-09-19 08:26:06 INFO     Epoch 909 [20/32]: loss = 2.8409345149993896, lr = 0.000125
2025-09-19 08:26:06 INFO     Epoch 909 [20/32]: loss = 2.8409345149993896, lr = 0.000125
2025-09-19 08:26:18 INFO     Epoch 909 [30/32]: loss = 2.909250020980835, lr = 0.000125
2025-09-19 08:26:18 INFO     Epoch 909 [30/32]: loss = 2.909250020980835, lr = 0.000125
2025-09-19 08:26:18 INFO     Epoch 909 [30/32]: loss = 2.909250020980835, lr = 0.000125
2025-09-19 08:26:18 INFO     Epoch 909 [30/32]: loss = 2.909250020980835, lr = 0.000125
2025-09-19 08:26:21 INFO     Epoch 910 [0/32]: loss = 2.8007771968841553, lr = 0.000125
2025-09-19 08:26:21 INFO     Epoch 910 [0/32]: loss = 2.8007771968841553, lr = 0.000125
2025-09-19 08:26:21 INFO     Epoch 910 [0/32]: loss = 2.8007771968841553, lr = 0.000125
2025-09-19 08:26:21 INFO     Epoch 910 [0/32]: loss = 2.8007771968841553, lr = 0.000125
2025-09-19 08:26:32 INFO     Epoch 910 [10/32]: loss = 2.8231611251831055, lr = 0.000125
2025-09-19 08:26:32 INFO     Epoch 910 [10/32]: loss = 2.8231611251831055, lr = 0.000125
2025-09-19 08:26:32 INFO     Epoch 910 [10/32]: loss = 2.8231611251831055, lr = 0.000125
2025-09-19 08:26:32 INFO     Epoch 910 [10/32]: loss = 2.8231611251831055, lr = 0.000125
2025-09-19 08:26:44 INFO     Epoch 910 [20/32]: loss = 2.73893666267395, lr = 0.000125
2025-09-19 08:26:44 INFO     Epoch 910 [20/32]: loss = 2.73893666267395, lr = 0.000125
2025-09-19 08:26:44 INFO     Epoch 910 [20/32]: loss = 2.73893666267395, lr = 0.000125
2025-09-19 08:26:44 INFO     Epoch 910 [20/32]: loss = 2.73893666267395, lr = 0.000125
2025-09-19 08:26:56 INFO     Epoch 910 [30/32]: loss = 2.7575650215148926, lr = 0.000125
2025-09-19 08:26:56 INFO     Epoch 910 [30/32]: loss = 2.7575650215148926, lr = 0.000125
2025-09-19 08:26:56 INFO     Epoch 910 [30/32]: loss = 2.7575650215148926, lr = 0.000125
2025-09-19 08:26:56 INFO     Epoch 910 [30/32]: loss = 2.7575650215148926, lr = 0.000125
2025-09-19 08:26:59 INFO     Epoch 911 [0/32]: loss = 2.7956690788269043, lr = 0.000125
2025-09-19 08:26:59 INFO     Epoch 911 [0/32]: loss = 2.7956690788269043, lr = 0.000125
2025-09-19 08:26:59 INFO     Epoch 911 [0/32]: loss = 2.7956690788269043, lr = 0.000125
2025-09-19 08:26:59 INFO     Epoch 911 [0/32]: loss = 2.7956690788269043, lr = 0.000125
2025-09-19 08:27:11 INFO     Epoch 911 [10/32]: loss = 2.8709888458251953, lr = 0.000125
2025-09-19 08:27:11 INFO     Epoch 911 [10/32]: loss = 2.8709888458251953, lr = 0.000125
2025-09-19 08:27:11 INFO     Epoch 911 [10/32]: loss = 2.8709888458251953, lr = 0.000125
2025-09-19 08:27:11 INFO     Epoch 911 [10/32]: loss = 2.8709888458251953, lr = 0.000125
2025-09-19 08:27:23 INFO     Epoch 911 [20/32]: loss = 2.799975872039795, lr = 0.000125
2025-09-19 08:27:23 INFO     Epoch 911 [20/32]: loss = 2.799975872039795, lr = 0.000125
2025-09-19 08:27:23 INFO     Epoch 911 [20/32]: loss = 2.799975872039795, lr = 0.000125
2025-09-19 08:27:23 INFO     Epoch 911 [20/32]: loss = 2.799975872039795, lr = 0.000125
2025-09-19 08:27:35 INFO     Epoch 911 [30/32]: loss = 2.659418821334839, lr = 0.000125
2025-09-19 08:27:35 INFO     Epoch 911 [30/32]: loss = 2.659418821334839, lr = 0.000125
2025-09-19 08:27:35 INFO     Epoch 911 [30/32]: loss = 2.659418821334839, lr = 0.000125
2025-09-19 08:27:35 INFO     Epoch 911 [30/32]: loss = 2.659418821334839, lr = 0.000125
2025-09-19 08:27:38 INFO     Epoch 912 [0/32]: loss = 2.631633758544922, lr = 0.000125
2025-09-19 08:27:38 INFO     Epoch 912 [0/32]: loss = 2.631633758544922, lr = 0.000125
2025-09-19 08:27:38 INFO     Epoch 912 [0/32]: loss = 2.631633758544922, lr = 0.000125
2025-09-19 08:27:38 INFO     Epoch 912 [0/32]: loss = 2.631633758544922, lr = 0.000125
2025-09-19 08:27:50 INFO     Epoch 912 [10/32]: loss = 2.6825361251831055, lr = 0.000125
2025-09-19 08:27:50 INFO     Epoch 912 [10/32]: loss = 2.6825361251831055, lr = 0.000125
2025-09-19 08:27:50 INFO     Epoch 912 [10/32]: loss = 2.6825361251831055, lr = 0.000125
2025-09-19 08:27:50 INFO     Epoch 912 [10/32]: loss = 2.6825361251831055, lr = 0.000125
2025-09-19 08:28:02 INFO     Epoch 912 [20/32]: loss = 2.5725624561309814, lr = 0.000125
2025-09-19 08:28:02 INFO     Epoch 912 [20/32]: loss = 2.5725624561309814, lr = 0.000125
2025-09-19 08:28:02 INFO     Epoch 912 [20/32]: loss = 2.5725624561309814, lr = 0.000125
2025-09-19 08:28:02 INFO     Epoch 912 [20/32]: loss = 2.5725624561309814, lr = 0.000125
2025-09-19 08:28:14 INFO     Epoch 912 [30/32]: loss = 2.6632590293884277, lr = 0.000125
2025-09-19 08:28:14 INFO     Epoch 912 [30/32]: loss = 2.6632590293884277, lr = 0.000125
2025-09-19 08:28:14 INFO     Epoch 912 [30/32]: loss = 2.6632590293884277, lr = 0.000125
2025-09-19 08:28:14 INFO     Epoch 912 [30/32]: loss = 2.6632590293884277, lr = 0.000125
2025-09-19 08:28:17 INFO     Epoch 913 [0/32]: loss = 2.659738540649414, lr = 0.000125
2025-09-19 08:28:17 INFO     Epoch 913 [0/32]: loss = 2.659738540649414, lr = 0.000125
2025-09-19 08:28:17 INFO     Epoch 913 [0/32]: loss = 2.659738540649414, lr = 0.000125
2025-09-19 08:28:17 INFO     Epoch 913 [0/32]: loss = 2.659738540649414, lr = 0.000125
2025-09-19 08:28:29 INFO     Epoch 913 [10/32]: loss = 2.6360816955566406, lr = 0.000125
2025-09-19 08:28:29 INFO     Epoch 913 [10/32]: loss = 2.6360816955566406, lr = 0.000125
2025-09-19 08:28:29 INFO     Epoch 913 [10/32]: loss = 2.6360816955566406, lr = 0.000125
2025-09-19 08:28:29 INFO     Epoch 913 [10/32]: loss = 2.6360816955566406, lr = 0.000125
2025-09-19 08:28:41 INFO     Epoch 913 [20/32]: loss = 2.56769061088562, lr = 0.000125
2025-09-19 08:28:41 INFO     Epoch 913 [20/32]: loss = 2.56769061088562, lr = 0.000125
2025-09-19 08:28:41 INFO     Epoch 913 [20/32]: loss = 2.56769061088562, lr = 0.000125
2025-09-19 08:28:41 INFO     Epoch 913 [20/32]: loss = 2.56769061088562, lr = 0.000125
2025-09-19 08:28:53 INFO     Epoch 913 [30/32]: loss = 2.556687831878662, lr = 0.000125
2025-09-19 08:28:53 INFO     Epoch 913 [30/32]: loss = 2.556687831878662, lr = 0.000125
2025-09-19 08:28:53 INFO     Epoch 913 [30/32]: loss = 2.556687831878662, lr = 0.000125
2025-09-19 08:28:53 INFO     Epoch 913 [30/32]: loss = 2.556687831878662, lr = 0.000125
2025-09-19 08:28:56 INFO     Epoch 914 [0/32]: loss = 2.51701283454895, lr = 0.000125
2025-09-19 08:28:56 INFO     Epoch 914 [0/32]: loss = 2.51701283454895, lr = 0.000125
2025-09-19 08:28:56 INFO     Epoch 914 [0/32]: loss = 2.51701283454895, lr = 0.000125
2025-09-19 08:28:56 INFO     Epoch 914 [0/32]: loss = 2.51701283454895, lr = 0.000125
2025-09-19 08:29:08 INFO     Epoch 914 [10/32]: loss = 2.5597658157348633, lr = 0.000125
2025-09-19 08:29:08 INFO     Epoch 914 [10/32]: loss = 2.5597658157348633, lr = 0.000125
2025-09-19 08:29:08 INFO     Epoch 914 [10/32]: loss = 2.5597658157348633, lr = 0.000125
2025-09-19 08:29:08 INFO     Epoch 914 [10/32]: loss = 2.5597658157348633, lr = 0.000125
2025-09-19 08:29:20 INFO     Epoch 914 [20/32]: loss = 2.5277175903320312, lr = 0.000125
2025-09-19 08:29:20 INFO     Epoch 914 [20/32]: loss = 2.5277175903320312, lr = 0.000125
2025-09-19 08:29:20 INFO     Epoch 914 [20/32]: loss = 2.5277175903320312, lr = 0.000125
2025-09-19 08:29:20 INFO     Epoch 914 [20/32]: loss = 2.5277175903320312, lr = 0.000125
2025-09-19 08:29:31 INFO     Epoch 914 [30/32]: loss = 2.6045236587524414, lr = 0.000125
2025-09-19 08:29:31 INFO     Epoch 914 [30/32]: loss = 2.6045236587524414, lr = 0.000125
2025-09-19 08:29:31 INFO     Epoch 914 [30/32]: loss = 2.6045236587524414, lr = 0.000125
2025-09-19 08:29:31 INFO     Epoch 914 [30/32]: loss = 2.6045236587524414, lr = 0.000125
2025-09-19 08:29:35 INFO     Epoch 915 [0/32]: loss = 2.471621036529541, lr = 0.000125
2025-09-19 08:29:35 INFO     Epoch 915 [0/32]: loss = 2.471621036529541, lr = 0.000125
2025-09-19 08:29:35 INFO     Epoch 915 [0/32]: loss = 2.471621036529541, lr = 0.000125
2025-09-19 08:29:35 INFO     Epoch 915 [0/32]: loss = 2.471621036529541, lr = 0.000125
2025-09-19 08:29:46 INFO     Epoch 915 [10/32]: loss = 2.334012269973755, lr = 0.000125
2025-09-19 08:29:46 INFO     Epoch 915 [10/32]: loss = 2.334012269973755, lr = 0.000125
2025-09-19 08:29:46 INFO     Epoch 915 [10/32]: loss = 2.334012269973755, lr = 0.000125
2025-09-19 08:29:46 INFO     Epoch 915 [10/32]: loss = 2.334012269973755, lr = 0.000125
2025-09-19 08:29:58 INFO     Epoch 915 [20/32]: loss = 2.431654453277588, lr = 0.000125
2025-09-19 08:29:58 INFO     Epoch 915 [20/32]: loss = 2.431654453277588, lr = 0.000125
2025-09-19 08:29:58 INFO     Epoch 915 [20/32]: loss = 2.431654453277588, lr = 0.000125
2025-09-19 08:29:58 INFO     Epoch 915 [20/32]: loss = 2.431654453277588, lr = 0.000125
2025-09-19 08:30:10 INFO     Epoch 915 [30/32]: loss = 2.503659725189209, lr = 0.000125
2025-09-19 08:30:10 INFO     Epoch 915 [30/32]: loss = 2.503659725189209, lr = 0.000125
2025-09-19 08:30:10 INFO     Epoch 915 [30/32]: loss = 2.503659725189209, lr = 0.000125
2025-09-19 08:30:10 INFO     Epoch 915 [30/32]: loss = 2.503659725189209, lr = 0.000125
2025-09-19 08:30:13 INFO     Epoch 916 [0/32]: loss = 2.2988696098327637, lr = 0.000125
2025-09-19 08:30:13 INFO     Epoch 916 [0/32]: loss = 2.2988696098327637, lr = 0.000125
2025-09-19 08:30:13 INFO     Epoch 916 [0/32]: loss = 2.2988696098327637, lr = 0.000125
2025-09-19 08:30:13 INFO     Epoch 916 [0/32]: loss = 2.2988696098327637, lr = 0.000125
2025-09-19 08:30:25 INFO     Epoch 916 [10/32]: loss = 2.4211201667785645, lr = 0.000125
2025-09-19 08:30:25 INFO     Epoch 916 [10/32]: loss = 2.4211201667785645, lr = 0.000125
2025-09-19 08:30:25 INFO     Epoch 916 [10/32]: loss = 2.4211201667785645, lr = 0.000125
2025-09-19 08:30:25 INFO     Epoch 916 [10/32]: loss = 2.4211201667785645, lr = 0.000125
2025-09-19 08:30:37 INFO     Epoch 916 [20/32]: loss = 2.371412992477417, lr = 0.000125
2025-09-19 08:30:37 INFO     Epoch 916 [20/32]: loss = 2.371412992477417, lr = 0.000125
2025-09-19 08:30:37 INFO     Epoch 916 [20/32]: loss = 2.371412992477417, lr = 0.000125
2025-09-19 08:30:37 INFO     Epoch 916 [20/32]: loss = 2.371412992477417, lr = 0.000125
2025-09-19 08:30:49 INFO     Epoch 916 [30/32]: loss = 2.4439496994018555, lr = 0.000125
2025-09-19 08:30:49 INFO     Epoch 916 [30/32]: loss = 2.4439496994018555, lr = 0.000125
2025-09-19 08:30:49 INFO     Epoch 916 [30/32]: loss = 2.4439496994018555, lr = 0.000125
2025-09-19 08:30:49 INFO     Epoch 916 [30/32]: loss = 2.4439496994018555, lr = 0.000125
2025-09-19 08:30:52 INFO     Epoch 917 [0/32]: loss = 2.3074588775634766, lr = 0.000125
2025-09-19 08:30:52 INFO     Epoch 917 [0/32]: loss = 2.3074588775634766, lr = 0.000125
2025-09-19 08:30:52 INFO     Epoch 917 [0/32]: loss = 2.3074588775634766, lr = 0.000125
2025-09-19 08:30:52 INFO     Epoch 917 [0/32]: loss = 2.3074588775634766, lr = 0.000125
2025-09-19 08:31:04 INFO     Epoch 917 [10/32]: loss = 2.340791702270508, lr = 0.000125
2025-09-19 08:31:04 INFO     Epoch 917 [10/32]: loss = 2.340791702270508, lr = 0.000125
2025-09-19 08:31:04 INFO     Epoch 917 [10/32]: loss = 2.340791702270508, lr = 0.000125
2025-09-19 08:31:04 INFO     Epoch 917 [10/32]: loss = 2.340791702270508, lr = 0.000125
2025-09-19 08:31:16 INFO     Epoch 917 [20/32]: loss = 2.3317184448242188, lr = 0.000125
2025-09-19 08:31:16 INFO     Epoch 917 [20/32]: loss = 2.3317184448242188, lr = 0.000125
2025-09-19 08:31:16 INFO     Epoch 917 [20/32]: loss = 2.3317184448242188, lr = 0.000125
2025-09-19 08:31:16 INFO     Epoch 917 [20/32]: loss = 2.3317184448242188, lr = 0.000125
2025-09-19 08:31:28 INFO     Epoch 917 [30/32]: loss = 2.3939194679260254, lr = 0.000125
2025-09-19 08:31:28 INFO     Epoch 917 [30/32]: loss = 2.3939194679260254, lr = 0.000125
2025-09-19 08:31:28 INFO     Epoch 917 [30/32]: loss = 2.3939194679260254, lr = 0.000125
2025-09-19 08:31:28 INFO     Epoch 917 [30/32]: loss = 2.3939194679260254, lr = 0.000125
2025-09-19 08:31:31 INFO     Epoch 918 [0/32]: loss = 2.3327465057373047, lr = 0.000125
2025-09-19 08:31:31 INFO     Epoch 918 [0/32]: loss = 2.3327465057373047, lr = 0.000125
2025-09-19 08:31:31 INFO     Epoch 918 [0/32]: loss = 2.3327465057373047, lr = 0.000125
2025-09-19 08:31:31 INFO     Epoch 918 [0/32]: loss = 2.3327465057373047, lr = 0.000125
2025-09-19 08:31:43 INFO     Epoch 918 [10/32]: loss = 2.284172534942627, lr = 0.000125
2025-09-19 08:31:43 INFO     Epoch 918 [10/32]: loss = 2.284172534942627, lr = 0.000125
2025-09-19 08:31:43 INFO     Epoch 918 [10/32]: loss = 2.284172534942627, lr = 0.000125
2025-09-19 08:31:43 INFO     Epoch 918 [10/32]: loss = 2.284172534942627, lr = 0.000125
2025-09-19 08:31:55 INFO     Epoch 918 [20/32]: loss = 2.316842794418335, lr = 0.000125
2025-09-19 08:31:55 INFO     Epoch 918 [20/32]: loss = 2.316842794418335, lr = 0.000125
2025-09-19 08:31:55 INFO     Epoch 918 [20/32]: loss = 2.316842794418335, lr = 0.000125
2025-09-19 08:31:55 INFO     Epoch 918 [20/32]: loss = 2.316842794418335, lr = 0.000125
2025-09-19 08:32:07 INFO     Epoch 918 [30/32]: loss = 2.301149368286133, lr = 0.000125
2025-09-19 08:32:07 INFO     Epoch 918 [30/32]: loss = 2.301149368286133, lr = 0.000125
2025-09-19 08:32:07 INFO     Epoch 918 [30/32]: loss = 2.301149368286133, lr = 0.000125
2025-09-19 08:32:07 INFO     Epoch 918 [30/32]: loss = 2.301149368286133, lr = 0.000125
2025-09-19 08:32:10 INFO     Epoch 919 [0/32]: loss = 2.388082504272461, lr = 0.000125
2025-09-19 08:32:10 INFO     Epoch 919 [0/32]: loss = 2.388082504272461, lr = 0.000125
2025-09-19 08:32:10 INFO     Epoch 919 [0/32]: loss = 2.388082504272461, lr = 0.000125
2025-09-19 08:32:10 INFO     Epoch 919 [0/32]: loss = 2.388082504272461, lr = 0.000125
2025-09-19 08:32:22 INFO     Epoch 919 [10/32]: loss = 2.2732994556427, lr = 0.000125
2025-09-19 08:32:22 INFO     Epoch 919 [10/32]: loss = 2.2732994556427, lr = 0.000125
2025-09-19 08:32:22 INFO     Epoch 919 [10/32]: loss = 2.2732994556427, lr = 0.000125
2025-09-19 08:32:22 INFO     Epoch 919 [10/32]: loss = 2.2732994556427, lr = 0.000125
2025-09-19 08:32:34 INFO     Epoch 919 [20/32]: loss = 2.1331613063812256, lr = 0.000125
2025-09-19 08:32:34 INFO     Epoch 919 [20/32]: loss = 2.1331613063812256, lr = 0.000125
2025-09-19 08:32:34 INFO     Epoch 919 [20/32]: loss = 2.1331613063812256, lr = 0.000125
2025-09-19 08:32:34 INFO     Epoch 919 [20/32]: loss = 2.1331613063812256, lr = 0.000125
2025-09-19 08:32:45 INFO     Epoch 919 [30/32]: loss = 2.1526694297790527, lr = 0.000125
2025-09-19 08:32:45 INFO     Epoch 919 [30/32]: loss = 2.1526694297790527, lr = 0.000125
2025-09-19 08:32:45 INFO     Epoch 919 [30/32]: loss = 2.1526694297790527, lr = 0.000125
2025-09-19 08:32:45 INFO     Epoch 919 [30/32]: loss = 2.1526694297790527, lr = 0.000125
2025-09-19 08:32:49 INFO     Epoch 920 [0/32]: loss = 2.2861979007720947, lr = 0.000125
2025-09-19 08:32:49 INFO     Epoch 920 [0/32]: loss = 2.2861979007720947, lr = 0.000125
2025-09-19 08:32:49 INFO     Epoch 920 [0/32]: loss = 2.2861979007720947, lr = 0.000125
2025-09-19 08:32:49 INFO     Epoch 920 [0/32]: loss = 2.2861979007720947, lr = 0.000125
2025-09-19 08:33:00 INFO     Epoch 920 [10/32]: loss = 2.188229560852051, lr = 0.000125
2025-09-19 08:33:00 INFO     Epoch 920 [10/32]: loss = 2.188229560852051, lr = 0.000125
2025-09-19 08:33:00 INFO     Epoch 920 [10/32]: loss = 2.188229560852051, lr = 0.000125
2025-09-19 08:33:00 INFO     Epoch 920 [10/32]: loss = 2.188229560852051, lr = 0.000125
2025-09-19 08:33:12 INFO     Epoch 920 [20/32]: loss = 2.1796321868896484, lr = 0.000125
2025-09-19 08:33:12 INFO     Epoch 920 [20/32]: loss = 2.1796321868896484, lr = 0.000125
2025-09-19 08:33:12 INFO     Epoch 920 [20/32]: loss = 2.1796321868896484, lr = 0.000125
2025-09-19 08:33:12 INFO     Epoch 920 [20/32]: loss = 2.1796321868896484, lr = 0.000125
2025-09-19 08:33:24 INFO     Epoch 920 [30/32]: loss = 2.1011664867401123, lr = 0.000125
2025-09-19 08:33:24 INFO     Epoch 920 [30/32]: loss = 2.1011664867401123, lr = 0.000125
2025-09-19 08:33:24 INFO     Epoch 920 [30/32]: loss = 2.1011664867401123, lr = 0.000125
2025-09-19 08:33:24 INFO     Epoch 920 [30/32]: loss = 2.1011664867401123, lr = 0.000125
2025-09-19 08:33:27 INFO     Epoch 921 [0/32]: loss = 2.161471128463745, lr = 0.000125
2025-09-19 08:33:27 INFO     Epoch 921 [0/32]: loss = 2.161471128463745, lr = 0.000125
2025-09-19 08:33:27 INFO     Epoch 921 [0/32]: loss = 2.161471128463745, lr = 0.000125
2025-09-19 08:33:27 INFO     Epoch 921 [0/32]: loss = 2.161471128463745, lr = 0.000125
2025-09-19 08:33:39 INFO     Epoch 921 [10/32]: loss = 2.0667362213134766, lr = 0.000125
2025-09-19 08:33:39 INFO     Epoch 921 [10/32]: loss = 2.0667362213134766, lr = 0.000125
2025-09-19 08:33:39 INFO     Epoch 921 [10/32]: loss = 2.0667362213134766, lr = 0.000125
2025-09-19 08:33:39 INFO     Epoch 921 [10/32]: loss = 2.0667362213134766, lr = 0.000125
2025-09-19 08:33:51 INFO     Epoch 921 [20/32]: loss = 2.1648831367492676, lr = 0.000125
2025-09-19 08:33:51 INFO     Epoch 921 [20/32]: loss = 2.1648831367492676, lr = 0.000125
2025-09-19 08:33:51 INFO     Epoch 921 [20/32]: loss = 2.1648831367492676, lr = 0.000125
2025-09-19 08:33:51 INFO     Epoch 921 [20/32]: loss = 2.1648831367492676, lr = 0.000125
2025-09-19 08:34:03 INFO     Epoch 921 [30/32]: loss = 1.9616817235946655, lr = 0.000125
2025-09-19 08:34:03 INFO     Epoch 921 [30/32]: loss = 1.9616817235946655, lr = 0.000125
2025-09-19 08:34:03 INFO     Epoch 921 [30/32]: loss = 1.9616817235946655, lr = 0.000125
2025-09-19 08:34:03 INFO     Epoch 921 [30/32]: loss = 1.9616817235946655, lr = 0.000125
2025-09-19 08:34:06 INFO     Epoch 922 [0/32]: loss = 2.0258541107177734, lr = 0.000125
2025-09-19 08:34:06 INFO     Epoch 922 [0/32]: loss = 2.0258541107177734, lr = 0.000125
2025-09-19 08:34:06 INFO     Epoch 922 [0/32]: loss = 2.0258541107177734, lr = 0.000125
2025-09-19 08:34:06 INFO     Epoch 922 [0/32]: loss = 2.0258541107177734, lr = 0.000125
2025-09-19 08:34:18 INFO     Epoch 922 [10/32]: loss = 2.0418918132781982, lr = 0.000125
2025-09-19 08:34:18 INFO     Epoch 922 [10/32]: loss = 2.0418918132781982, lr = 0.000125
2025-09-19 08:34:18 INFO     Epoch 922 [10/32]: loss = 2.0418918132781982, lr = 0.000125
2025-09-19 08:34:18 INFO     Epoch 922 [10/32]: loss = 2.0418918132781982, lr = 0.000125
2025-09-19 08:34:30 INFO     Epoch 922 [20/32]: loss = 2.030379295349121, lr = 0.000125
2025-09-19 08:34:30 INFO     Epoch 922 [20/32]: loss = 2.030379295349121, lr = 0.000125
2025-09-19 08:34:30 INFO     Epoch 922 [20/32]: loss = 2.030379295349121, lr = 0.000125
2025-09-19 08:34:30 INFO     Epoch 922 [20/32]: loss = 2.030379295349121, lr = 0.000125
2025-09-19 08:34:42 INFO     Epoch 922 [30/32]: loss = 2.022672176361084, lr = 0.000125
2025-09-19 08:34:42 INFO     Epoch 922 [30/32]: loss = 2.022672176361084, lr = 0.000125
2025-09-19 08:34:42 INFO     Epoch 922 [30/32]: loss = 2.022672176361084, lr = 0.000125
2025-09-19 08:34:42 INFO     Epoch 922 [30/32]: loss = 2.022672176361084, lr = 0.000125
2025-09-19 08:34:45 INFO     Epoch 923 [0/32]: loss = 2.0407166481018066, lr = 0.000125
2025-09-19 08:34:45 INFO     Epoch 923 [0/32]: loss = 2.0407166481018066, lr = 0.000125
2025-09-19 08:34:45 INFO     Epoch 923 [0/32]: loss = 2.0407166481018066, lr = 0.000125
2025-09-19 08:34:45 INFO     Epoch 923 [0/32]: loss = 2.0407166481018066, lr = 0.000125
2025-09-19 08:34:57 INFO     Epoch 923 [10/32]: loss = 1.9244719743728638, lr = 0.000125
2025-09-19 08:34:57 INFO     Epoch 923 [10/32]: loss = 1.9244719743728638, lr = 0.000125
2025-09-19 08:34:57 INFO     Epoch 923 [10/32]: loss = 1.9244719743728638, lr = 0.000125
2025-09-19 08:34:57 INFO     Epoch 923 [10/32]: loss = 1.9244719743728638, lr = 0.000125
2025-09-19 08:35:08 INFO     Epoch 923 [20/32]: loss = 1.9107404947280884, lr = 0.000125
2025-09-19 08:35:08 INFO     Epoch 923 [20/32]: loss = 1.9107404947280884, lr = 0.000125
2025-09-19 08:35:08 INFO     Epoch 923 [20/32]: loss = 1.9107404947280884, lr = 0.000125
2025-09-19 08:35:08 INFO     Epoch 923 [20/32]: loss = 1.9107404947280884, lr = 0.000125
2025-09-19 08:35:20 INFO     Epoch 923 [30/32]: loss = 1.9148443937301636, lr = 0.000125
2025-09-19 08:35:20 INFO     Epoch 923 [30/32]: loss = 1.9148443937301636, lr = 0.000125
2025-09-19 08:35:20 INFO     Epoch 923 [30/32]: loss = 1.9148443937301636, lr = 0.000125
2025-09-19 08:35:20 INFO     Epoch 923 [30/32]: loss = 1.9148443937301636, lr = 0.000125
2025-09-19 08:35:23 INFO     Epoch 924 [0/32]: loss = 1.9387574195861816, lr = 0.000125
2025-09-19 08:35:23 INFO     Epoch 924 [0/32]: loss = 1.9387574195861816, lr = 0.000125
2025-09-19 08:35:23 INFO     Epoch 924 [0/32]: loss = 1.9387574195861816, lr = 0.000125
2025-09-19 08:35:23 INFO     Epoch 924 [0/32]: loss = 1.9387574195861816, lr = 0.000125
2025-09-19 08:35:35 INFO     Epoch 924 [10/32]: loss = 1.9544109106063843, lr = 0.000125
2025-09-19 08:35:35 INFO     Epoch 924 [10/32]: loss = 1.9544109106063843, lr = 0.000125
2025-09-19 08:35:35 INFO     Epoch 924 [10/32]: loss = 1.9544109106063843, lr = 0.000125
2025-09-19 08:35:35 INFO     Epoch 924 [10/32]: loss = 1.9544109106063843, lr = 0.000125
2025-09-19 08:35:47 INFO     Epoch 924 [20/32]: loss = 1.9193180799484253, lr = 0.000125
2025-09-19 08:35:47 INFO     Epoch 924 [20/32]: loss = 1.9193180799484253, lr = 0.000125
2025-09-19 08:35:47 INFO     Epoch 924 [20/32]: loss = 1.9193180799484253, lr = 0.000125
2025-09-19 08:35:47 INFO     Epoch 924 [20/32]: loss = 1.9193180799484253, lr = 0.000125
2025-09-19 08:35:59 INFO     Epoch 924 [30/32]: loss = 1.859231948852539, lr = 0.000125
2025-09-19 08:35:59 INFO     Epoch 924 [30/32]: loss = 1.859231948852539, lr = 0.000125
2025-09-19 08:35:59 INFO     Epoch 924 [30/32]: loss = 1.859231948852539, lr = 0.000125
2025-09-19 08:35:59 INFO     Epoch 924 [30/32]: loss = 1.859231948852539, lr = 0.000125
2025-09-19 08:36:02 INFO     Epoch 925 [0/32]: loss = 1.9326049089431763, lr = 0.000125
2025-09-19 08:36:02 INFO     Epoch 925 [0/32]: loss = 1.9326049089431763, lr = 0.000125
2025-09-19 08:36:02 INFO     Epoch 925 [0/32]: loss = 1.9326049089431763, lr = 0.000125
2025-09-19 08:36:02 INFO     Epoch 925 [0/32]: loss = 1.9326049089431763, lr = 0.000125
2025-09-19 08:36:14 INFO     Epoch 925 [10/32]: loss = 1.9038479328155518, lr = 0.000125
2025-09-19 08:36:14 INFO     Epoch 925 [10/32]: loss = 1.9038479328155518, lr = 0.000125
2025-09-19 08:36:14 INFO     Epoch 925 [10/32]: loss = 1.9038479328155518, lr = 0.000125
2025-09-19 08:36:14 INFO     Epoch 925 [10/32]: loss = 1.9038479328155518, lr = 0.000125
2025-09-19 08:36:26 INFO     Epoch 925 [20/32]: loss = 1.9324387311935425, lr = 0.000125
2025-09-19 08:36:26 INFO     Epoch 925 [20/32]: loss = 1.9324387311935425, lr = 0.000125
2025-09-19 08:36:26 INFO     Epoch 925 [20/32]: loss = 1.9324387311935425, lr = 0.000125
2025-09-19 08:36:26 INFO     Epoch 925 [20/32]: loss = 1.9324387311935425, lr = 0.000125
2025-09-19 08:36:38 INFO     Epoch 925 [30/32]: loss = 1.9219989776611328, lr = 0.000125
2025-09-19 08:36:38 INFO     Epoch 925 [30/32]: loss = 1.9219989776611328, lr = 0.000125
2025-09-19 08:36:38 INFO     Epoch 925 [30/32]: loss = 1.9219989776611328, lr = 0.000125
2025-09-19 08:36:38 INFO     Epoch 925 [30/32]: loss = 1.9219989776611328, lr = 0.000125
2025-09-19 08:36:41 INFO     Epoch 926 [0/32]: loss = 1.8742755651474, lr = 0.000125
2025-09-19 08:36:41 INFO     Epoch 926 [0/32]: loss = 1.8742755651474, lr = 0.000125
2025-09-19 08:36:41 INFO     Epoch 926 [0/32]: loss = 1.8742755651474, lr = 0.000125
2025-09-19 08:36:41 INFO     Epoch 926 [0/32]: loss = 1.8742755651474, lr = 0.000125
2025-09-19 08:36:53 INFO     Epoch 926 [10/32]: loss = 1.8118765354156494, lr = 0.000125
2025-09-19 08:36:53 INFO     Epoch 926 [10/32]: loss = 1.8118765354156494, lr = 0.000125
2025-09-19 08:36:53 INFO     Epoch 926 [10/32]: loss = 1.8118765354156494, lr = 0.000125
2025-09-19 08:36:53 INFO     Epoch 926 [10/32]: loss = 1.8118765354156494, lr = 0.000125
2025-09-19 08:37:05 INFO     Epoch 926 [20/32]: loss = 1.8372528553009033, lr = 0.000125
2025-09-19 08:37:05 INFO     Epoch 926 [20/32]: loss = 1.8372528553009033, lr = 0.000125
2025-09-19 08:37:05 INFO     Epoch 926 [20/32]: loss = 1.8372528553009033, lr = 0.000125
2025-09-19 08:37:05 INFO     Epoch 926 [20/32]: loss = 1.8372528553009033, lr = 0.000125
2025-09-19 08:37:17 INFO     Epoch 926 [30/32]: loss = 1.8821829557418823, lr = 0.000125
2025-09-19 08:37:17 INFO     Epoch 926 [30/32]: loss = 1.8821829557418823, lr = 0.000125
2025-09-19 08:37:17 INFO     Epoch 926 [30/32]: loss = 1.8821829557418823, lr = 0.000125
2025-09-19 08:37:17 INFO     Epoch 926 [30/32]: loss = 1.8821829557418823, lr = 0.000125
2025-09-19 08:37:20 INFO     Epoch 927 [0/32]: loss = 1.7424919605255127, lr = 0.000125
2025-09-19 08:37:20 INFO     Epoch 927 [0/32]: loss = 1.7424919605255127, lr = 0.000125
2025-09-19 08:37:20 INFO     Epoch 927 [0/32]: loss = 1.7424919605255127, lr = 0.000125
2025-09-19 08:37:20 INFO     Epoch 927 [0/32]: loss = 1.7424919605255127, lr = 0.000125
2025-09-19 08:37:32 INFO     Epoch 927 [10/32]: loss = 1.7284319400787354, lr = 0.000125
2025-09-19 08:37:32 INFO     Epoch 927 [10/32]: loss = 1.7284319400787354, lr = 0.000125
2025-09-19 08:37:32 INFO     Epoch 927 [10/32]: loss = 1.7284319400787354, lr = 0.000125
2025-09-19 08:37:32 INFO     Epoch 927 [10/32]: loss = 1.7284319400787354, lr = 0.000125
2025-09-19 08:37:44 INFO     Epoch 927 [20/32]: loss = 1.7319409847259521, lr = 0.000125
2025-09-19 08:37:44 INFO     Epoch 927 [20/32]: loss = 1.7319409847259521, lr = 0.000125
2025-09-19 08:37:44 INFO     Epoch 927 [20/32]: loss = 1.7319409847259521, lr = 0.000125
2025-09-19 08:37:44 INFO     Epoch 927 [20/32]: loss = 1.7319409847259521, lr = 0.000125
2025-09-19 08:37:56 INFO     Epoch 927 [30/32]: loss = 1.7825000286102295, lr = 0.000125
2025-09-19 08:37:56 INFO     Epoch 927 [30/32]: loss = 1.7825000286102295, lr = 0.000125
2025-09-19 08:37:56 INFO     Epoch 927 [30/32]: loss = 1.7825000286102295, lr = 0.000125
2025-09-19 08:37:56 INFO     Epoch 927 [30/32]: loss = 1.7825000286102295, lr = 0.000125
2025-09-19 08:37:59 INFO     Epoch 928 [0/32]: loss = 1.7730858325958252, lr = 0.000125
2025-09-19 08:37:59 INFO     Epoch 928 [0/32]: loss = 1.7730858325958252, lr = 0.000125
2025-09-19 08:37:59 INFO     Epoch 928 [0/32]: loss = 1.7730858325958252, lr = 0.000125
2025-09-19 08:37:59 INFO     Epoch 928 [0/32]: loss = 1.7730858325958252, lr = 0.000125
2025-09-19 08:38:11 INFO     Epoch 928 [10/32]: loss = 1.689903736114502, lr = 0.000125
2025-09-19 08:38:11 INFO     Epoch 928 [10/32]: loss = 1.689903736114502, lr = 0.000125
2025-09-19 08:38:11 INFO     Epoch 928 [10/32]: loss = 1.689903736114502, lr = 0.000125
2025-09-19 08:38:11 INFO     Epoch 928 [10/32]: loss = 1.689903736114502, lr = 0.000125
2025-09-19 08:38:22 INFO     Epoch 928 [20/32]: loss = 1.6247889995574951, lr = 0.000125
2025-09-19 08:38:22 INFO     Epoch 928 [20/32]: loss = 1.6247889995574951, lr = 0.000125
2025-09-19 08:38:22 INFO     Epoch 928 [20/32]: loss = 1.6247889995574951, lr = 0.000125
2025-09-19 08:38:22 INFO     Epoch 928 [20/32]: loss = 1.6247889995574951, lr = 0.000125
2025-09-19 08:38:34 INFO     Epoch 928 [30/32]: loss = 1.6484642028808594, lr = 0.000125
2025-09-19 08:38:34 INFO     Epoch 928 [30/32]: loss = 1.6484642028808594, lr = 0.000125
2025-09-19 08:38:34 INFO     Epoch 928 [30/32]: loss = 1.6484642028808594, lr = 0.000125
2025-09-19 08:38:34 INFO     Epoch 928 [30/32]: loss = 1.6484642028808594, lr = 0.000125
2025-09-19 08:38:37 INFO     Epoch 929 [0/32]: loss = 1.732734203338623, lr = 0.000125
2025-09-19 08:38:37 INFO     Epoch 929 [0/32]: loss = 1.732734203338623, lr = 0.000125
2025-09-19 08:38:37 INFO     Epoch 929 [0/32]: loss = 1.732734203338623, lr = 0.000125
2025-09-19 08:38:37 INFO     Epoch 929 [0/32]: loss = 1.732734203338623, lr = 0.000125
2025-09-19 08:38:49 INFO     Epoch 929 [10/32]: loss = 1.7347774505615234, lr = 0.000125
2025-09-19 08:38:49 INFO     Epoch 929 [10/32]: loss = 1.7347774505615234, lr = 0.000125
2025-09-19 08:38:49 INFO     Epoch 929 [10/32]: loss = 1.7347774505615234, lr = 0.000125
2025-09-19 08:38:49 INFO     Epoch 929 [10/32]: loss = 1.7347774505615234, lr = 0.000125
2025-09-19 08:39:01 INFO     Epoch 929 [20/32]: loss = 1.7504165172576904, lr = 0.000125
2025-09-19 08:39:01 INFO     Epoch 929 [20/32]: loss = 1.7504165172576904, lr = 0.000125
2025-09-19 08:39:01 INFO     Epoch 929 [20/32]: loss = 1.7504165172576904, lr = 0.000125
2025-09-19 08:39:01 INFO     Epoch 929 [20/32]: loss = 1.7504165172576904, lr = 0.000125
2025-09-19 08:39:13 INFO     Epoch 929 [30/32]: loss = 1.6904301643371582, lr = 0.000125
2025-09-19 08:39:13 INFO     Epoch 929 [30/32]: loss = 1.6904301643371582, lr = 0.000125
2025-09-19 08:39:13 INFO     Epoch 929 [30/32]: loss = 1.6904301643371582, lr = 0.000125
2025-09-19 08:39:13 INFO     Epoch 929 [30/32]: loss = 1.6904301643371582, lr = 0.000125
2025-09-19 08:39:16 INFO     Epoch 930 [0/32]: loss = 1.7086279392242432, lr = 0.000125
2025-09-19 08:39:16 INFO     Epoch 930 [0/32]: loss = 1.7086279392242432, lr = 0.000125
2025-09-19 08:39:16 INFO     Epoch 930 [0/32]: loss = 1.7086279392242432, lr = 0.000125
2025-09-19 08:39:16 INFO     Epoch 930 [0/32]: loss = 1.7086279392242432, lr = 0.000125
2025-09-19 08:39:27 INFO     Epoch 930 [10/32]: loss = 1.6865992546081543, lr = 0.000125
2025-09-19 08:39:27 INFO     Epoch 930 [10/32]: loss = 1.6865992546081543, lr = 0.000125
2025-09-19 08:39:27 INFO     Epoch 930 [10/32]: loss = 1.6865992546081543, lr = 0.000125
2025-09-19 08:39:27 INFO     Epoch 930 [10/32]: loss = 1.6865992546081543, lr = 0.000125
2025-09-19 08:39:39 INFO     Epoch 930 [20/32]: loss = 1.6069434881210327, lr = 0.000125
2025-09-19 08:39:39 INFO     Epoch 930 [20/32]: loss = 1.6069434881210327, lr = 0.000125
2025-09-19 08:39:39 INFO     Epoch 930 [20/32]: loss = 1.6069434881210327, lr = 0.000125
2025-09-19 08:39:39 INFO     Epoch 930 [20/32]: loss = 1.6069434881210327, lr = 0.000125
2025-09-19 08:39:51 INFO     Epoch 930 [30/32]: loss = 1.6837611198425293, lr = 0.000125
2025-09-19 08:39:51 INFO     Epoch 930 [30/32]: loss = 1.6837611198425293, lr = 0.000125
2025-09-19 08:39:51 INFO     Epoch 930 [30/32]: loss = 1.6837611198425293, lr = 0.000125
2025-09-19 08:39:51 INFO     Epoch 930 [30/32]: loss = 1.6837611198425293, lr = 0.000125
2025-09-19 08:39:54 INFO     Epoch 931 [0/32]: loss = 1.5512263774871826, lr = 0.000125
2025-09-19 08:39:54 INFO     Epoch 931 [0/32]: loss = 1.5512263774871826, lr = 0.000125
2025-09-19 08:39:54 INFO     Epoch 931 [0/32]: loss = 1.5512263774871826, lr = 0.000125
2025-09-19 08:39:54 INFO     Epoch 931 [0/32]: loss = 1.5512263774871826, lr = 0.000125
2025-09-19 08:40:06 INFO     Epoch 931 [10/32]: loss = 1.6457797288894653, lr = 0.000125
2025-09-19 08:40:06 INFO     Epoch 931 [10/32]: loss = 1.6457797288894653, lr = 0.000125
2025-09-19 08:40:06 INFO     Epoch 931 [10/32]: loss = 1.6457797288894653, lr = 0.000125
2025-09-19 08:40:06 INFO     Epoch 931 [10/32]: loss = 1.6457797288894653, lr = 0.000125
2025-09-19 08:40:18 INFO     Epoch 931 [20/32]: loss = 1.598980188369751, lr = 0.000125
2025-09-19 08:40:18 INFO     Epoch 931 [20/32]: loss = 1.598980188369751, lr = 0.000125
2025-09-19 08:40:18 INFO     Epoch 931 [20/32]: loss = 1.598980188369751, lr = 0.000125
2025-09-19 08:40:18 INFO     Epoch 931 [20/32]: loss = 1.598980188369751, lr = 0.000125
2025-09-19 08:40:30 INFO     Epoch 931 [30/32]: loss = 1.6152358055114746, lr = 0.000125
2025-09-19 08:40:30 INFO     Epoch 931 [30/32]: loss = 1.6152358055114746, lr = 0.000125
2025-09-19 08:40:30 INFO     Epoch 931 [30/32]: loss = 1.6152358055114746, lr = 0.000125
2025-09-19 08:40:30 INFO     Epoch 931 [30/32]: loss = 1.6152358055114746, lr = 0.000125
2025-09-19 08:40:33 INFO     Epoch 932 [0/32]: loss = 1.5381412506103516, lr = 0.000125
2025-09-19 08:40:33 INFO     Epoch 932 [0/32]: loss = 1.5381412506103516, lr = 0.000125
2025-09-19 08:40:33 INFO     Epoch 932 [0/32]: loss = 1.5381412506103516, lr = 0.000125
2025-09-19 08:40:33 INFO     Epoch 932 [0/32]: loss = 1.5381412506103516, lr = 0.000125
2025-09-19 08:40:45 INFO     Epoch 932 [10/32]: loss = 1.5650635957717896, lr = 0.000125
2025-09-19 08:40:45 INFO     Epoch 932 [10/32]: loss = 1.5650635957717896, lr = 0.000125
2025-09-19 08:40:45 INFO     Epoch 932 [10/32]: loss = 1.5650635957717896, lr = 0.000125
2025-09-19 08:40:45 INFO     Epoch 932 [10/32]: loss = 1.5650635957717896, lr = 0.000125
2025-09-19 08:40:57 INFO     Epoch 932 [20/32]: loss = 1.4697767496109009, lr = 0.000125
2025-09-19 08:40:57 INFO     Epoch 932 [20/32]: loss = 1.4697767496109009, lr = 0.000125
2025-09-19 08:40:57 INFO     Epoch 932 [20/32]: loss = 1.4697767496109009, lr = 0.000125
2025-09-19 08:40:57 INFO     Epoch 932 [20/32]: loss = 1.4697767496109009, lr = 0.000125
2025-09-19 08:41:09 INFO     Epoch 932 [30/32]: loss = 1.4952681064605713, lr = 0.000125
2025-09-19 08:41:09 INFO     Epoch 932 [30/32]: loss = 1.4952681064605713, lr = 0.000125
2025-09-19 08:41:09 INFO     Epoch 932 [30/32]: loss = 1.4952681064605713, lr = 0.000125
2025-09-19 08:41:09 INFO     Epoch 932 [30/32]: loss = 1.4952681064605713, lr = 0.000125
2025-09-19 08:41:12 INFO     Epoch 933 [0/32]: loss = 1.5100135803222656, lr = 0.000125
2025-09-19 08:41:12 INFO     Epoch 933 [0/32]: loss = 1.5100135803222656, lr = 0.000125
2025-09-19 08:41:12 INFO     Epoch 933 [0/32]: loss = 1.5100135803222656, lr = 0.000125
2025-09-19 08:41:12 INFO     Epoch 933 [0/32]: loss = 1.5100135803222656, lr = 0.000125
2025-09-19 08:41:23 INFO     Epoch 933 [10/32]: loss = 1.5276949405670166, lr = 0.000125
2025-09-19 08:41:23 INFO     Epoch 933 [10/32]: loss = 1.5276949405670166, lr = 0.000125
2025-09-19 08:41:23 INFO     Epoch 933 [10/32]: loss = 1.5276949405670166, lr = 0.000125
2025-09-19 08:41:23 INFO     Epoch 933 [10/32]: loss = 1.5276949405670166, lr = 0.000125
2025-09-19 08:41:35 INFO     Epoch 933 [20/32]: loss = 1.4238916635513306, lr = 0.000125
2025-09-19 08:41:35 INFO     Epoch 933 [20/32]: loss = 1.4238916635513306, lr = 0.000125
2025-09-19 08:41:35 INFO     Epoch 933 [20/32]: loss = 1.4238916635513306, lr = 0.000125
2025-09-19 08:41:35 INFO     Epoch 933 [20/32]: loss = 1.4238916635513306, lr = 0.000125
2025-09-19 08:41:47 INFO     Epoch 933 [30/32]: loss = 1.5379846096038818, lr = 0.000125
2025-09-19 08:41:47 INFO     Epoch 933 [30/32]: loss = 1.5379846096038818, lr = 0.000125
2025-09-19 08:41:47 INFO     Epoch 933 [30/32]: loss = 1.5379846096038818, lr = 0.000125
2025-09-19 08:41:47 INFO     Epoch 933 [30/32]: loss = 1.5379846096038818, lr = 0.000125
2025-09-19 08:41:50 INFO     Epoch 934 [0/32]: loss = 1.5358182191848755, lr = 0.000125
2025-09-19 08:41:50 INFO     Epoch 934 [0/32]: loss = 1.5358182191848755, lr = 0.000125
2025-09-19 08:41:50 INFO     Epoch 934 [0/32]: loss = 1.5358182191848755, lr = 0.000125
2025-09-19 08:41:50 INFO     Epoch 934 [0/32]: loss = 1.5358182191848755, lr = 0.000125
2025-09-19 08:42:02 INFO     Epoch 934 [10/32]: loss = 1.4267857074737549, lr = 0.000125
2025-09-19 08:42:02 INFO     Epoch 934 [10/32]: loss = 1.4267857074737549, lr = 0.000125
2025-09-19 08:42:02 INFO     Epoch 934 [10/32]: loss = 1.4267857074737549, lr = 0.000125
2025-09-19 08:42:02 INFO     Epoch 934 [10/32]: loss = 1.4267857074737549, lr = 0.000125
2025-09-19 08:42:14 INFO     Epoch 934 [20/32]: loss = 1.523461103439331, lr = 0.000125
2025-09-19 08:42:14 INFO     Epoch 934 [20/32]: loss = 1.523461103439331, lr = 0.000125
2025-09-19 08:42:14 INFO     Epoch 934 [20/32]: loss = 1.523461103439331, lr = 0.000125
2025-09-19 08:42:14 INFO     Epoch 934 [20/32]: loss = 1.523461103439331, lr = 0.000125
2025-09-19 08:42:26 INFO     Epoch 934 [30/32]: loss = 1.3707997798919678, lr = 0.000125
2025-09-19 08:42:26 INFO     Epoch 934 [30/32]: loss = 1.3707997798919678, lr = 0.000125
2025-09-19 08:42:26 INFO     Epoch 934 [30/32]: loss = 1.3707997798919678, lr = 0.000125
2025-09-19 08:42:26 INFO     Epoch 934 [30/32]: loss = 1.3707997798919678, lr = 0.000125
2025-09-19 08:42:29 INFO     Epoch 935 [0/32]: loss = 1.5478553771972656, lr = 0.000125
2025-09-19 08:42:29 INFO     Epoch 935 [0/32]: loss = 1.5478553771972656, lr = 0.000125
2025-09-19 08:42:29 INFO     Epoch 935 [0/32]: loss = 1.5478553771972656, lr = 0.000125
2025-09-19 08:42:29 INFO     Epoch 935 [0/32]: loss = 1.5478553771972656, lr = 0.000125
2025-09-19 08:42:40 INFO     Epoch 935 [10/32]: loss = 1.431710124015808, lr = 0.000125
2025-09-19 08:42:40 INFO     Epoch 935 [10/32]: loss = 1.431710124015808, lr = 0.000125
2025-09-19 08:42:40 INFO     Epoch 935 [10/32]: loss = 1.431710124015808, lr = 0.000125
2025-09-19 08:42:40 INFO     Epoch 935 [10/32]: loss = 1.431710124015808, lr = 0.000125
2025-09-19 08:42:52 INFO     Epoch 935 [20/32]: loss = 1.4776628017425537, lr = 0.000125
2025-09-19 08:42:52 INFO     Epoch 935 [20/32]: loss = 1.4776628017425537, lr = 0.000125
2025-09-19 08:42:52 INFO     Epoch 935 [20/32]: loss = 1.4776628017425537, lr = 0.000125
2025-09-19 08:42:52 INFO     Epoch 935 [20/32]: loss = 1.4776628017425537, lr = 0.000125
2025-09-19 08:43:04 INFO     Epoch 935 [30/32]: loss = 1.412957787513733, lr = 0.000125
2025-09-19 08:43:04 INFO     Epoch 935 [30/32]: loss = 1.412957787513733, lr = 0.000125
2025-09-19 08:43:04 INFO     Epoch 935 [30/32]: loss = 1.412957787513733, lr = 0.000125
2025-09-19 08:43:04 INFO     Epoch 935 [30/32]: loss = 1.412957787513733, lr = 0.000125
2025-09-19 08:43:07 INFO     Epoch 936 [0/32]: loss = 1.391287088394165, lr = 0.000125
2025-09-19 08:43:07 INFO     Epoch 936 [0/32]: loss = 1.391287088394165, lr = 0.000125
2025-09-19 08:43:07 INFO     Epoch 936 [0/32]: loss = 1.391287088394165, lr = 0.000125
2025-09-19 08:43:07 INFO     Epoch 936 [0/32]: loss = 1.391287088394165, lr = 0.000125
2025-09-19 08:43:19 INFO     Epoch 936 [10/32]: loss = 1.3217145204544067, lr = 0.000125
2025-09-19 08:43:19 INFO     Epoch 936 [10/32]: loss = 1.3217145204544067, lr = 0.000125
2025-09-19 08:43:19 INFO     Epoch 936 [10/32]: loss = 1.3217145204544067, lr = 0.000125
2025-09-19 08:43:19 INFO     Epoch 936 [10/32]: loss = 1.3217145204544067, lr = 0.000125
2025-09-19 08:43:31 INFO     Epoch 936 [20/32]: loss = 1.2538994550704956, lr = 0.000125
2025-09-19 08:43:31 INFO     Epoch 936 [20/32]: loss = 1.2538994550704956, lr = 0.000125
2025-09-19 08:43:31 INFO     Epoch 936 [20/32]: loss = 1.2538994550704956, lr = 0.000125
2025-09-19 08:43:31 INFO     Epoch 936 [20/32]: loss = 1.2538994550704956, lr = 0.000125
2025-09-19 08:43:43 INFO     Epoch 936 [30/32]: loss = 1.3900355100631714, lr = 0.000125
2025-09-19 08:43:43 INFO     Epoch 936 [30/32]: loss = 1.3900355100631714, lr = 0.000125
2025-09-19 08:43:43 INFO     Epoch 936 [30/32]: loss = 1.3900355100631714, lr = 0.000125
2025-09-19 08:43:43 INFO     Epoch 936 [30/32]: loss = 1.3900355100631714, lr = 0.000125
2025-09-19 08:43:46 INFO     Epoch 937 [0/32]: loss = 1.384346604347229, lr = 0.000125
2025-09-19 08:43:46 INFO     Epoch 937 [0/32]: loss = 1.384346604347229, lr = 0.000125
2025-09-19 08:43:46 INFO     Epoch 937 [0/32]: loss = 1.384346604347229, lr = 0.000125
2025-09-19 08:43:46 INFO     Epoch 937 [0/32]: loss = 1.384346604347229, lr = 0.000125
2025-09-19 08:43:58 INFO     Epoch 937 [10/32]: loss = 1.2928879261016846, lr = 0.000125
2025-09-19 08:43:58 INFO     Epoch 937 [10/32]: loss = 1.2928879261016846, lr = 0.000125
2025-09-19 08:43:58 INFO     Epoch 937 [10/32]: loss = 1.2928879261016846, lr = 0.000125
2025-09-19 08:43:58 INFO     Epoch 937 [10/32]: loss = 1.2928879261016846, lr = 0.000125
2025-09-19 08:44:10 INFO     Epoch 937 [20/32]: loss = 1.4131898880004883, lr = 0.000125
2025-09-19 08:44:10 INFO     Epoch 937 [20/32]: loss = 1.4131898880004883, lr = 0.000125
2025-09-19 08:44:10 INFO     Epoch 937 [20/32]: loss = 1.4131898880004883, lr = 0.000125
2025-09-19 08:44:10 INFO     Epoch 937 [20/32]: loss = 1.4131898880004883, lr = 0.000125
2025-09-19 08:44:22 INFO     Epoch 937 [30/32]: loss = 1.3445627689361572, lr = 0.000125
2025-09-19 08:44:22 INFO     Epoch 937 [30/32]: loss = 1.3445627689361572, lr = 0.000125
2025-09-19 08:44:22 INFO     Epoch 937 [30/32]: loss = 1.3445627689361572, lr = 0.000125
2025-09-19 08:44:22 INFO     Epoch 937 [30/32]: loss = 1.3445627689361572, lr = 0.000125
2025-09-19 08:44:25 INFO     Epoch 938 [0/32]: loss = 1.2446660995483398, lr = 0.000125
2025-09-19 08:44:25 INFO     Epoch 938 [0/32]: loss = 1.2446660995483398, lr = 0.000125
2025-09-19 08:44:25 INFO     Epoch 938 [0/32]: loss = 1.2446660995483398, lr = 0.000125
2025-09-19 08:44:25 INFO     Epoch 938 [0/32]: loss = 1.2446660995483398, lr = 0.000125
2025-09-19 08:44:37 INFO     Epoch 938 [10/32]: loss = 1.3896565437316895, lr = 0.000125
2025-09-19 08:44:37 INFO     Epoch 938 [10/32]: loss = 1.3896565437316895, lr = 0.000125
2025-09-19 08:44:37 INFO     Epoch 938 [10/32]: loss = 1.3896565437316895, lr = 0.000125
2025-09-19 08:44:37 INFO     Epoch 938 [10/32]: loss = 1.3896565437316895, lr = 0.000125
2025-09-19 08:44:49 INFO     Epoch 938 [20/32]: loss = 1.2962230443954468, lr = 0.000125
2025-09-19 08:44:49 INFO     Epoch 938 [20/32]: loss = 1.2962230443954468, lr = 0.000125
2025-09-19 08:44:49 INFO     Epoch 938 [20/32]: loss = 1.2962230443954468, lr = 0.000125
2025-09-19 08:44:49 INFO     Epoch 938 [20/32]: loss = 1.2962230443954468, lr = 0.000125
2025-09-19 08:45:01 INFO     Epoch 938 [30/32]: loss = 1.247328758239746, lr = 0.000125
2025-09-19 08:45:01 INFO     Epoch 938 [30/32]: loss = 1.247328758239746, lr = 0.000125
2025-09-19 08:45:01 INFO     Epoch 938 [30/32]: loss = 1.247328758239746, lr = 0.000125
2025-09-19 08:45:01 INFO     Epoch 938 [30/32]: loss = 1.247328758239746, lr = 0.000125
2025-09-19 08:45:04 INFO     Epoch 939 [0/32]: loss = 1.3093140125274658, lr = 0.000125
2025-09-19 08:45:04 INFO     Epoch 939 [0/32]: loss = 1.3093140125274658, lr = 0.000125
2025-09-19 08:45:04 INFO     Epoch 939 [0/32]: loss = 1.3093140125274658, lr = 0.000125
2025-09-19 08:45:04 INFO     Epoch 939 [0/32]: loss = 1.3093140125274658, lr = 0.000125
2025-09-19 08:45:16 INFO     Epoch 939 [10/32]: loss = 1.2559174299240112, lr = 0.000125
2025-09-19 08:45:16 INFO     Epoch 939 [10/32]: loss = 1.2559174299240112, lr = 0.000125
2025-09-19 08:45:16 INFO     Epoch 939 [10/32]: loss = 1.2559174299240112, lr = 0.000125
2025-09-19 08:45:16 INFO     Epoch 939 [10/32]: loss = 1.2559174299240112, lr = 0.000125
2025-09-19 08:45:28 INFO     Epoch 939 [20/32]: loss = 1.3710963726043701, lr = 0.000125
2025-09-19 08:45:28 INFO     Epoch 939 [20/32]: loss = 1.3710963726043701, lr = 0.000125
2025-09-19 08:45:28 INFO     Epoch 939 [20/32]: loss = 1.3710963726043701, lr = 0.000125
2025-09-19 08:45:28 INFO     Epoch 939 [20/32]: loss = 1.3710963726043701, lr = 0.000125
2025-09-19 08:45:39 INFO     Epoch 939 [30/32]: loss = 1.20265531539917, lr = 0.000125
2025-09-19 08:45:39 INFO     Epoch 939 [30/32]: loss = 1.20265531539917, lr = 0.000125
2025-09-19 08:45:39 INFO     Epoch 939 [30/32]: loss = 1.20265531539917, lr = 0.000125
2025-09-19 08:45:39 INFO     Epoch 939 [30/32]: loss = 1.20265531539917, lr = 0.000125
2025-09-19 08:45:43 INFO     Epoch 940 [0/32]: loss = 1.312380313873291, lr = 0.000125
2025-09-19 08:45:43 INFO     Epoch 940 [0/32]: loss = 1.312380313873291, lr = 0.000125
2025-09-19 08:45:43 INFO     Epoch 940 [0/32]: loss = 1.312380313873291, lr = 0.000125
2025-09-19 08:45:43 INFO     Epoch 940 [0/32]: loss = 1.312380313873291, lr = 0.000125
2025-09-19 08:45:54 INFO     Epoch 940 [10/32]: loss = 1.2701756954193115, lr = 0.000125
2025-09-19 08:45:54 INFO     Epoch 940 [10/32]: loss = 1.2701756954193115, lr = 0.000125
2025-09-19 08:45:54 INFO     Epoch 940 [10/32]: loss = 1.2701756954193115, lr = 0.000125
2025-09-19 08:45:54 INFO     Epoch 940 [10/32]: loss = 1.2701756954193115, lr = 0.000125
2025-09-19 08:46:06 INFO     Epoch 940 [20/32]: loss = 1.2611750364303589, lr = 0.000125
2025-09-19 08:46:06 INFO     Epoch 940 [20/32]: loss = 1.2611750364303589, lr = 0.000125
2025-09-19 08:46:06 INFO     Epoch 940 [20/32]: loss = 1.2611750364303589, lr = 0.000125
2025-09-19 08:46:06 INFO     Epoch 940 [20/32]: loss = 1.2611750364303589, lr = 0.000125
2025-09-19 08:46:18 INFO     Epoch 940 [30/32]: loss = 1.2656071186065674, lr = 0.000125
2025-09-19 08:46:18 INFO     Epoch 940 [30/32]: loss = 1.2656071186065674, lr = 0.000125
2025-09-19 08:46:18 INFO     Epoch 940 [30/32]: loss = 1.2656071186065674, lr = 0.000125
2025-09-19 08:46:18 INFO     Epoch 940 [30/32]: loss = 1.2656071186065674, lr = 0.000125
2025-09-19 08:46:21 INFO     Epoch 941 [0/32]: loss = 1.246172308921814, lr = 0.000125
2025-09-19 08:46:21 INFO     Epoch 941 [0/32]: loss = 1.246172308921814, lr = 0.000125
2025-09-19 08:46:21 INFO     Epoch 941 [0/32]: loss = 1.246172308921814, lr = 0.000125
2025-09-19 08:46:21 INFO     Epoch 941 [0/32]: loss = 1.246172308921814, lr = 0.000125
2025-09-19 08:46:33 INFO     Epoch 941 [10/32]: loss = 1.2680637836456299, lr = 0.000125
2025-09-19 08:46:33 INFO     Epoch 941 [10/32]: loss = 1.2680637836456299, lr = 0.000125
2025-09-19 08:46:33 INFO     Epoch 941 [10/32]: loss = 1.2680637836456299, lr = 0.000125
2025-09-19 08:46:33 INFO     Epoch 941 [10/32]: loss = 1.2680637836456299, lr = 0.000125
2025-09-19 08:46:45 INFO     Epoch 941 [20/32]: loss = 1.2217812538146973, lr = 0.000125
2025-09-19 08:46:45 INFO     Epoch 941 [20/32]: loss = 1.2217812538146973, lr = 0.000125
2025-09-19 08:46:45 INFO     Epoch 941 [20/32]: loss = 1.2217812538146973, lr = 0.000125
2025-09-19 08:46:45 INFO     Epoch 941 [20/32]: loss = 1.2217812538146973, lr = 0.000125
2025-09-19 08:46:57 INFO     Epoch 941 [30/32]: loss = 1.289304256439209, lr = 0.000125
2025-09-19 08:46:57 INFO     Epoch 941 [30/32]: loss = 1.289304256439209, lr = 0.000125
2025-09-19 08:46:57 INFO     Epoch 941 [30/32]: loss = 1.289304256439209, lr = 0.000125
2025-09-19 08:46:57 INFO     Epoch 941 [30/32]: loss = 1.289304256439209, lr = 0.000125
2025-09-19 08:47:00 INFO     Epoch 942 [0/32]: loss = 1.2320148944854736, lr = 0.000125
2025-09-19 08:47:00 INFO     Epoch 942 [0/32]: loss = 1.2320148944854736, lr = 0.000125
2025-09-19 08:47:00 INFO     Epoch 942 [0/32]: loss = 1.2320148944854736, lr = 0.000125
2025-09-19 08:47:00 INFO     Epoch 942 [0/32]: loss = 1.2320148944854736, lr = 0.000125
2025-09-19 08:47:11 INFO     Epoch 942 [10/32]: loss = 1.2577829360961914, lr = 0.000125
2025-09-19 08:47:11 INFO     Epoch 942 [10/32]: loss = 1.2577829360961914, lr = 0.000125
2025-09-19 08:47:11 INFO     Epoch 942 [10/32]: loss = 1.2577829360961914, lr = 0.000125
2025-09-19 08:47:11 INFO     Epoch 942 [10/32]: loss = 1.2577829360961914, lr = 0.000125
2025-09-19 08:47:23 INFO     Epoch 942 [20/32]: loss = 1.1746159791946411, lr = 0.000125
2025-09-19 08:47:23 INFO     Epoch 942 [20/32]: loss = 1.1746159791946411, lr = 0.000125
2025-09-19 08:47:23 INFO     Epoch 942 [20/32]: loss = 1.1746159791946411, lr = 0.000125
2025-09-19 08:47:23 INFO     Epoch 942 [20/32]: loss = 1.1746159791946411, lr = 0.000125
2025-09-19 08:47:35 INFO     Epoch 942 [30/32]: loss = 1.1605234146118164, lr = 0.000125
2025-09-19 08:47:35 INFO     Epoch 942 [30/32]: loss = 1.1605234146118164, lr = 0.000125
2025-09-19 08:47:35 INFO     Epoch 942 [30/32]: loss = 1.1605234146118164, lr = 0.000125
2025-09-19 08:47:35 INFO     Epoch 942 [30/32]: loss = 1.1605234146118164, lr = 0.000125
2025-09-19 08:47:38 INFO     Epoch 943 [0/32]: loss = 1.178712248802185, lr = 0.000125
2025-09-19 08:47:38 INFO     Epoch 943 [0/32]: loss = 1.178712248802185, lr = 0.000125
2025-09-19 08:47:38 INFO     Epoch 943 [0/32]: loss = 1.178712248802185, lr = 0.000125
2025-09-19 08:47:38 INFO     Epoch 943 [0/32]: loss = 1.178712248802185, lr = 0.000125
2025-09-19 08:47:50 INFO     Epoch 943 [10/32]: loss = 1.1381986141204834, lr = 0.000125
2025-09-19 08:47:50 INFO     Epoch 943 [10/32]: loss = 1.1381986141204834, lr = 0.000125
2025-09-19 08:47:50 INFO     Epoch 943 [10/32]: loss = 1.1381986141204834, lr = 0.000125
2025-09-19 08:47:50 INFO     Epoch 943 [10/32]: loss = 1.1381986141204834, lr = 0.000125
2025-09-19 08:48:02 INFO     Epoch 943 [20/32]: loss = 1.15621817111969, lr = 0.000125
2025-09-19 08:48:02 INFO     Epoch 943 [20/32]: loss = 1.15621817111969, lr = 0.000125
2025-09-19 08:48:02 INFO     Epoch 943 [20/32]: loss = 1.15621817111969, lr = 0.000125
2025-09-19 08:48:02 INFO     Epoch 943 [20/32]: loss = 1.15621817111969, lr = 0.000125
2025-09-19 08:48:14 INFO     Epoch 943 [30/32]: loss = 1.2294493913650513, lr = 0.000125
2025-09-19 08:48:14 INFO     Epoch 943 [30/32]: loss = 1.2294493913650513, lr = 0.000125
2025-09-19 08:48:14 INFO     Epoch 943 [30/32]: loss = 1.2294493913650513, lr = 0.000125
2025-09-19 08:48:14 INFO     Epoch 943 [30/32]: loss = 1.2294493913650513, lr = 0.000125
2025-09-19 08:48:17 INFO     Epoch 944 [0/32]: loss = 1.0483057498931885, lr = 0.000125
2025-09-19 08:48:17 INFO     Epoch 944 [0/32]: loss = 1.0483057498931885, lr = 0.000125
2025-09-19 08:48:17 INFO     Epoch 944 [0/32]: loss = 1.0483057498931885, lr = 0.000125
2025-09-19 08:48:17 INFO     Epoch 944 [0/32]: loss = 1.0483057498931885, lr = 0.000125
2025-09-19 08:48:29 INFO     Epoch 944 [10/32]: loss = 1.123143196105957, lr = 0.000125
2025-09-19 08:48:29 INFO     Epoch 944 [10/32]: loss = 1.123143196105957, lr = 0.000125
2025-09-19 08:48:29 INFO     Epoch 944 [10/32]: loss = 1.123143196105957, lr = 0.000125
2025-09-19 08:48:29 INFO     Epoch 944 [10/32]: loss = 1.123143196105957, lr = 0.000125
2025-09-19 08:48:41 INFO     Epoch 944 [20/32]: loss = 1.0797111988067627, lr = 0.000125
2025-09-19 08:48:41 INFO     Epoch 944 [20/32]: loss = 1.0797111988067627, lr = 0.000125
2025-09-19 08:48:41 INFO     Epoch 944 [20/32]: loss = 1.0797111988067627, lr = 0.000125
2025-09-19 08:48:41 INFO     Epoch 944 [20/32]: loss = 1.0797111988067627, lr = 0.000125
2025-09-19 08:48:53 INFO     Epoch 944 [30/32]: loss = 1.2484655380249023, lr = 0.000125
2025-09-19 08:48:53 INFO     Epoch 944 [30/32]: loss = 1.2484655380249023, lr = 0.000125
2025-09-19 08:48:53 INFO     Epoch 944 [30/32]: loss = 1.2484655380249023, lr = 0.000125
2025-09-19 08:48:53 INFO     Epoch 944 [30/32]: loss = 1.2484655380249023, lr = 0.000125
2025-09-19 08:48:56 INFO     Epoch 945 [0/32]: loss = 1.1091606616973877, lr = 0.000125
2025-09-19 08:48:56 INFO     Epoch 945 [0/32]: loss = 1.1091606616973877, lr = 0.000125
2025-09-19 08:48:56 INFO     Epoch 945 [0/32]: loss = 1.1091606616973877, lr = 0.000125
2025-09-19 08:48:56 INFO     Epoch 945 [0/32]: loss = 1.1091606616973877, lr = 0.000125
2025-09-19 08:49:08 INFO     Epoch 945 [10/32]: loss = 1.213668704032898, lr = 0.000125
2025-09-19 08:49:08 INFO     Epoch 945 [10/32]: loss = 1.213668704032898, lr = 0.000125
2025-09-19 08:49:08 INFO     Epoch 945 [10/32]: loss = 1.213668704032898, lr = 0.000125
2025-09-19 08:49:08 INFO     Epoch 945 [10/32]: loss = 1.213668704032898, lr = 0.000125
2025-09-19 08:49:20 INFO     Epoch 945 [20/32]: loss = 1.077688217163086, lr = 0.000125
2025-09-19 08:49:20 INFO     Epoch 945 [20/32]: loss = 1.077688217163086, lr = 0.000125
2025-09-19 08:49:20 INFO     Epoch 945 [20/32]: loss = 1.077688217163086, lr = 0.000125
2025-09-19 08:49:20 INFO     Epoch 945 [20/32]: loss = 1.077688217163086, lr = 0.000125
2025-09-19 08:49:31 INFO     Epoch 945 [30/32]: loss = 1.1015632152557373, lr = 0.000125
2025-09-19 08:49:31 INFO     Epoch 945 [30/32]: loss = 1.1015632152557373, lr = 0.000125
2025-09-19 08:49:31 INFO     Epoch 945 [30/32]: loss = 1.1015632152557373, lr = 0.000125
2025-09-19 08:49:31 INFO     Epoch 945 [30/32]: loss = 1.1015632152557373, lr = 0.000125
2025-09-19 08:49:34 INFO     Epoch 946 [0/32]: loss = 1.0893197059631348, lr = 0.000125
2025-09-19 08:49:34 INFO     Epoch 946 [0/32]: loss = 1.0893197059631348, lr = 0.000125
2025-09-19 08:49:34 INFO     Epoch 946 [0/32]: loss = 1.0893197059631348, lr = 0.000125
2025-09-19 08:49:34 INFO     Epoch 946 [0/32]: loss = 1.0893197059631348, lr = 0.000125
2025-09-19 08:49:46 INFO     Epoch 946 [10/32]: loss = 1.1194429397583008, lr = 0.000125
2025-09-19 08:49:46 INFO     Epoch 946 [10/32]: loss = 1.1194429397583008, lr = 0.000125
2025-09-19 08:49:46 INFO     Epoch 946 [10/32]: loss = 1.1194429397583008, lr = 0.000125
2025-09-19 08:49:46 INFO     Epoch 946 [10/32]: loss = 1.1194429397583008, lr = 0.000125
2025-09-19 08:49:58 INFO     Epoch 946 [20/32]: loss = 1.050771713256836, lr = 0.000125
2025-09-19 08:49:58 INFO     Epoch 946 [20/32]: loss = 1.050771713256836, lr = 0.000125
2025-09-19 08:49:58 INFO     Epoch 946 [20/32]: loss = 1.050771713256836, lr = 0.000125
2025-09-19 08:49:58 INFO     Epoch 946 [20/32]: loss = 1.050771713256836, lr = 0.000125
2025-09-19 08:50:10 INFO     Epoch 946 [30/32]: loss = 1.1190844774246216, lr = 0.000125
2025-09-19 08:50:10 INFO     Epoch 946 [30/32]: loss = 1.1190844774246216, lr = 0.000125
2025-09-19 08:50:10 INFO     Epoch 946 [30/32]: loss = 1.1190844774246216, lr = 0.000125
2025-09-19 08:50:10 INFO     Epoch 946 [30/32]: loss = 1.1190844774246216, lr = 0.000125
2025-09-19 08:50:13 INFO     Epoch 947 [0/32]: loss = 1.0696529150009155, lr = 0.000125
2025-09-19 08:50:13 INFO     Epoch 947 [0/32]: loss = 1.0696529150009155, lr = 0.000125
2025-09-19 08:50:13 INFO     Epoch 947 [0/32]: loss = 1.0696529150009155, lr = 0.000125
2025-09-19 08:50:13 INFO     Epoch 947 [0/32]: loss = 1.0696529150009155, lr = 0.000125
2025-09-19 08:50:25 INFO     Epoch 947 [10/32]: loss = 1.053026795387268, lr = 0.000125
2025-09-19 08:50:25 INFO     Epoch 947 [10/32]: loss = 1.053026795387268, lr = 0.000125
2025-09-19 08:50:25 INFO     Epoch 947 [10/32]: loss = 1.053026795387268, lr = 0.000125
2025-09-19 08:50:25 INFO     Epoch 947 [10/32]: loss = 1.053026795387268, lr = 0.000125
2025-09-19 08:50:36 INFO     Epoch 947 [20/32]: loss = 1.030144453048706, lr = 0.000125
2025-09-19 08:50:36 INFO     Epoch 947 [20/32]: loss = 1.030144453048706, lr = 0.000125
2025-09-19 08:50:36 INFO     Epoch 947 [20/32]: loss = 1.030144453048706, lr = 0.000125
2025-09-19 08:50:36 INFO     Epoch 947 [20/32]: loss = 1.030144453048706, lr = 0.000125
2025-09-19 08:50:48 INFO     Epoch 947 [30/32]: loss = 1.0027530193328857, lr = 0.000125
2025-09-19 08:50:48 INFO     Epoch 947 [30/32]: loss = 1.0027530193328857, lr = 0.000125
2025-09-19 08:50:48 INFO     Epoch 947 [30/32]: loss = 1.0027530193328857, lr = 0.000125
2025-09-19 08:50:48 INFO     Epoch 947 [30/32]: loss = 1.0027530193328857, lr = 0.000125
2025-09-19 08:50:51 INFO     Epoch 948 [0/32]: loss = 0.9936980605125427, lr = 0.000125
2025-09-19 08:50:51 INFO     Epoch 948 [0/32]: loss = 0.9936980605125427, lr = 0.000125
2025-09-19 08:50:51 INFO     Epoch 948 [0/32]: loss = 0.9936980605125427, lr = 0.000125
2025-09-19 08:50:51 INFO     Epoch 948 [0/32]: loss = 0.9936980605125427, lr = 0.000125
2025-09-19 08:51:03 INFO     Epoch 948 [10/32]: loss = 1.017189383506775, lr = 0.000125
2025-09-19 08:51:03 INFO     Epoch 948 [10/32]: loss = 1.017189383506775, lr = 0.000125
2025-09-19 08:51:03 INFO     Epoch 948 [10/32]: loss = 1.017189383506775, lr = 0.000125
2025-09-19 08:51:03 INFO     Epoch 948 [10/32]: loss = 1.017189383506775, lr = 0.000125
2025-09-19 08:51:15 INFO     Epoch 948 [20/32]: loss = 1.0142707824707031, lr = 0.000125
2025-09-19 08:51:15 INFO     Epoch 948 [20/32]: loss = 1.0142707824707031, lr = 0.000125
2025-09-19 08:51:15 INFO     Epoch 948 [20/32]: loss = 1.0142707824707031, lr = 0.000125
2025-09-19 08:51:15 INFO     Epoch 948 [20/32]: loss = 1.0142707824707031, lr = 0.000125
2025-09-19 08:51:27 INFO     Epoch 948 [30/32]: loss = 0.9861069321632385, lr = 0.000125
2025-09-19 08:51:27 INFO     Epoch 948 [30/32]: loss = 0.9861069321632385, lr = 0.000125
2025-09-19 08:51:27 INFO     Epoch 948 [30/32]: loss = 0.9861069321632385, lr = 0.000125
2025-09-19 08:51:27 INFO     Epoch 948 [30/32]: loss = 0.9861069321632385, lr = 0.000125
2025-09-19 08:51:30 INFO     Epoch 949 [0/32]: loss = 0.986827552318573, lr = 0.000125
2025-09-19 08:51:30 INFO     Epoch 949 [0/32]: loss = 0.986827552318573, lr = 0.000125
2025-09-19 08:51:30 INFO     Epoch 949 [0/32]: loss = 0.986827552318573, lr = 0.000125
2025-09-19 08:51:30 INFO     Epoch 949 [0/32]: loss = 0.986827552318573, lr = 0.000125
2025-09-19 08:51:42 INFO     Epoch 949 [10/32]: loss = 1.0536470413208008, lr = 0.000125
2025-09-19 08:51:42 INFO     Epoch 949 [10/32]: loss = 1.0536470413208008, lr = 0.000125
2025-09-19 08:51:42 INFO     Epoch 949 [10/32]: loss = 1.0536470413208008, lr = 0.000125
2025-09-19 08:51:42 INFO     Epoch 949 [10/32]: loss = 1.0536470413208008, lr = 0.000125
2025-09-19 08:51:54 INFO     Epoch 949 [20/32]: loss = 1.1111233234405518, lr = 0.000125
2025-09-19 08:51:54 INFO     Epoch 949 [20/32]: loss = 1.1111233234405518, lr = 0.000125
2025-09-19 08:51:54 INFO     Epoch 949 [20/32]: loss = 1.1111233234405518, lr = 0.000125
2025-09-19 08:51:54 INFO     Epoch 949 [20/32]: loss = 1.1111233234405518, lr = 0.000125
2025-09-19 08:52:06 INFO     Epoch 949 [30/32]: loss = 1.0343716144561768, lr = 0.000125
2025-09-19 08:52:06 INFO     Epoch 949 [30/32]: loss = 1.0343716144561768, lr = 0.000125
2025-09-19 08:52:06 INFO     Epoch 949 [30/32]: loss = 1.0343716144561768, lr = 0.000125
2025-09-19 08:52:06 INFO     Epoch 949 [30/32]: loss = 1.0343716144561768, lr = 0.000125
Downloading: "https://github.com/toshas/torch-fidelity/releases/download/v0.2.0/weights-inception-2015-12-05-6726825d.pth" to /root/.cache/torch/hub/checkpoints/weights-inception-2015-12-05-6726825d.pth
Downloading: "https://github.com/toshas/torch-fidelity/releases/download/v0.2.0/weights-inception-2015-12-05-6726825d.pth" to /root/.cache/torch/hub/checkpoints/weights-inception-2015-12-05-6726825d.pth
Downloading: "https://github.com/toshas/torch-fidelity/releases/download/v0.2.0/weights-inception-2015-12-05-6726825d.pth" to /root/.cache/torch/hub/checkpoints/weights-inception-2015-12-05-6726825d.pth
  0%|          | 0.00/91.2M [00:00<?, ?B/s]  0%|          | 0.00/91.2M [00:00<?, ?B/s]  0%|          | 0.00/91.2M [00:00<?, ?B/s]  3%|▎         | 2.88M/91.2M [00:00<00:03, 30.1MB/s]  2%|▏         | 2.00M/91.2M [00:00<00:04, 20.5MB/s]  2%|▏         | 1.75M/91.2M [00:00<00:05, 17.4MB/s]  7%|▋         | 6.12M/91.2M [00:00<00:02, 32.4MB/s]  7%|▋         | 6.00M/91.2M [00:00<00:02, 32.7MB/s]  5%|▌         | 4.62M/91.2M [00:00<00:03, 24.6MB/s] 10%|█         | 9.38M/91.2M [00:00<00:02, 33.8MB/s]  9%|▉         | 8.25M/91.2M [00:00<00:02, 30.6MB/s] 11%|█         | 10.1M/91.2M [00:00<00:03, 26.0MB/s] 12%|█▏        | 11.2M/91.2M [00:00<00:02, 28.5MB/s] 14%|█▍        | 12.6M/91.2M [00:00<00:02, 28.5MB/s] 14%|█▍        | 13.0M/91.2M [00:00<00:03, 27.1MB/s] 17%|█▋        | 15.2M/91.2M [00:00<00:02, 31.7MB/s] 20%|██        | 18.4M/91.2M [00:00<00:02, 31.7MB/s] 24%|██▎       | 21.5M/91.2M [00:00<00:02, 29.1MB/s] 28%|██▊       | 25.1M/91.2M [00:00<00:02, 31.5MB/s] 17%|█▋        | 15.5M/91.2M [00:00<00:05, 14.1MB/s] 17%|█▋        | 15.8M/91.2M [00:01<00:06, 12.2MB/s]Downloading: "https://github.com/toshas/torch-fidelity/releases/download/v0.2.0/weights-inception-2015-12-05-6726825d.pth" to /root/.cache/torch/hub/checkpoints/weights-inception-2015-12-05-6726825d.pth
 31%|███       | 28.2M/91.2M [00:01<00:02, 23.3MB/s] 19%|█▉        | 17.8M/91.2M [00:01<00:05, 13.3MB/s] 22%|██▏       | 20.5M/91.2M [00:01<00:04, 16.1MB/s] 22%|██▏       | 19.8M/91.2M [00:01<00:06, 12.4MB/s]  0%|          | 0.00/91.2M [00:00<?, ?B/s] 25%|██▍       | 22.6M/91.2M [00:01<00:04, 16.5MB/s] 28%|██▊       | 25.8M/91.2M [00:01<00:03, 20.1MB/s]  1%|          | 896k/91.2M [00:00<00:10, 8.80MB/s]  4%|▍         | 3.50M/91.2M [00:00<00:04, 19.6MB/s]  7%|▋         | 6.12M/91.2M [00:00<00:03, 22.8MB/s] 26%|██▋       | 24.0M/91.2M [00:01<00:06, 11.7MB/s]  9%|▉         | 8.38M/91.2M [00:00<00:03, 21.8MB/s] 34%|███▍      | 30.9M/91.2M [00:01<00:06, 9.50MB/s] 12%|█▏        | 10.5M/91.2M [00:00<00:04, 21.1MB/s] 14%|█▍        | 13.0M/91.2M [00:00<00:03, 21.4MB/s] 17%|█▋        | 15.9M/91.2M [00:00<00:03, 23.7MB/s] 31%|███       | 28.2M/91.2M [00:02<00:05, 11.4MB/s] 20%|██        | 18.2M/91.2M [00:00<00:03, 22.9MB/s] 22%|██▏       | 20.5M/91.2M [00:01<00:04, 17.8MB/s] 36%|███▌      | 32.8M/91.2M [00:02<00:09, 6.77MB/s] 31%|███       | 28.1M/91.2M [00:02<00:10, 6.53MB/s] 33%|███▎      | 30.2M/91.2M [00:02<00:08, 7.66MB/s] 36%|███▌      | 32.5M/91.2M [00:02<00:05, 10.4MB/s] 35%|███▍      | 31.9M/91.2M [00:02<00:07, 8.47MB/s] 37%|███▋      | 34.0M/91.2M [00:02<00:06, 9.98MB/s] 39%|███▉      | 35.6M/91.2M [00:02<00:05, 11.1MB/s] 25%|██▍       | 22.4M/91.2M [00:01<00:08, 8.49MB/s] 40%|████      | 36.5M/91.2M [00:03<00:05, 10.2MB/s] 38%|███▊      | 34.2M/91.2M [00:03<00:11, 5.16MB/s] 26%|██▋       | 24.0M/91.2M [00:01<00:08, 8.65MB/s] 39%|███▉      | 35.5M/91.2M [00:03<00:10, 5.81MB/s] 41%|████      | 37.2M/91.2M [00:03<00:08, 6.99MB/s] 28%|██▊       | 25.2M/91.2M [00:02<00:08, 8.56MB/s] 44%|████▍     | 40.1M/91.2M [00:03<00:04, 10.8MB/s] 42%|████▏     | 38.6M/91.2M [00:03<00:06, 7.94MB/s] 29%|██▉       | 26.4M/91.2M [00:02<00:08, 8.29MB/s] 41%|████      | 37.2M/91.2M [00:03<00:08, 6.35MB/s] 30%|███       | 27.5M/91.2M [00:02<00:07, 8.87MB/s] 42%|████▏     | 38.5M/91.2M [00:03<00:08, 6.87MB/s] 46%|████▌     | 42.1M/91.2M [00:03<00:05, 9.19MB/s] 43%|████▎     | 39.6M/91.2M [00:03<00:07, 7.54MB/s] 44%|████▎     | 39.9M/91.2M [00:03<00:09, 5.69MB/s] 45%|████▌     | 41.4M/91.2M [00:03<00:05, 9.32MB/s] 45%|████▍     | 40.9M/91.2M [00:03<00:08, 6.26MB/s] 46%|████▋     | 42.2M/91.2M [00:04<00:06, 7.50MB/s] 32%|███▏      | 28.8M/91.2M [00:02<00:12, 5.38MB/s] 47%|████▋     | 42.8M/91.2M [00:04<00:05, 8.53MB/s] 50%|████▉     | 45.4M/91.2M [00:04<00:05, 8.93MB/s] 48%|████▊     | 43.4M/91.2M [00:04<00:06, 7.62MB/s] 48%|████▊     | 43.9M/91.2M [00:04<00:06, 7.87MB/s] 52%|█████▏    | 47.0M/91.2M [00:04<00:04, 11.2MB/s] 54%|█████▎    | 49.0M/91.2M [00:04<00:05, 8.81MB/s] 55%|█████▌    | 50.2M/91.2M [00:04<00:02, 15.3MB/s] 49%|████▊     | 44.4M/91.2M [00:04<00:09, 5.16MB/s] 32%|███▏      | 29.6M/91.2M [00:03<00:17, 3.77MB/s] 50%|█████     | 45.6M/91.2M [00:04<00:07, 6.00MB/s] 57%|█████▋    | 52.1M/91.2M [00:04<00:02, 14.5MB/s] 51%|█████▏    | 46.9M/91.2M [00:04<00:06, 7.18MB/s] 59%|█████▉    | 53.8M/91.2M [00:04<00:03, 12.8MB/s] 53%|█████▎    | 48.2M/91.2M [00:04<00:05, 8.50MB/s] 57%|█████▋    | 52.0M/91.2M [00:05<00:04, 8.44MB/s] 55%|█████▌    | 50.5M/91.2M [00:05<00:03, 11.5MB/s] 57%|█████▋    | 51.9M/91.2M [00:05<00:03, 11.9MB/s] 60%|██████    | 54.8M/91.2M [00:05<00:02, 15.9MB/s] 62%|██████▏   | 56.8M/91.2M [00:05<00:02, 17.1MB/s] 61%|██████    | 55.4M/91.2M [00:05<00:04, 8.25MB/s] 64%|██████▍   | 58.6M/91.2M [00:05<00:02, 16.0MB/s] 64%|██████▍   | 58.5M/91.2M [00:05<00:03, 10.5MB/s] 67%|██████▋   | 61.5M/91.2M [00:05<00:01, 17.5MB/s] 33%|███▎      | 30.2M/91.2M [00:04<00:32, 1.97MB/s] 35%|███▍      | 31.5M/91.2M [00:04<00:23, 2.65MB/s] 69%|██████▉   | 63.2M/91.2M [00:05<00:01, 15.1MB/s] 66%|██████▌   | 60.1M/91.2M [00:05<00:03, 8.53MB/s] 61%|██████    | 55.2M/91.2M [00:05<00:08, 4.70MB/s] 36%|███▌      | 32.5M/91.2M [00:04<00:18, 3.34MB/s] 62%|██████▏   | 56.5M/91.2M [00:06<00:06, 5.20MB/s] 37%|███▋      | 33.6M/91.2M [00:04<00:14, 4.06MB/s] 38%|███▊      | 34.4M/91.2M [00:04<00:13, 4.52MB/s] 64%|██████▍   | 58.5M/91.2M [00:06<00:05, 6.77MB/s] 39%|███▉      | 35.6M/91.2M [00:04<00:10, 5.78MB/s] 68%|██████▊   | 61.9M/91.2M [00:06<00:04, 7.28MB/s] 66%|██████▌   | 60.1M/91.2M [00:06<00:04, 7.57MB/s] 71%|███████   | 64.9M/91.2M [00:06<00:03, 7.61MB/s] 72%|███████▏  | 65.2M/91.2M [00:06<00:02, 10.3MB/s] 40%|████      | 36.6M/91.2M [00:05<00:09, 6.24MB/s] 73%|███████▎  | 66.1M/91.2M [00:06<00:03, 8.15MB/s] 41%|████▏     | 37.8M/91.2M [00:05<00:07, 7.32MB/s] 74%|███████▎  | 67.2M/91.2M [00:06<00:02, 8.53MB/s] 67%|██████▋   | 61.2M/91.2M [00:06<00:05, 6.18MB/s] 75%|███████▍  | 68.4M/91.2M [00:06<00:02, 8.66MB/s] 73%|███████▎  | 67.0M/91.2M [00:06<00:03, 7.92MB/s] 68%|██████▊   | 62.2M/91.2M [00:06<00:04, 6.21MB/s] 76%|███████▋  | 69.6M/91.2M [00:06<00:02, 9.51MB/s] 69%|██████▉   | 63.1M/91.2M [00:06<00:04, 6.43MB/s] 78%|███████▊  | 70.9M/91.2M [00:06<00:02, 9.82MB/s] 42%|████▏     | 38.8M/91.2M [00:05<00:12, 4.24MB/s] 79%|███████▉  | 72.4M/91.2M [00:07<00:01, 10.5MB/s] 81%|████████  | 73.6M/91.2M [00:07<00:01, 11.0MB/s] 76%|███████▌  | 68.9M/91.2M [00:07<00:03, 6.98MB/s] 84%|████████▎ | 76.4M/91.2M [00:07<00:01, 15.4MB/s] 70%|███████   | 64.2M/91.2M [00:07<00:05, 4.74MB/s] 86%|████████▌ | 78.0M/91.2M [00:07<00:00, 15.4MB/s] 72%|███████▏  | 65.5M/91.2M [00:07<00:04, 5.89MB/s] 44%|████▍     | 40.1M/91.2M [00:06<00:14, 3.80MB/s] 73%|███████▎  | 66.4M/91.2M [00:07<00:04, 6.38MB/s] 45%|████▍     | 40.8M/91.2M [00:06<00:12, 4.09MB/s] 87%|████████▋ | 79.6M/91.2M [00:07<00:00, 12.7MB/s] 79%|███████▉  | 72.0M/91.2M [00:07<00:02, 7.37MB/s] 74%|███████▎  | 67.2M/91.2M [00:07<00:03, 6.65MB/s] 46%|████▌     | 41.6M/91.2M [00:06<00:11, 4.34MB/s] 75%|███████▍  | 68.4M/91.2M [00:07<00:03, 7.40MB/s] 89%|████████▉ | 81.0M/91.2M [00:07<00:01, 9.06MB/s] 46%|████▋     | 42.2M/91.2M [00:06<00:11, 4.44MB/s] 76%|███████▌  | 69.5M/91.2M [00:07<00:02, 7.90MB/s] 91%|█████████ | 82.6M/91.2M [00:08<00:00, 10.5MB/s] 82%|████████▏ | 75.0M/91.2M [00:08<00:02, 7.47MB/s] 93%|█████████▎| 84.5M/91.2M [00:08<00:00, 11.9MB/s] 96%|█████████▌| 87.8M/91.2M [00:08<00:00, 16.7MB/s] 47%|████▋     | 42.9M/91.2M [00:07<00:16, 3.07MB/s] 98%|█████████▊| 89.6M/91.2M [00:08<00:00, 16.5MB/s] 86%|████████▌ | 78.2M/91.2M [00:08<00:01, 7.70MB/s] 77%|███████▋  | 70.4M/91.2M [00:08<00:05, 4.18MB/s] 48%|████▊     | 43.6M/91.2M [00:07<00:15, 3.31MB/s] 78%|███████▊  | 71.5M/91.2M [00:08<00:04, 5.06MB/s] 49%|████▉     | 44.9M/91.2M [00:07<00:10, 4.67MB/s] 80%|████████  | 73.1M/91.2M [00:08<00:02, 6.83MB/s] 50%|█████     | 45.8M/91.2M [00:07<00:08, 5.42MB/s]100%|██████████| 91.2M/91.2M [00:08<00:00, 10.9MB/s]
 82%|████████▏ | 74.6M/91.2M [00:08<00:02, 8.48MB/s] 89%|████████▉ | 81.0M/91.2M [00:08<00:01, 7.44MB/s] 51%|█████     | 46.5M/91.2M [00:07<00:08, 5.61MB/s] 52%|█████▏    | 47.9M/91.2M [00:07<00:06, 7.45MB/s] 83%|████████▎ | 76.0M/91.2M [00:08<00:01, 8.76MB/s] 92%|█████████▏| 84.0M/91.2M [00:09<00:00, 9.48MB/s] 85%|████████▍ | 77.5M/91.2M [00:09<00:01, 9.91MB/s] 53%|█████▎    | 48.8M/91.2M [00:07<00:05, 7.42MB/s] 86%|████████▋ | 78.9M/91.2M [00:09<00:01, 10.6MB/s] 88%|████████▊ | 80.6M/91.2M [00:09<00:00, 12.4MB/s] 93%|█████████▎| 85.2M/91.2M [00:09<00:00, 7.53MB/s] 91%|█████████ | 82.9M/91.2M [00:09<00:00, 15.2MB/s] 93%|█████████▎| 85.0M/91.2M [00:09<00:00, 16.2MB/s] 55%|█████▌    | 50.2M/91.2M [00:08<00:09, 4.63MB/s] 95%|█████████▌| 86.9M/91.2M [00:09<00:00, 16.7MB/s] 96%|█████████▌| 87.1M/91.2M [00:09<00:00, 6.64MB/s] 98%|█████████▊| 89.1M/91.2M [00:09<00:00, 16.6MB/s]100%|██████████| 91.2M/91.2M [00:09<00:00, 9.70MB/s]
 56%|█████▌    | 51.2M/91.2M [00:08<00:11, 3.76MB/s] 60%|██████    | 55.1M/91.2M [00:08<00:04, 8.30MB/s] 98%|█████████▊| 89.8M/91.2M [00:10<00:00, 6.79MB/s]100%|██████████| 91.2M/91.2M [00:10<00:00, 9.38MB/s]
 66%|██████▌   | 60.4M/91.2M [00:08<00:02, 15.2MB/s] 69%|██████▉   | 63.0M/91.2M [00:09<00:01, 16.8MB/s] 72%|███████▏  | 65.5M/91.2M [00:09<00:01, 17.9MB/s] 74%|███████▍  | 67.9M/91.2M [00:09<00:01, 18.6MB/s] 77%|███████▋  | 70.1M/91.2M [00:09<00:01, 18.9MB/s] 79%|███████▉  | 72.4M/91.2M [00:09<00:01, 18.7MB/s] 83%|████████▎ | 75.2M/91.2M [00:09<00:00, 21.4MB/s] 85%|████████▌ | 77.6M/91.2M [00:09<00:00, 22.0MB/s] 88%|████████▊ | 80.0M/91.2M [00:09<00:00, 21.3MB/s] 90%|█████████ | 82.2M/91.2M [00:09<00:00, 20.2MB/s] 93%|█████████▎| 84.4M/91.2M [00:10<00:00, 20.6MB/s] 95%|█████████▍| 86.5M/91.2M [00:10<00:00, 19.7MB/s] 98%|█████████▊| 89.1M/91.2M [00:10<00:00, 11.9MB/s]100%|██████████| 91.2M/91.2M [00:10<00:00, 8.95MB/s]
2025-09-19 08:59:39 INFO     384 samples generated in 1024 evaluations.
2025-09-19 08:59:45 INFO     384 samples generated in 1024 evaluations.
2025-09-19 08:59:47 INFO     384 samples generated in 1024 evaluations.
2025-09-19 08:59:50 INFO     384 samples generated in 1024 evaluations.
2025-09-19 08:59:55 INFO     Evaluating [0/32] samples generated [250/250] running fid 65.4174575805664
/sds_wangby/group_conda_envs/anaconda3/envs/verl/lib/python3.10/site-packages/torchmetrics/image/fid.py:178: UserWarning: Specified kernel cache directory could not be created! This disables kernel caching. Specified directory is /root/.cache/torch/kernels. This warning will appear only once per process. (Triggered internally at ../aten/src/ATen/native/cuda/jit_utils.cpp:1442.)
  c = torch.linalg.eigvals(sigma1 @ sigma2).sqrt().real.sum(dim=-1)
/sds_wangby/group_conda_envs/anaconda3/envs/verl/lib/python3.10/site-packages/torchmetrics/image/fid.py:178: UserWarning: Specified kernel cache directory could not be created! This disables kernel caching. Specified directory is /root/.cache/torch/kernels. This warning will appear only once per process. (Triggered internally at ../aten/src/ATen/native/cuda/jit_utils.cpp:1442.)
  c = torch.linalg.eigvals(sigma1 @ sigma2).sqrt().real.sum(dim=-1)
/sds_wangby/group_conda_envs/anaconda3/envs/verl/lib/python3.10/site-packages/torchmetrics/image/fid.py:178: UserWarning: Specified kernel cache directory could not be created! This disables kernel caching. Specified directory is /root/.cache/torch/kernels. This warning will appear only once per process. (Triggered internally at ../aten/src/ATen/native/cuda/jit_utils.cpp:1442.)
  c = torch.linalg.eigvals(sigma1 @ sigma2).sqrt().real.sum(dim=-1)
2025-09-19 08:59:55 INFO     Evaluating [0/32] samples generated [250/250] running fid 65.4174575805664
2025-09-19 08:59:55 INFO     Evaluating [0/32] samples generated [250/250] running fid 65.4174575805664
2025-09-19 08:59:55 INFO     Evaluating [0/32] samples generated [250/250] running fid 65.4174575805664
2025-09-19 09:00:04 INFO     Epoch 950 [0/32]: loss = 0.9821362495422363, lr = 0.000125
2025-09-19 09:00:04 INFO     Epoch 950 [0/32]: loss = 0.9821362495422363, lr = 0.000125
2025-09-19 09:00:04 INFO     Epoch 950 [0/32]: loss = 0.9821362495422363, lr = 0.000125
2025-09-19 09:00:04 INFO     Epoch 950 [0/32]: loss = 0.9821362495422363, lr = 0.000125
2025-09-19 09:00:16 INFO     Epoch 950 [10/32]: loss = 1.0391242504119873, lr = 0.000125
2025-09-19 09:00:16 INFO     Epoch 950 [10/32]: loss = 1.0391242504119873, lr = 0.000125
2025-09-19 09:00:16 INFO     Epoch 950 [10/32]: loss = 1.0391242504119873, lr = 0.000125
2025-09-19 09:00:16 INFO     Epoch 950 [10/32]: loss = 1.0391242504119873, lr = 0.000125
2025-09-19 09:00:28 INFO     Epoch 950 [20/32]: loss = 1.0031657218933105, lr = 0.000125
2025-09-19 09:00:28 INFO     Epoch 950 [20/32]: loss = 1.0031657218933105, lr = 0.000125
2025-09-19 09:00:28 INFO     Epoch 950 [20/32]: loss = 1.0031657218933105, lr = 0.000125
2025-09-19 09:00:28 INFO     Epoch 950 [20/32]: loss = 1.0031657218933105, lr = 0.000125
2025-09-19 09:00:40 INFO     Epoch 950 [30/32]: loss = 1.0697197914123535, lr = 0.000125
2025-09-19 09:00:40 INFO     Epoch 950 [30/32]: loss = 1.0697197914123535, lr = 0.000125
2025-09-19 09:00:40 INFO     Epoch 950 [30/32]: loss = 1.0697197914123535, lr = 0.000125
2025-09-19 09:00:40 INFO     Epoch 950 [30/32]: loss = 1.0697197914123535, lr = 0.000125
2025-09-19 09:00:43 INFO     Epoch 951 [0/32]: loss = 0.9381389021873474, lr = 0.000125
2025-09-19 09:00:43 INFO     Epoch 951 [0/32]: loss = 0.9381389021873474, lr = 0.000125
2025-09-19 09:00:43 INFO     Epoch 951 [0/32]: loss = 0.9381389021873474, lr = 0.000125
2025-09-19 09:00:43 INFO     Epoch 951 [0/32]: loss = 0.9381389021873474, lr = 0.000125
2025-09-19 09:00:55 INFO     Epoch 951 [10/32]: loss = 1.0527199506759644, lr = 0.000125
2025-09-19 09:00:55 INFO     Epoch 951 [10/32]: loss = 1.0527199506759644, lr = 0.000125
2025-09-19 09:00:55 INFO     Epoch 951 [10/32]: loss = 1.0527199506759644, lr = 0.000125
2025-09-19 09:00:55 INFO     Epoch 951 [10/32]: loss = 1.0527199506759644, lr = 0.000125
2025-09-19 09:01:06 INFO     Epoch 951 [20/32]: loss = 0.978751540184021, lr = 0.000125
2025-09-19 09:01:06 INFO     Epoch 951 [20/32]: loss = 0.978751540184021, lr = 0.000125
2025-09-19 09:01:06 INFO     Epoch 951 [20/32]: loss = 0.978751540184021, lr = 0.000125
2025-09-19 09:01:06 INFO     Epoch 951 [20/32]: loss = 0.978751540184021, lr = 0.000125
2025-09-19 09:01:18 INFO     Epoch 951 [30/32]: loss = 0.9816694855690002, lr = 0.000125
2025-09-19 09:01:18 INFO     Epoch 951 [30/32]: loss = 0.9816694855690002, lr = 0.000125
2025-09-19 09:01:18 INFO     Epoch 951 [30/32]: loss = 0.9816694855690002, lr = 0.000125
2025-09-19 09:01:18 INFO     Epoch 951 [30/32]: loss = 0.9816694855690002, lr = 0.000125
2025-09-19 09:01:21 INFO     Epoch 952 [0/32]: loss = 1.026082992553711, lr = 0.000125
2025-09-19 09:01:21 INFO     Epoch 952 [0/32]: loss = 1.026082992553711, lr = 0.000125
2025-09-19 09:01:21 INFO     Epoch 952 [0/32]: loss = 1.026082992553711, lr = 0.000125
2025-09-19 09:01:21 INFO     Epoch 952 [0/32]: loss = 1.026082992553711, lr = 0.000125
2025-09-19 09:01:33 INFO     Epoch 952 [10/32]: loss = 0.9874107241630554, lr = 0.000125
2025-09-19 09:01:33 INFO     Epoch 952 [10/32]: loss = 0.9874107241630554, lr = 0.000125
2025-09-19 09:01:33 INFO     Epoch 952 [10/32]: loss = 0.9874107241630554, lr = 0.000125
2025-09-19 09:01:33 INFO     Epoch 952 [10/32]: loss = 0.9874107241630554, lr = 0.000125
2025-09-19 09:01:45 INFO     Epoch 952 [20/32]: loss = 0.95954829454422, lr = 0.000125
2025-09-19 09:01:45 INFO     Epoch 952 [20/32]: loss = 0.95954829454422, lr = 0.000125
2025-09-19 09:01:45 INFO     Epoch 952 [20/32]: loss = 0.95954829454422, lr = 0.000125
2025-09-19 09:01:45 INFO     Epoch 952 [20/32]: loss = 0.95954829454422, lr = 0.000125
2025-09-19 09:01:57 INFO     Epoch 952 [30/32]: loss = 0.9708420634269714, lr = 0.000125
2025-09-19 09:01:57 INFO     Epoch 952 [30/32]: loss = 0.9708420634269714, lr = 0.000125
2025-09-19 09:01:57 INFO     Epoch 952 [30/32]: loss = 0.9708420634269714, lr = 0.000125
2025-09-19 09:01:57 INFO     Epoch 952 [30/32]: loss = 0.9708420634269714, lr = 0.000125
2025-09-19 09:02:00 INFO     Epoch 953 [0/32]: loss = 0.9557210206985474, lr = 0.000125
2025-09-19 09:02:00 INFO     Epoch 953 [0/32]: loss = 0.9557210206985474, lr = 0.000125
2025-09-19 09:02:00 INFO     Epoch 953 [0/32]: loss = 0.9557210206985474, lr = 0.000125
2025-09-19 09:02:00 INFO     Epoch 953 [0/32]: loss = 0.9557210206985474, lr = 0.000125
2025-09-19 09:02:12 INFO     Epoch 953 [10/32]: loss = 0.9151949882507324, lr = 0.000125
2025-09-19 09:02:12 INFO     Epoch 953 [10/32]: loss = 0.9151949882507324, lr = 0.000125
2025-09-19 09:02:12 INFO     Epoch 953 [10/32]: loss = 0.9151949882507324, lr = 0.000125
2025-09-19 09:02:12 INFO     Epoch 953 [10/32]: loss = 0.9151949882507324, lr = 0.000125
2025-09-19 09:02:24 INFO     Epoch 953 [20/32]: loss = 0.9678842425346375, lr = 0.000125
2025-09-19 09:02:24 INFO     Epoch 953 [20/32]: loss = 0.9678842425346375, lr = 0.000125
2025-09-19 09:02:24 INFO     Epoch 953 [20/32]: loss = 0.9678842425346375, lr = 0.000125
2025-09-19 09:02:24 INFO     Epoch 953 [20/32]: loss = 0.9678842425346375, lr = 0.000125
2025-09-19 09:02:36 INFO     Epoch 953 [30/32]: loss = 0.92130446434021, lr = 0.000125
2025-09-19 09:02:36 INFO     Epoch 953 [30/32]: loss = 0.92130446434021, lr = 0.000125
2025-09-19 09:02:36 INFO     Epoch 953 [30/32]: loss = 0.92130446434021, lr = 0.000125
2025-09-19 09:02:36 INFO     Epoch 953 [30/32]: loss = 0.92130446434021, lr = 0.000125
2025-09-19 09:02:39 INFO     Epoch 954 [0/32]: loss = 0.9007608890533447, lr = 0.000125
2025-09-19 09:02:39 INFO     Epoch 954 [0/32]: loss = 0.9007608890533447, lr = 0.000125
2025-09-19 09:02:39 INFO     Epoch 954 [0/32]: loss = 0.9007608890533447, lr = 0.000125
2025-09-19 09:02:39 INFO     Epoch 954 [0/32]: loss = 0.9007608890533447, lr = 0.000125
2025-09-19 09:02:51 INFO     Epoch 954 [10/32]: loss = 0.9472661018371582, lr = 0.000125
2025-09-19 09:02:51 INFO     Epoch 954 [10/32]: loss = 0.9472661018371582, lr = 0.000125
2025-09-19 09:02:51 INFO     Epoch 954 [10/32]: loss = 0.9472661018371582, lr = 0.000125
2025-09-19 09:02:51 INFO     Epoch 954 [10/32]: loss = 0.9472661018371582, lr = 0.000125
2025-09-19 09:03:03 INFO     Epoch 954 [20/32]: loss = 0.8197091817855835, lr = 0.000125
2025-09-19 09:03:03 INFO     Epoch 954 [20/32]: loss = 0.8197091817855835, lr = 0.000125
2025-09-19 09:03:03 INFO     Epoch 954 [20/32]: loss = 0.8197091817855835, lr = 0.000125
2025-09-19 09:03:03 INFO     Epoch 954 [20/32]: loss = 0.8197091817855835, lr = 0.000125
2025-09-19 09:03:14 INFO     Epoch 954 [30/32]: loss = 0.9106464385986328, lr = 0.000125
2025-09-19 09:03:14 INFO     Epoch 954 [30/32]: loss = 0.9106464385986328, lr = 0.000125
2025-09-19 09:03:14 INFO     Epoch 954 [30/32]: loss = 0.9106464385986328, lr = 0.000125
2025-09-19 09:03:14 INFO     Epoch 954 [30/32]: loss = 0.9106464385986328, lr = 0.000125
2025-09-19 09:03:17 INFO     Epoch 955 [0/32]: loss = 0.8728417158126831, lr = 0.000125
2025-09-19 09:03:17 INFO     Epoch 955 [0/32]: loss = 0.8728417158126831, lr = 0.000125
2025-09-19 09:03:17 INFO     Epoch 955 [0/32]: loss = 0.8728417158126831, lr = 0.000125
2025-09-19 09:03:17 INFO     Epoch 955 [0/32]: loss = 0.8728417158126831, lr = 0.000125
2025-09-19 09:03:29 INFO     Epoch 955 [10/32]: loss = 1.0105915069580078, lr = 0.000125
2025-09-19 09:03:29 INFO     Epoch 955 [10/32]: loss = 1.0105915069580078, lr = 0.000125
2025-09-19 09:03:29 INFO     Epoch 955 [10/32]: loss = 1.0105915069580078, lr = 0.000125
2025-09-19 09:03:29 INFO     Epoch 955 [10/32]: loss = 1.0105915069580078, lr = 0.000125
2025-09-19 09:03:41 INFO     Epoch 955 [20/32]: loss = 0.8500577211380005, lr = 0.000125
2025-09-19 09:03:41 INFO     Epoch 955 [20/32]: loss = 0.8500577211380005, lr = 0.000125
2025-09-19 09:03:41 INFO     Epoch 955 [20/32]: loss = 0.8500577211380005, lr = 0.000125
2025-09-19 09:03:41 INFO     Epoch 955 [20/32]: loss = 0.8500577211380005, lr = 0.000125
2025-09-19 09:03:53 INFO     Epoch 955 [30/32]: loss = 0.921090841293335, lr = 0.000125
2025-09-19 09:03:53 INFO     Epoch 955 [30/32]: loss = 0.921090841293335, lr = 0.000125
2025-09-19 09:03:53 INFO     Epoch 955 [30/32]: loss = 0.921090841293335, lr = 0.000125
2025-09-19 09:03:53 INFO     Epoch 955 [30/32]: loss = 0.921090841293335, lr = 0.000125
2025-09-19 09:03:56 INFO     Epoch 956 [0/32]: loss = 0.9257209300994873, lr = 0.000125
2025-09-19 09:03:56 INFO     Epoch 956 [0/32]: loss = 0.9257209300994873, lr = 0.000125
2025-09-19 09:03:56 INFO     Epoch 956 [0/32]: loss = 0.9257209300994873, lr = 0.000125
2025-09-19 09:03:56 INFO     Epoch 956 [0/32]: loss = 0.9257209300994873, lr = 0.000125
2025-09-19 09:04:08 INFO     Epoch 956 [10/32]: loss = 0.8481215238571167, lr = 0.000125
2025-09-19 09:04:08 INFO     Epoch 956 [10/32]: loss = 0.8481215238571167, lr = 0.000125
2025-09-19 09:04:08 INFO     Epoch 956 [10/32]: loss = 0.8481215238571167, lr = 0.000125
2025-09-19 09:04:08 INFO     Epoch 956 [10/32]: loss = 0.8481215238571167, lr = 0.000125
2025-09-19 09:04:20 INFO     Epoch 956 [20/32]: loss = 0.8797081708908081, lr = 0.000125
2025-09-19 09:04:20 INFO     Epoch 956 [20/32]: loss = 0.8797081708908081, lr = 0.000125
2025-09-19 09:04:20 INFO     Epoch 956 [20/32]: loss = 0.8797081708908081, lr = 0.000125
2025-09-19 09:04:20 INFO     Epoch 956 [20/32]: loss = 0.8797081708908081, lr = 0.000125
2025-09-19 09:04:32 INFO     Epoch 956 [30/32]: loss = 0.8318668007850647, lr = 0.000125
2025-09-19 09:04:32 INFO     Epoch 956 [30/32]: loss = 0.8318668007850647, lr = 0.000125
2025-09-19 09:04:32 INFO     Epoch 956 [30/32]: loss = 0.8318668007850647, lr = 0.000125
2025-09-19 09:04:32 INFO     Epoch 956 [30/32]: loss = 0.8318668007850647, lr = 0.000125
2025-09-19 09:04:35 INFO     Epoch 957 [0/32]: loss = 0.8704217672348022, lr = 0.000125
2025-09-19 09:04:35 INFO     Epoch 957 [0/32]: loss = 0.8704217672348022, lr = 0.000125
2025-09-19 09:04:35 INFO     Epoch 957 [0/32]: loss = 0.8704217672348022, lr = 0.000125
2025-09-19 09:04:35 INFO     Epoch 957 [0/32]: loss = 0.8704217672348022, lr = 0.000125
2025-09-19 09:04:47 INFO     Epoch 957 [10/32]: loss = 0.8966864347457886, lr = 0.000125
2025-09-19 09:04:47 INFO     Epoch 957 [10/32]: loss = 0.8966864347457886, lr = 0.000125
2025-09-19 09:04:47 INFO     Epoch 957 [10/32]: loss = 0.8966864347457886, lr = 0.000125
2025-09-19 09:04:47 INFO     Epoch 957 [10/32]: loss = 0.8966864347457886, lr = 0.000125
2025-09-19 09:04:58 INFO     Epoch 957 [20/32]: loss = 0.8846813440322876, lr = 0.000125
2025-09-19 09:04:58 INFO     Epoch 957 [20/32]: loss = 0.8846813440322876, lr = 0.000125
2025-09-19 09:04:58 INFO     Epoch 957 [20/32]: loss = 0.8846813440322876, lr = 0.000125
2025-09-19 09:04:58 INFO     Epoch 957 [20/32]: loss = 0.8846813440322876, lr = 0.000125
2025-09-19 09:05:10 INFO     Epoch 957 [30/32]: loss = 0.7775139808654785, lr = 0.000125
2025-09-19 09:05:10 INFO     Epoch 957 [30/32]: loss = 0.7775139808654785, lr = 0.000125
2025-09-19 09:05:10 INFO     Epoch 957 [30/32]: loss = 0.7775139808654785, lr = 0.000125
2025-09-19 09:05:10 INFO     Epoch 957 [30/32]: loss = 0.7775139808654785, lr = 0.000125
2025-09-19 09:05:13 INFO     Epoch 958 [0/32]: loss = 0.8856004476547241, lr = 0.000125
2025-09-19 09:05:13 INFO     Epoch 958 [0/32]: loss = 0.8856004476547241, lr = 0.000125
2025-09-19 09:05:13 INFO     Epoch 958 [0/32]: loss = 0.8856004476547241, lr = 0.000125
2025-09-19 09:05:13 INFO     Epoch 958 [0/32]: loss = 0.8856004476547241, lr = 0.000125
2025-09-19 09:05:25 INFO     Epoch 958 [10/32]: loss = 0.8473403453826904, lr = 0.000125
2025-09-19 09:05:25 INFO     Epoch 958 [10/32]: loss = 0.8473403453826904, lr = 0.000125
2025-09-19 09:05:25 INFO     Epoch 958 [10/32]: loss = 0.8473403453826904, lr = 0.000125
2025-09-19 09:05:25 INFO     Epoch 958 [10/32]: loss = 0.8473403453826904, lr = 0.000125
2025-09-19 09:05:37 INFO     Epoch 958 [20/32]: loss = 0.8817124366760254, lr = 0.000125
2025-09-19 09:05:37 INFO     Epoch 958 [20/32]: loss = 0.8817124366760254, lr = 0.000125
2025-09-19 09:05:37 INFO     Epoch 958 [20/32]: loss = 0.8817124366760254, lr = 0.000125
2025-09-19 09:05:37 INFO     Epoch 958 [20/32]: loss = 0.8817124366760254, lr = 0.000125
2025-09-19 09:05:49 INFO     Epoch 958 [30/32]: loss = 0.8314352035522461, lr = 0.000125
2025-09-19 09:05:49 INFO     Epoch 958 [30/32]: loss = 0.8314352035522461, lr = 0.000125
2025-09-19 09:05:49 INFO     Epoch 958 [30/32]: loss = 0.8314352035522461, lr = 0.000125
2025-09-19 09:05:49 INFO     Epoch 958 [30/32]: loss = 0.8314352035522461, lr = 0.000125
2025-09-19 09:05:52 INFO     Epoch 959 [0/32]: loss = 0.8074126243591309, lr = 0.000125
2025-09-19 09:05:52 INFO     Epoch 959 [0/32]: loss = 0.8074126243591309, lr = 0.000125
2025-09-19 09:05:52 INFO     Epoch 959 [0/32]: loss = 0.8074126243591309, lr = 0.000125
2025-09-19 09:05:52 INFO     Epoch 959 [0/32]: loss = 0.8074126243591309, lr = 0.000125
2025-09-19 09:06:04 INFO     Epoch 959 [10/32]: loss = 0.849999725818634, lr = 0.000125
2025-09-19 09:06:04 INFO     Epoch 959 [10/32]: loss = 0.849999725818634, lr = 0.000125
2025-09-19 09:06:04 INFO     Epoch 959 [10/32]: loss = 0.849999725818634, lr = 0.000125
2025-09-19 09:06:04 INFO     Epoch 959 [10/32]: loss = 0.849999725818634, lr = 0.000125
2025-09-19 09:06:15 INFO     Epoch 959 [20/32]: loss = 0.7296503782272339, lr = 0.000125
2025-09-19 09:06:15 INFO     Epoch 959 [20/32]: loss = 0.7296503782272339, lr = 0.000125
2025-09-19 09:06:15 INFO     Epoch 959 [20/32]: loss = 0.7296503782272339, lr = 0.000125
2025-09-19 09:06:15 INFO     Epoch 959 [20/32]: loss = 0.7296503782272339, lr = 0.000125
2025-09-19 09:06:27 INFO     Epoch 959 [30/32]: loss = 0.8540743589401245, lr = 0.000125
2025-09-19 09:06:27 INFO     Epoch 959 [30/32]: loss = 0.8540743589401245, lr = 0.000125
2025-09-19 09:06:27 INFO     Epoch 959 [30/32]: loss = 0.8540743589401245, lr = 0.000125
2025-09-19 09:06:27 INFO     Epoch 959 [30/32]: loss = 0.8540743589401245, lr = 0.000125
2025-09-19 09:06:30 INFO     Epoch 960 [0/32]: loss = 0.7908275723457336, lr = 0.000125
2025-09-19 09:06:30 INFO     Epoch 960 [0/32]: loss = 0.7908275723457336, lr = 0.000125
2025-09-19 09:06:30 INFO     Epoch 960 [0/32]: loss = 0.7908275723457336, lr = 0.000125
2025-09-19 09:06:30 INFO     Epoch 960 [0/32]: loss = 0.7908275723457336, lr = 0.000125
2025-09-19 09:06:42 INFO     Epoch 960 [10/32]: loss = 0.7781911492347717, lr = 0.000125
2025-09-19 09:06:42 INFO     Epoch 960 [10/32]: loss = 0.7781911492347717, lr = 0.000125
2025-09-19 09:06:42 INFO     Epoch 960 [10/32]: loss = 0.7781911492347717, lr = 0.000125
2025-09-19 09:06:42 INFO     Epoch 960 [10/32]: loss = 0.7781911492347717, lr = 0.000125
2025-09-19 09:06:54 INFO     Epoch 960 [20/32]: loss = 0.813475489616394, lr = 0.000125
2025-09-19 09:06:54 INFO     Epoch 960 [20/32]: loss = 0.813475489616394, lr = 0.000125
2025-09-19 09:06:54 INFO     Epoch 960 [20/32]: loss = 0.813475489616394, lr = 0.000125
2025-09-19 09:06:54 INFO     Epoch 960 [20/32]: loss = 0.813475489616394, lr = 0.000125
2025-09-19 09:07:06 INFO     Epoch 960 [30/32]: loss = 0.8360310196876526, lr = 0.000125
2025-09-19 09:07:06 INFO     Epoch 960 [30/32]: loss = 0.8360310196876526, lr = 0.000125
2025-09-19 09:07:06 INFO     Epoch 960 [30/32]: loss = 0.8360310196876526, lr = 0.000125
2025-09-19 09:07:06 INFO     Epoch 960 [30/32]: loss = 0.8360310196876526, lr = 0.000125
2025-09-19 09:07:09 INFO     Epoch 961 [0/32]: loss = 0.939098060131073, lr = 0.000125
2025-09-19 09:07:09 INFO     Epoch 961 [0/32]: loss = 0.939098060131073, lr = 0.000125
2025-09-19 09:07:09 INFO     Epoch 961 [0/32]: loss = 0.939098060131073, lr = 0.000125
2025-09-19 09:07:09 INFO     Epoch 961 [0/32]: loss = 0.939098060131073, lr = 0.000125
2025-09-19 09:07:21 INFO     Epoch 961 [10/32]: loss = 0.80872642993927, lr = 0.000125
2025-09-19 09:07:21 INFO     Epoch 961 [10/32]: loss = 0.80872642993927, lr = 0.000125
2025-09-19 09:07:21 INFO     Epoch 961 [10/32]: loss = 0.80872642993927, lr = 0.000125
2025-09-19 09:07:21 INFO     Epoch 961 [10/32]: loss = 0.80872642993927, lr = 0.000125
2025-09-19 09:07:33 INFO     Epoch 961 [20/32]: loss = 0.8198636770248413, lr = 0.000125
2025-09-19 09:07:33 INFO     Epoch 961 [20/32]: loss = 0.8198636770248413, lr = 0.000125
2025-09-19 09:07:33 INFO     Epoch 961 [20/32]: loss = 0.8198636770248413, lr = 0.000125
2025-09-19 09:07:33 INFO     Epoch 961 [20/32]: loss = 0.8198636770248413, lr = 0.000125
2025-09-19 09:07:45 INFO     Epoch 961 [30/32]: loss = 0.779080867767334, lr = 0.000125
2025-09-19 09:07:45 INFO     Epoch 961 [30/32]: loss = 0.779080867767334, lr = 0.000125
2025-09-19 09:07:45 INFO     Epoch 961 [30/32]: loss = 0.779080867767334, lr = 0.000125
2025-09-19 09:07:45 INFO     Epoch 961 [30/32]: loss = 0.779080867767334, lr = 0.000125
2025-09-19 09:07:48 INFO     Epoch 962 [0/32]: loss = 0.7551642060279846, lr = 0.000125
2025-09-19 09:07:48 INFO     Epoch 962 [0/32]: loss = 0.7551642060279846, lr = 0.000125
2025-09-19 09:07:48 INFO     Epoch 962 [0/32]: loss = 0.7551642060279846, lr = 0.000125
2025-09-19 09:07:48 INFO     Epoch 962 [0/32]: loss = 0.7551642060279846, lr = 0.000125
2025-09-19 09:08:00 INFO     Epoch 962 [10/32]: loss = 0.8604840040206909, lr = 0.000125
2025-09-19 09:08:00 INFO     Epoch 962 [10/32]: loss = 0.8604840040206909, lr = 0.000125
2025-09-19 09:08:00 INFO     Epoch 962 [10/32]: loss = 0.8604840040206909, lr = 0.000125
2025-09-19 09:08:00 INFO     Epoch 962 [10/32]: loss = 0.8604840040206909, lr = 0.000125
2025-09-19 09:08:12 INFO     Epoch 962 [20/32]: loss = 0.8953138589859009, lr = 0.000125
2025-09-19 09:08:12 INFO     Epoch 962 [20/32]: loss = 0.8953138589859009, lr = 0.000125
2025-09-19 09:08:12 INFO     Epoch 962 [20/32]: loss = 0.8953138589859009, lr = 0.000125
2025-09-19 09:08:12 INFO     Epoch 962 [20/32]: loss = 0.8953138589859009, lr = 0.000125
2025-09-19 09:08:24 INFO     Epoch 962 [30/32]: loss = 0.7654730677604675, lr = 0.000125
2025-09-19 09:08:24 INFO     Epoch 962 [30/32]: loss = 0.7654730677604675, lr = 0.000125
2025-09-19 09:08:24 INFO     Epoch 962 [30/32]: loss = 0.7654730677604675, lr = 0.000125
2025-09-19 09:08:24 INFO     Epoch 962 [30/32]: loss = 0.7654730677604675, lr = 0.000125
2025-09-19 09:08:27 INFO     Epoch 963 [0/32]: loss = 0.7656078338623047, lr = 0.000125
2025-09-19 09:08:27 INFO     Epoch 963 [0/32]: loss = 0.7656078338623047, lr = 0.000125
2025-09-19 09:08:27 INFO     Epoch 963 [0/32]: loss = 0.7656078338623047, lr = 0.000125
2025-09-19 09:08:27 INFO     Epoch 963 [0/32]: loss = 0.7656078338623047, lr = 0.000125
2025-09-19 09:08:39 INFO     Epoch 963 [10/32]: loss = 0.8438063263893127, lr = 0.000125
2025-09-19 09:08:39 INFO     Epoch 963 [10/32]: loss = 0.8438063263893127, lr = 0.000125
2025-09-19 09:08:39 INFO     Epoch 963 [10/32]: loss = 0.8438063263893127, lr = 0.000125
2025-09-19 09:08:39 INFO     Epoch 963 [10/32]: loss = 0.8438063263893127, lr = 0.000125
2025-09-19 09:08:51 INFO     Epoch 963 [20/32]: loss = 0.7241050004959106, lr = 0.000125
2025-09-19 09:08:51 INFO     Epoch 963 [20/32]: loss = 0.7241050004959106, lr = 0.000125
2025-09-19 09:08:51 INFO     Epoch 963 [20/32]: loss = 0.7241050004959106, lr = 0.000125
2025-09-19 09:08:51 INFO     Epoch 963 [20/32]: loss = 0.7241050004959106, lr = 0.000125
2025-09-19 09:09:02 INFO     Epoch 963 [30/32]: loss = 0.7813515663146973, lr = 0.000125
2025-09-19 09:09:02 INFO     Epoch 963 [30/32]: loss = 0.7813515663146973, lr = 0.000125
2025-09-19 09:09:02 INFO     Epoch 963 [30/32]: loss = 0.7813515663146973, lr = 0.000125
2025-09-19 09:09:02 INFO     Epoch 963 [30/32]: loss = 0.7813515663146973, lr = 0.000125
2025-09-19 09:09:05 INFO     Epoch 964 [0/32]: loss = 0.7177132368087769, lr = 0.000125
2025-09-19 09:09:05 INFO     Epoch 964 [0/32]: loss = 0.7177132368087769, lr = 0.000125
2025-09-19 09:09:05 INFO     Epoch 964 [0/32]: loss = 0.7177132368087769, lr = 0.000125
2025-09-19 09:09:05 INFO     Epoch 964 [0/32]: loss = 0.7177132368087769, lr = 0.000125
2025-09-19 09:09:17 INFO     Epoch 964 [10/32]: loss = 0.7877306342124939, lr = 0.000125
2025-09-19 09:09:17 INFO     Epoch 964 [10/32]: loss = 0.7877306342124939, lr = 0.000125
2025-09-19 09:09:17 INFO     Epoch 964 [10/32]: loss = 0.7877306342124939, lr = 0.000125
2025-09-19 09:09:17 INFO     Epoch 964 [10/32]: loss = 0.7877306342124939, lr = 0.000125
2025-09-19 09:09:29 INFO     Epoch 964 [20/32]: loss = 0.7918767929077148, lr = 0.000125
2025-09-19 09:09:29 INFO     Epoch 964 [20/32]: loss = 0.7918767929077148, lr = 0.000125
2025-09-19 09:09:29 INFO     Epoch 964 [20/32]: loss = 0.7918767929077148, lr = 0.000125
2025-09-19 09:09:29 INFO     Epoch 964 [20/32]: loss = 0.7918767929077148, lr = 0.000125
2025-09-19 09:09:41 INFO     Epoch 964 [30/32]: loss = 0.7914589643478394, lr = 0.000125
2025-09-19 09:09:41 INFO     Epoch 964 [30/32]: loss = 0.7914589643478394, lr = 0.000125
2025-09-19 09:09:41 INFO     Epoch 964 [30/32]: loss = 0.7914589643478394, lr = 0.000125
2025-09-19 09:09:41 INFO     Epoch 964 [30/32]: loss = 0.7914589643478394, lr = 0.000125
2025-09-19 09:09:44 INFO     Epoch 965 [0/32]: loss = 0.6933719515800476, lr = 0.000125
2025-09-19 09:09:44 INFO     Epoch 965 [0/32]: loss = 0.6933719515800476, lr = 0.000125
2025-09-19 09:09:44 INFO     Epoch 965 [0/32]: loss = 0.6933719515800476, lr = 0.000125
2025-09-19 09:09:44 INFO     Epoch 965 [0/32]: loss = 0.6933719515800476, lr = 0.000125
2025-09-19 09:09:56 INFO     Epoch 965 [10/32]: loss = 0.7210839986801147, lr = 0.000125
2025-09-19 09:09:56 INFO     Epoch 965 [10/32]: loss = 0.7210839986801147, lr = 0.000125
2025-09-19 09:09:56 INFO     Epoch 965 [10/32]: loss = 0.7210839986801147, lr = 0.000125
2025-09-19 09:09:56 INFO     Epoch 965 [10/32]: loss = 0.7210839986801147, lr = 0.000125
2025-09-19 09:10:08 INFO     Epoch 965 [20/32]: loss = 0.7187404036521912, lr = 0.000125
2025-09-19 09:10:08 INFO     Epoch 965 [20/32]: loss = 0.7187404036521912, lr = 0.000125
2025-09-19 09:10:08 INFO     Epoch 965 [20/32]: loss = 0.7187404036521912, lr = 0.000125
2025-09-19 09:10:08 INFO     Epoch 965 [20/32]: loss = 0.7187404036521912, lr = 0.000125
2025-09-19 09:10:20 INFO     Epoch 965 [30/32]: loss = 0.683348536491394, lr = 0.000125
2025-09-19 09:10:20 INFO     Epoch 965 [30/32]: loss = 0.683348536491394, lr = 0.000125
2025-09-19 09:10:20 INFO     Epoch 965 [30/32]: loss = 0.683348536491394, lr = 0.000125
2025-09-19 09:10:20 INFO     Epoch 965 [30/32]: loss = 0.683348536491394, lr = 0.000125
2025-09-19 09:10:23 INFO     Epoch 966 [0/32]: loss = 0.688133716583252, lr = 0.000125
2025-09-19 09:10:23 INFO     Epoch 966 [0/32]: loss = 0.688133716583252, lr = 0.000125
2025-09-19 09:10:23 INFO     Epoch 966 [0/32]: loss = 0.688133716583252, lr = 0.000125
2025-09-19 09:10:23 INFO     Epoch 966 [0/32]: loss = 0.688133716583252, lr = 0.000125
2025-09-19 09:10:35 INFO     Epoch 966 [10/32]: loss = 0.7415069937705994, lr = 0.000125
2025-09-19 09:10:35 INFO     Epoch 966 [10/32]: loss = 0.7415069937705994, lr = 0.000125
2025-09-19 09:10:35 INFO     Epoch 966 [10/32]: loss = 0.7415069937705994, lr = 0.000125
2025-09-19 09:10:35 INFO     Epoch 966 [10/32]: loss = 0.7415069937705994, lr = 0.000125
2025-09-19 09:10:47 INFO     Epoch 966 [20/32]: loss = 0.7975677251815796, lr = 0.000125
2025-09-19 09:10:47 INFO     Epoch 966 [20/32]: loss = 0.7975677251815796, lr = 0.000125
2025-09-19 09:10:47 INFO     Epoch 966 [20/32]: loss = 0.7975677251815796, lr = 0.000125
2025-09-19 09:10:47 INFO     Epoch 966 [20/32]: loss = 0.7975677251815796, lr = 0.000125
2025-09-19 09:10:58 INFO     Epoch 966 [30/32]: loss = 0.6335575580596924, lr = 0.000125
2025-09-19 09:10:58 INFO     Epoch 966 [30/32]: loss = 0.6335575580596924, lr = 0.000125
2025-09-19 09:10:58 INFO     Epoch 966 [30/32]: loss = 0.6335575580596924, lr = 0.000125
2025-09-19 09:10:58 INFO     Epoch 966 [30/32]: loss = 0.6335575580596924, lr = 0.000125
2025-09-19 09:11:01 INFO     Epoch 967 [0/32]: loss = 0.7146336436271667, lr = 0.000125
2025-09-19 09:11:01 INFO     Epoch 967 [0/32]: loss = 0.7146336436271667, lr = 0.000125
2025-09-19 09:11:01 INFO     Epoch 967 [0/32]: loss = 0.7146336436271667, lr = 0.000125
2025-09-19 09:11:01 INFO     Epoch 967 [0/32]: loss = 0.7146336436271667, lr = 0.000125
2025-09-19 09:11:13 INFO     Epoch 967 [10/32]: loss = 0.7394380569458008, lr = 0.000125
2025-09-19 09:11:13 INFO     Epoch 967 [10/32]: loss = 0.7394380569458008, lr = 0.000125
2025-09-19 09:11:13 INFO     Epoch 967 [10/32]: loss = 0.7394380569458008, lr = 0.000125
2025-09-19 09:11:13 INFO     Epoch 967 [10/32]: loss = 0.7394380569458008, lr = 0.000125
2025-09-19 09:11:25 INFO     Epoch 967 [20/32]: loss = 0.7484409809112549, lr = 0.000125
2025-09-19 09:11:25 INFO     Epoch 967 [20/32]: loss = 0.7484409809112549, lr = 0.000125
2025-09-19 09:11:25 INFO     Epoch 967 [20/32]: loss = 0.7484409809112549, lr = 0.000125
2025-09-19 09:11:25 INFO     Epoch 967 [20/32]: loss = 0.7484409809112549, lr = 0.000125
2025-09-19 09:11:37 INFO     Epoch 967 [30/32]: loss = 0.7517944574356079, lr = 0.000125
2025-09-19 09:11:37 INFO     Epoch 967 [30/32]: loss = 0.7517944574356079, lr = 0.000125
2025-09-19 09:11:37 INFO     Epoch 967 [30/32]: loss = 0.7517944574356079, lr = 0.000125
2025-09-19 09:11:37 INFO     Epoch 967 [30/32]: loss = 0.7517944574356079, lr = 0.000125
2025-09-19 09:11:40 INFO     Epoch 968 [0/32]: loss = 0.7033069133758545, lr = 0.000125
2025-09-19 09:11:40 INFO     Epoch 968 [0/32]: loss = 0.7033069133758545, lr = 0.000125
2025-09-19 09:11:40 INFO     Epoch 968 [0/32]: loss = 0.7033069133758545, lr = 0.000125
2025-09-19 09:11:40 INFO     Epoch 968 [0/32]: loss = 0.7033069133758545, lr = 0.000125
2025-09-19 09:11:52 INFO     Epoch 968 [10/32]: loss = 0.6819920539855957, lr = 0.000125
2025-09-19 09:11:52 INFO     Epoch 968 [10/32]: loss = 0.6819920539855957, lr = 0.000125
2025-09-19 09:11:52 INFO     Epoch 968 [10/32]: loss = 0.6819920539855957, lr = 0.000125
2025-09-19 09:11:52 INFO     Epoch 968 [10/32]: loss = 0.6819920539855957, lr = 0.000125
2025-09-19 09:12:04 INFO     Epoch 968 [20/32]: loss = 0.6885039806365967, lr = 0.000125
2025-09-19 09:12:04 INFO     Epoch 968 [20/32]: loss = 0.6885039806365967, lr = 0.000125
2025-09-19 09:12:04 INFO     Epoch 968 [20/32]: loss = 0.6885039806365967, lr = 0.000125
2025-09-19 09:12:04 INFO     Epoch 968 [20/32]: loss = 0.6885039806365967, lr = 0.000125
2025-09-19 09:12:16 INFO     Epoch 968 [30/32]: loss = 0.6703251600265503, lr = 0.000125
2025-09-19 09:12:16 INFO     Epoch 968 [30/32]: loss = 0.6703251600265503, lr = 0.000125
2025-09-19 09:12:16 INFO     Epoch 968 [30/32]: loss = 0.6703251600265503, lr = 0.000125
2025-09-19 09:12:16 INFO     Epoch 968 [30/32]: loss = 0.6703251600265503, lr = 0.000125
2025-09-19 09:12:19 INFO     Epoch 969 [0/32]: loss = 0.729323148727417, lr = 0.000125
2025-09-19 09:12:19 INFO     Epoch 969 [0/32]: loss = 0.729323148727417, lr = 0.000125
2025-09-19 09:12:19 INFO     Epoch 969 [0/32]: loss = 0.729323148727417, lr = 0.000125
2025-09-19 09:12:19 INFO     Epoch 969 [0/32]: loss = 0.729323148727417, lr = 0.000125
2025-09-19 09:12:31 INFO     Epoch 969 [10/32]: loss = 0.7335994839668274, lr = 0.000125
2025-09-19 09:12:31 INFO     Epoch 969 [10/32]: loss = 0.7335994839668274, lr = 0.000125
2025-09-19 09:12:31 INFO     Epoch 969 [10/32]: loss = 0.7335994839668274, lr = 0.000125
2025-09-19 09:12:31 INFO     Epoch 969 [10/32]: loss = 0.7335994839668274, lr = 0.000125
2025-09-19 09:12:42 INFO     Epoch 969 [20/32]: loss = 0.6721392869949341, lr = 0.000125
2025-09-19 09:12:42 INFO     Epoch 969 [20/32]: loss = 0.6721392869949341, lr = 0.000125
2025-09-19 09:12:42 INFO     Epoch 969 [20/32]: loss = 0.6721392869949341, lr = 0.000125
2025-09-19 09:12:42 INFO     Epoch 969 [20/32]: loss = 0.6721392869949341, lr = 0.000125
2025-09-19 09:12:54 INFO     Epoch 969 [30/32]: loss = 0.6483917236328125, lr = 0.000125
2025-09-19 09:12:54 INFO     Epoch 969 [30/32]: loss = 0.6483917236328125, lr = 0.000125
2025-09-19 09:12:54 INFO     Epoch 969 [30/32]: loss = 0.6483917236328125, lr = 0.000125
2025-09-19 09:12:54 INFO     Epoch 969 [30/32]: loss = 0.6483917236328125, lr = 0.000125
2025-09-19 09:12:57 INFO     Epoch 970 [0/32]: loss = 0.7199373245239258, lr = 0.000125
2025-09-19 09:12:57 INFO     Epoch 970 [0/32]: loss = 0.7199373245239258, lr = 0.000125
2025-09-19 09:12:57 INFO     Epoch 970 [0/32]: loss = 0.7199373245239258, lr = 0.000125
2025-09-19 09:12:57 INFO     Epoch 970 [0/32]: loss = 0.7199373245239258, lr = 0.000125
2025-09-19 09:13:09 INFO     Epoch 970 [10/32]: loss = 0.728836178779602, lr = 0.000125
2025-09-19 09:13:09 INFO     Epoch 970 [10/32]: loss = 0.728836178779602, lr = 0.000125
2025-09-19 09:13:09 INFO     Epoch 970 [10/32]: loss = 0.728836178779602, lr = 0.000125
2025-09-19 09:13:09 INFO     Epoch 970 [10/32]: loss = 0.728836178779602, lr = 0.000125
2025-09-19 09:13:21 INFO     Epoch 970 [20/32]: loss = 0.6654186248779297, lr = 0.000125
2025-09-19 09:13:21 INFO     Epoch 970 [20/32]: loss = 0.6654186248779297, lr = 0.000125
2025-09-19 09:13:21 INFO     Epoch 970 [20/32]: loss = 0.6654186248779297, lr = 0.000125
2025-09-19 09:13:21 INFO     Epoch 970 [20/32]: loss = 0.6654186248779297, lr = 0.000125
2025-09-19 09:13:33 INFO     Epoch 970 [30/32]: loss = 0.6671130061149597, lr = 0.000125
2025-09-19 09:13:33 INFO     Epoch 970 [30/32]: loss = 0.6671130061149597, lr = 0.000125
2025-09-19 09:13:33 INFO     Epoch 970 [30/32]: loss = 0.6671130061149597, lr = 0.000125
2025-09-19 09:13:33 INFO     Epoch 970 [30/32]: loss = 0.6671130061149597, lr = 0.000125
2025-09-19 09:13:36 INFO     Epoch 971 [0/32]: loss = 0.7274640798568726, lr = 0.000125
2025-09-19 09:13:36 INFO     Epoch 971 [0/32]: loss = 0.7274640798568726, lr = 0.000125
2025-09-19 09:13:36 INFO     Epoch 971 [0/32]: loss = 0.7274640798568726, lr = 0.000125
2025-09-19 09:13:36 INFO     Epoch 971 [0/32]: loss = 0.7274640798568726, lr = 0.000125
2025-09-19 09:13:48 INFO     Epoch 971 [10/32]: loss = 0.6795707941055298, lr = 0.000125
2025-09-19 09:13:48 INFO     Epoch 971 [10/32]: loss = 0.6795707941055298, lr = 0.000125
2025-09-19 09:13:48 INFO     Epoch 971 [10/32]: loss = 0.6795707941055298, lr = 0.000125
2025-09-19 09:13:48 INFO     Epoch 971 [10/32]: loss = 0.6795707941055298, lr = 0.000125
2025-09-19 09:14:00 INFO     Epoch 971 [20/32]: loss = 0.5754167437553406, lr = 0.000125
2025-09-19 09:14:00 INFO     Epoch 971 [20/32]: loss = 0.5754167437553406, lr = 0.000125
2025-09-19 09:14:00 INFO     Epoch 971 [20/32]: loss = 0.5754167437553406, lr = 0.000125
2025-09-19 09:14:00 INFO     Epoch 971 [20/32]: loss = 0.5754167437553406, lr = 0.000125
2025-09-19 09:14:12 INFO     Epoch 971 [30/32]: loss = 0.6345269083976746, lr = 0.000125
2025-09-19 09:14:12 INFO     Epoch 971 [30/32]: loss = 0.6345269083976746, lr = 0.000125
2025-09-19 09:14:12 INFO     Epoch 971 [30/32]: loss = 0.6345269083976746, lr = 0.000125
2025-09-19 09:14:12 INFO     Epoch 971 [30/32]: loss = 0.6345269083976746, lr = 0.000125
2025-09-19 09:14:15 INFO     Epoch 972 [0/32]: loss = 0.7027866244316101, lr = 0.000125
2025-09-19 09:14:15 INFO     Epoch 972 [0/32]: loss = 0.7027866244316101, lr = 0.000125
2025-09-19 09:14:15 INFO     Epoch 972 [0/32]: loss = 0.7027866244316101, lr = 0.000125
2025-09-19 09:14:15 INFO     Epoch 972 [0/32]: loss = 0.7027866244316101, lr = 0.000125
2025-09-19 09:14:26 INFO     Epoch 972 [10/32]: loss = 0.6588301658630371, lr = 0.000125
2025-09-19 09:14:26 INFO     Epoch 972 [10/32]: loss = 0.6588301658630371, lr = 0.000125
2025-09-19 09:14:26 INFO     Epoch 972 [10/32]: loss = 0.6588301658630371, lr = 0.000125
2025-09-19 09:14:26 INFO     Epoch 972 [10/32]: loss = 0.6588301658630371, lr = 0.000125
2025-09-19 09:14:38 INFO     Epoch 972 [20/32]: loss = 0.5895570516586304, lr = 0.000125
2025-09-19 09:14:38 INFO     Epoch 972 [20/32]: loss = 0.5895570516586304, lr = 0.000125
2025-09-19 09:14:38 INFO     Epoch 972 [20/32]: loss = 0.5895570516586304, lr = 0.000125
2025-09-19 09:14:38 INFO     Epoch 972 [20/32]: loss = 0.5895570516586304, lr = 0.000125
2025-09-19 09:14:50 INFO     Epoch 972 [30/32]: loss = 0.6342928409576416, lr = 0.000125
2025-09-19 09:14:50 INFO     Epoch 972 [30/32]: loss = 0.6342928409576416, lr = 0.000125
2025-09-19 09:14:50 INFO     Epoch 972 [30/32]: loss = 0.6342928409576416, lr = 0.000125
2025-09-19 09:14:50 INFO     Epoch 972 [30/32]: loss = 0.6342928409576416, lr = 0.000125
2025-09-19 09:14:53 INFO     Epoch 973 [0/32]: loss = 0.6442766189575195, lr = 0.000125
2025-09-19 09:14:53 INFO     Epoch 973 [0/32]: loss = 0.6442766189575195, lr = 0.000125
2025-09-19 09:14:53 INFO     Epoch 973 [0/32]: loss = 0.6442766189575195, lr = 0.000125
2025-09-19 09:14:53 INFO     Epoch 973 [0/32]: loss = 0.6442766189575195, lr = 0.000125
2025-09-19 09:15:05 INFO     Epoch 973 [10/32]: loss = 0.697259247303009, lr = 0.000125
2025-09-19 09:15:05 INFO     Epoch 973 [10/32]: loss = 0.697259247303009, lr = 0.000125
2025-09-19 09:15:05 INFO     Epoch 973 [10/32]: loss = 0.697259247303009, lr = 0.000125
2025-09-19 09:15:05 INFO     Epoch 973 [10/32]: loss = 0.697259247303009, lr = 0.000125
2025-09-19 09:15:17 INFO     Epoch 973 [20/32]: loss = 0.6420325040817261, lr = 0.000125
2025-09-19 09:15:17 INFO     Epoch 973 [20/32]: loss = 0.6420325040817261, lr = 0.000125
2025-09-19 09:15:17 INFO     Epoch 973 [20/32]: loss = 0.6420325040817261, lr = 0.000125
2025-09-19 09:15:17 INFO     Epoch 973 [20/32]: loss = 0.6420325040817261, lr = 0.000125
2025-09-19 09:15:29 INFO     Epoch 973 [30/32]: loss = 0.6029458045959473, lr = 0.000125
2025-09-19 09:15:29 INFO     Epoch 973 [30/32]: loss = 0.6029458045959473, lr = 0.000125
2025-09-19 09:15:29 INFO     Epoch 973 [30/32]: loss = 0.6029458045959473, lr = 0.000125
2025-09-19 09:15:29 INFO     Epoch 973 [30/32]: loss = 0.6029458045959473, lr = 0.000125
2025-09-19 09:15:32 INFO     Epoch 974 [0/32]: loss = 0.6232775449752808, lr = 0.000125
2025-09-19 09:15:32 INFO     Epoch 974 [0/32]: loss = 0.6232775449752808, lr = 0.000125
2025-09-19 09:15:32 INFO     Epoch 974 [0/32]: loss = 0.6232775449752808, lr = 0.000125
2025-09-19 09:15:32 INFO     Epoch 974 [0/32]: loss = 0.6232775449752808, lr = 0.000125
2025-09-19 09:15:44 INFO     Epoch 974 [10/32]: loss = 0.5951290726661682, lr = 0.000125
2025-09-19 09:15:44 INFO     Epoch 974 [10/32]: loss = 0.5951290726661682, lr = 0.000125
2025-09-19 09:15:44 INFO     Epoch 974 [10/32]: loss = 0.5951290726661682, lr = 0.000125
2025-09-19 09:15:44 INFO     Epoch 974 [10/32]: loss = 0.5951290726661682, lr = 0.000125
2025-09-19 09:15:56 INFO     Epoch 974 [20/32]: loss = 0.5965890288352966, lr = 0.000125
2025-09-19 09:15:56 INFO     Epoch 974 [20/32]: loss = 0.5965890288352966, lr = 0.000125
2025-09-19 09:15:56 INFO     Epoch 974 [20/32]: loss = 0.5965890288352966, lr = 0.000125
2025-09-19 09:15:56 INFO     Epoch 974 [20/32]: loss = 0.5965890288352966, lr = 0.000125
2025-09-19 09:16:08 INFO     Epoch 974 [30/32]: loss = 0.6780843734741211, lr = 0.000125
2025-09-19 09:16:08 INFO     Epoch 974 [30/32]: loss = 0.6780843734741211, lr = 0.000125
2025-09-19 09:16:08 INFO     Epoch 974 [30/32]: loss = 0.6780843734741211, lr = 0.000125
2025-09-19 09:16:08 INFO     Epoch 974 [30/32]: loss = 0.6780843734741211, lr = 0.000125
2025-09-19 09:16:11 INFO     Epoch 975 [0/32]: loss = 0.6327450275421143, lr = 0.000125
2025-09-19 09:16:11 INFO     Epoch 975 [0/32]: loss = 0.6327450275421143, lr = 0.000125
2025-09-19 09:16:11 INFO     Epoch 975 [0/32]: loss = 0.6327450275421143, lr = 0.000125
2025-09-19 09:16:11 INFO     Epoch 975 [0/32]: loss = 0.6327450275421143, lr = 0.000125
2025-09-19 09:16:23 INFO     Epoch 975 [10/32]: loss = 0.622105598449707, lr = 0.000125
2025-09-19 09:16:23 INFO     Epoch 975 [10/32]: loss = 0.622105598449707, lr = 0.000125
2025-09-19 09:16:23 INFO     Epoch 975 [10/32]: loss = 0.622105598449707, lr = 0.000125
2025-09-19 09:16:23 INFO     Epoch 975 [10/32]: loss = 0.622105598449707, lr = 0.000125
2025-09-19 09:16:35 INFO     Epoch 975 [20/32]: loss = 0.5329861640930176, lr = 0.000125
2025-09-19 09:16:35 INFO     Epoch 975 [20/32]: loss = 0.5329861640930176, lr = 0.000125
2025-09-19 09:16:35 INFO     Epoch 975 [20/32]: loss = 0.5329861640930176, lr = 0.000125
2025-09-19 09:16:35 INFO     Epoch 975 [20/32]: loss = 0.5329861640930176, lr = 0.000125
2025-09-19 09:16:47 INFO     Epoch 975 [30/32]: loss = 0.6548467874526978, lr = 0.000125
2025-09-19 09:16:47 INFO     Epoch 975 [30/32]: loss = 0.6548467874526978, lr = 0.000125
2025-09-19 09:16:47 INFO     Epoch 975 [30/32]: loss = 0.6548467874526978, lr = 0.000125
2025-09-19 09:16:47 INFO     Epoch 975 [30/32]: loss = 0.6548467874526978, lr = 0.000125
2025-09-19 09:16:50 INFO     Epoch 976 [0/32]: loss = 0.6025173664093018, lr = 0.000125
2025-09-19 09:16:50 INFO     Epoch 976 [0/32]: loss = 0.6025173664093018, lr = 0.000125
2025-09-19 09:16:50 INFO     Epoch 976 [0/32]: loss = 0.6025173664093018, lr = 0.000125
2025-09-19 09:16:50 INFO     Epoch 976 [0/32]: loss = 0.6025173664093018, lr = 0.000125
2025-09-19 09:17:02 INFO     Epoch 976 [10/32]: loss = 0.5787290334701538, lr = 0.000125
2025-09-19 09:17:02 INFO     Epoch 976 [10/32]: loss = 0.5787290334701538, lr = 0.000125
2025-09-19 09:17:02 INFO     Epoch 976 [10/32]: loss = 0.5787290334701538, lr = 0.000125
2025-09-19 09:17:02 INFO     Epoch 976 [10/32]: loss = 0.5787290334701538, lr = 0.000125
2025-09-19 09:17:14 INFO     Epoch 976 [20/32]: loss = 0.6244382858276367, lr = 0.000125
2025-09-19 09:17:14 INFO     Epoch 976 [20/32]: loss = 0.6244382858276367, lr = 0.000125
2025-09-19 09:17:14 INFO     Epoch 976 [20/32]: loss = 0.6244382858276367, lr = 0.000125
2025-09-19 09:17:14 INFO     Epoch 976 [20/32]: loss = 0.6244382858276367, lr = 0.000125
2025-09-19 09:17:26 INFO     Epoch 976 [30/32]: loss = 0.6334271430969238, lr = 0.000125
2025-09-19 09:17:26 INFO     Epoch 976 [30/32]: loss = 0.6334271430969238, lr = 0.000125
2025-09-19 09:17:26 INFO     Epoch 976 [30/32]: loss = 0.6334271430969238, lr = 0.000125
2025-09-19 09:17:26 INFO     Epoch 976 [30/32]: loss = 0.6334271430969238, lr = 0.000125
2025-09-19 09:17:29 INFO     Epoch 977 [0/32]: loss = 0.630143404006958, lr = 0.000125
2025-09-19 09:17:29 INFO     Epoch 977 [0/32]: loss = 0.630143404006958, lr = 0.000125
2025-09-19 09:17:29 INFO     Epoch 977 [0/32]: loss = 0.630143404006958, lr = 0.000125
2025-09-19 09:17:29 INFO     Epoch 977 [0/32]: loss = 0.630143404006958, lr = 0.000125
2025-09-19 09:17:41 INFO     Epoch 977 [10/32]: loss = 0.5960370302200317, lr = 0.000125
2025-09-19 09:17:41 INFO     Epoch 977 [10/32]: loss = 0.5960370302200317, lr = 0.000125
2025-09-19 09:17:41 INFO     Epoch 977 [10/32]: loss = 0.5960370302200317, lr = 0.000125
2025-09-19 09:17:41 INFO     Epoch 977 [10/32]: loss = 0.5960370302200317, lr = 0.000125
2025-09-19 09:17:53 INFO     Epoch 977 [20/32]: loss = 0.6534445881843567, lr = 0.000125
2025-09-19 09:17:53 INFO     Epoch 977 [20/32]: loss = 0.6534445881843567, lr = 0.000125
2025-09-19 09:17:53 INFO     Epoch 977 [20/32]: loss = 0.6534445881843567, lr = 0.000125
2025-09-19 09:17:53 INFO     Epoch 977 [20/32]: loss = 0.6534445881843567, lr = 0.000125
2025-09-19 09:18:05 INFO     Epoch 977 [30/32]: loss = 0.6071798205375671, lr = 0.000125
2025-09-19 09:18:05 INFO     Epoch 977 [30/32]: loss = 0.6071798205375671, lr = 0.000125
2025-09-19 09:18:05 INFO     Epoch 977 [30/32]: loss = 0.6071798205375671, lr = 0.000125
2025-09-19 09:18:05 INFO     Epoch 977 [30/32]: loss = 0.6071798205375671, lr = 0.000125
2025-09-19 09:18:08 INFO     Epoch 978 [0/32]: loss = 0.5789265632629395, lr = 0.000125
2025-09-19 09:18:08 INFO     Epoch 978 [0/32]: loss = 0.5789265632629395, lr = 0.000125
2025-09-19 09:18:08 INFO     Epoch 978 [0/32]: loss = 0.5789265632629395, lr = 0.000125
2025-09-19 09:18:08 INFO     Epoch 978 [0/32]: loss = 0.5789265632629395, lr = 0.000125
2025-09-19 09:18:20 INFO     Epoch 978 [10/32]: loss = 0.5907588005065918, lr = 0.000125
2025-09-19 09:18:20 INFO     Epoch 978 [10/32]: loss = 0.5907588005065918, lr = 0.000125
2025-09-19 09:18:20 INFO     Epoch 978 [10/32]: loss = 0.5907588005065918, lr = 0.000125
2025-09-19 09:18:20 INFO     Epoch 978 [10/32]: loss = 0.5907588005065918, lr = 0.000125
2025-09-19 09:18:32 INFO     Epoch 978 [20/32]: loss = 0.6097846031188965, lr = 0.000125
2025-09-19 09:18:32 INFO     Epoch 978 [20/32]: loss = 0.6097846031188965, lr = 0.000125
2025-09-19 09:18:32 INFO     Epoch 978 [20/32]: loss = 0.6097846031188965, lr = 0.000125
2025-09-19 09:18:32 INFO     Epoch 978 [20/32]: loss = 0.6097846031188965, lr = 0.000125
2025-09-19 09:18:43 INFO     Epoch 978 [30/32]: loss = 0.6271799802780151, lr = 0.000125
2025-09-19 09:18:43 INFO     Epoch 978 [30/32]: loss = 0.6271799802780151, lr = 0.000125
2025-09-19 09:18:43 INFO     Epoch 978 [30/32]: loss = 0.6271799802780151, lr = 0.000125
2025-09-19 09:18:43 INFO     Epoch 978 [30/32]: loss = 0.6271799802780151, lr = 0.000125
2025-09-19 09:18:47 INFO     Epoch 979 [0/32]: loss = 0.6382511258125305, lr = 0.000125
2025-09-19 09:18:47 INFO     Epoch 979 [0/32]: loss = 0.6382511258125305, lr = 0.000125
2025-09-19 09:18:47 INFO     Epoch 979 [0/32]: loss = 0.6382511258125305, lr = 0.000125
2025-09-19 09:18:47 INFO     Epoch 979 [0/32]: loss = 0.6382511258125305, lr = 0.000125
2025-09-19 09:18:58 INFO     Epoch 979 [10/32]: loss = 0.5420141220092773, lr = 0.000125
2025-09-19 09:18:58 INFO     Epoch 979 [10/32]: loss = 0.5420141220092773, lr = 0.000125
2025-09-19 09:18:58 INFO     Epoch 979 [10/32]: loss = 0.5420141220092773, lr = 0.000125
2025-09-19 09:18:58 INFO     Epoch 979 [10/32]: loss = 0.5420141220092773, lr = 0.000125
2025-09-19 09:19:10 INFO     Epoch 979 [20/32]: loss = 0.5857829451560974, lr = 0.000125
2025-09-19 09:19:10 INFO     Epoch 979 [20/32]: loss = 0.5857829451560974, lr = 0.000125
2025-09-19 09:19:10 INFO     Epoch 979 [20/32]: loss = 0.5857829451560974, lr = 0.000125
2025-09-19 09:19:10 INFO     Epoch 979 [20/32]: loss = 0.5857829451560974, lr = 0.000125
2025-09-19 09:19:22 INFO     Epoch 979 [30/32]: loss = 0.6091386079788208, lr = 0.000125
2025-09-19 09:19:22 INFO     Epoch 979 [30/32]: loss = 0.6091386079788208, lr = 0.000125
2025-09-19 09:19:22 INFO     Epoch 979 [30/32]: loss = 0.6091386079788208, lr = 0.000125
2025-09-19 09:19:22 INFO     Epoch 979 [30/32]: loss = 0.6091386079788208, lr = 0.000125
2025-09-19 09:19:25 INFO     Epoch 980 [0/32]: loss = 0.5415736436843872, lr = 0.000125
2025-09-19 09:19:25 INFO     Epoch 980 [0/32]: loss = 0.5415736436843872, lr = 0.000125
2025-09-19 09:19:25 INFO     Epoch 980 [0/32]: loss = 0.5415736436843872, lr = 0.000125
2025-09-19 09:19:25 INFO     Epoch 980 [0/32]: loss = 0.5415736436843872, lr = 0.000125
2025-09-19 09:19:37 INFO     Epoch 980 [10/32]: loss = 0.4987942576408386, lr = 0.000125
2025-09-19 09:19:37 INFO     Epoch 980 [10/32]: loss = 0.4987942576408386, lr = 0.000125
2025-09-19 09:19:37 INFO     Epoch 980 [10/32]: loss = 0.4987942576408386, lr = 0.000125
2025-09-19 09:19:37 INFO     Epoch 980 [10/32]: loss = 0.4987942576408386, lr = 0.000125
2025-09-19 09:19:49 INFO     Epoch 980 [20/32]: loss = 0.5952692031860352, lr = 0.000125
2025-09-19 09:19:49 INFO     Epoch 980 [20/32]: loss = 0.5952692031860352, lr = 0.000125
2025-09-19 09:19:49 INFO     Epoch 980 [20/32]: loss = 0.5952692031860352, lr = 0.000125
2025-09-19 09:19:49 INFO     Epoch 980 [20/32]: loss = 0.5952692031860352, lr = 0.000125
2025-09-19 09:20:01 INFO     Epoch 980 [30/32]: loss = 0.5941419005393982, lr = 0.000125
2025-09-19 09:20:01 INFO     Epoch 980 [30/32]: loss = 0.5941419005393982, lr = 0.000125
2025-09-19 09:20:01 INFO     Epoch 980 [30/32]: loss = 0.5941419005393982, lr = 0.000125
2025-09-19 09:20:01 INFO     Epoch 980 [30/32]: loss = 0.5941419005393982, lr = 0.000125
2025-09-19 09:20:04 INFO     Epoch 981 [0/32]: loss = 0.56443190574646, lr = 0.000125
2025-09-19 09:20:04 INFO     Epoch 981 [0/32]: loss = 0.56443190574646, lr = 0.000125
2025-09-19 09:20:04 INFO     Epoch 981 [0/32]: loss = 0.56443190574646, lr = 0.000125
2025-09-19 09:20:04 INFO     Epoch 981 [0/32]: loss = 0.56443190574646, lr = 0.000125
2025-09-19 09:20:16 INFO     Epoch 981 [10/32]: loss = 0.5243369936943054, lr = 0.000125
2025-09-19 09:20:16 INFO     Epoch 981 [10/32]: loss = 0.5243369936943054, lr = 0.000125
2025-09-19 09:20:16 INFO     Epoch 981 [10/32]: loss = 0.5243369936943054, lr = 0.000125
2025-09-19 09:20:16 INFO     Epoch 981 [10/32]: loss = 0.5243369936943054, lr = 0.000125
2025-09-19 09:20:28 INFO     Epoch 981 [20/32]: loss = 0.5453460216522217, lr = 0.000125
2025-09-19 09:20:28 INFO     Epoch 981 [20/32]: loss = 0.5453460216522217, lr = 0.000125
2025-09-19 09:20:28 INFO     Epoch 981 [20/32]: loss = 0.5453460216522217, lr = 0.000125
2025-09-19 09:20:28 INFO     Epoch 981 [20/32]: loss = 0.5453460216522217, lr = 0.000125
2025-09-19 09:20:40 INFO     Epoch 981 [30/32]: loss = 0.5523767471313477, lr = 0.000125
2025-09-19 09:20:40 INFO     Epoch 981 [30/32]: loss = 0.5523767471313477, lr = 0.000125
2025-09-19 09:20:40 INFO     Epoch 981 [30/32]: loss = 0.5523767471313477, lr = 0.000125
2025-09-19 09:20:40 INFO     Epoch 981 [30/32]: loss = 0.5523767471313477, lr = 0.000125
2025-09-19 09:20:43 INFO     Epoch 982 [0/32]: loss = 0.5739549398422241, lr = 0.000125
2025-09-19 09:20:43 INFO     Epoch 982 [0/32]: loss = 0.5739549398422241, lr = 0.000125
2025-09-19 09:20:43 INFO     Epoch 982 [0/32]: loss = 0.5739549398422241, lr = 0.000125
2025-09-19 09:20:43 INFO     Epoch 982 [0/32]: loss = 0.5739549398422241, lr = 0.000125
2025-09-19 09:20:55 INFO     Epoch 982 [10/32]: loss = 0.5460717678070068, lr = 0.000125
2025-09-19 09:20:55 INFO     Epoch 982 [10/32]: loss = 0.5460717678070068, lr = 0.000125
2025-09-19 09:20:55 INFO     Epoch 982 [10/32]: loss = 0.5460717678070068, lr = 0.000125
2025-09-19 09:20:55 INFO     Epoch 982 [10/32]: loss = 0.5460717678070068, lr = 0.000125
2025-09-19 09:21:07 INFO     Epoch 982 [20/32]: loss = 0.5463924407958984, lr = 0.000125
2025-09-19 09:21:07 INFO     Epoch 982 [20/32]: loss = 0.5463924407958984, lr = 0.000125
2025-09-19 09:21:07 INFO     Epoch 982 [20/32]: loss = 0.5463924407958984, lr = 0.000125
2025-09-19 09:21:07 INFO     Epoch 982 [20/32]: loss = 0.5463924407958984, lr = 0.000125
2025-09-19 09:21:19 INFO     Epoch 982 [30/32]: loss = 0.5518544912338257, lr = 0.000125
2025-09-19 09:21:19 INFO     Epoch 982 [30/32]: loss = 0.5518544912338257, lr = 0.000125
2025-09-19 09:21:19 INFO     Epoch 982 [30/32]: loss = 0.5518544912338257, lr = 0.000125
2025-09-19 09:21:19 INFO     Epoch 982 [30/32]: loss = 0.5518544912338257, lr = 0.000125
2025-09-19 09:21:22 INFO     Epoch 983 [0/32]: loss = 0.5920036435127258, lr = 0.000125
2025-09-19 09:21:22 INFO     Epoch 983 [0/32]: loss = 0.5920036435127258, lr = 0.000125
2025-09-19 09:21:22 INFO     Epoch 983 [0/32]: loss = 0.5920036435127258, lr = 0.000125
2025-09-19 09:21:22 INFO     Epoch 983 [0/32]: loss = 0.5920036435127258, lr = 0.000125
2025-09-19 09:21:34 INFO     Epoch 983 [10/32]: loss = 0.5112792253494263, lr = 0.000125
2025-09-19 09:21:34 INFO     Epoch 983 [10/32]: loss = 0.5112792253494263, lr = 0.000125
2025-09-19 09:21:34 INFO     Epoch 983 [10/32]: loss = 0.5112792253494263, lr = 0.000125
2025-09-19 09:21:34 INFO     Epoch 983 [10/32]: loss = 0.5112792253494263, lr = 0.000125
2025-09-19 09:21:45 INFO     Epoch 983 [20/32]: loss = 0.49894142150878906, lr = 0.000125
2025-09-19 09:21:45 INFO     Epoch 983 [20/32]: loss = 0.49894142150878906, lr = 0.000125
2025-09-19 09:21:45 INFO     Epoch 983 [20/32]: loss = 0.49894142150878906, lr = 0.000125
2025-09-19 09:21:45 INFO     Epoch 983 [20/32]: loss = 0.49894142150878906, lr = 0.000125
2025-09-19 09:21:57 INFO     Epoch 983 [30/32]: loss = 0.5172463655471802, lr = 0.000125
2025-09-19 09:21:57 INFO     Epoch 983 [30/32]: loss = 0.5172463655471802, lr = 0.000125
2025-09-19 09:21:57 INFO     Epoch 983 [30/32]: loss = 0.5172463655471802, lr = 0.000125
2025-09-19 09:21:57 INFO     Epoch 983 [30/32]: loss = 0.5172463655471802, lr = 0.000125
2025-09-19 09:22:00 INFO     Epoch 984 [0/32]: loss = 0.6138155460357666, lr = 0.000125
2025-09-19 09:22:00 INFO     Epoch 984 [0/32]: loss = 0.6138155460357666, lr = 0.000125
2025-09-19 09:22:00 INFO     Epoch 984 [0/32]: loss = 0.6138155460357666, lr = 0.000125
2025-09-19 09:22:00 INFO     Epoch 984 [0/32]: loss = 0.6138155460357666, lr = 0.000125
2025-09-19 09:22:12 INFO     Epoch 984 [10/32]: loss = 0.5296082496643066, lr = 0.000125
2025-09-19 09:22:12 INFO     Epoch 984 [10/32]: loss = 0.5296082496643066, lr = 0.000125
2025-09-19 09:22:12 INFO     Epoch 984 [10/32]: loss = 0.5296082496643066, lr = 0.000125
2025-09-19 09:22:12 INFO     Epoch 984 [10/32]: loss = 0.5296082496643066, lr = 0.000125
2025-09-19 09:22:24 INFO     Epoch 984 [20/32]: loss = 0.5434867143630981, lr = 0.000125
2025-09-19 09:22:24 INFO     Epoch 984 [20/32]: loss = 0.5434867143630981, lr = 0.000125
2025-09-19 09:22:24 INFO     Epoch 984 [20/32]: loss = 0.5434867143630981, lr = 0.000125
2025-09-19 09:22:24 INFO     Epoch 984 [20/32]: loss = 0.5434867143630981, lr = 0.000125
2025-09-19 09:22:36 INFO     Epoch 984 [30/32]: loss = 0.5357797741889954, lr = 0.000125
2025-09-19 09:22:36 INFO     Epoch 984 [30/32]: loss = 0.5357797741889954, lr = 0.000125
2025-09-19 09:22:36 INFO     Epoch 984 [30/32]: loss = 0.5357797741889954, lr = 0.000125
2025-09-19 09:22:36 INFO     Epoch 984 [30/32]: loss = 0.5357797741889954, lr = 0.000125
2025-09-19 09:22:39 INFO     Epoch 985 [0/32]: loss = 0.5676884651184082, lr = 0.000125
2025-09-19 09:22:39 INFO     Epoch 985 [0/32]: loss = 0.5676884651184082, lr = 0.000125
2025-09-19 09:22:39 INFO     Epoch 985 [0/32]: loss = 0.5676884651184082, lr = 0.000125
2025-09-19 09:22:39 INFO     Epoch 985 [0/32]: loss = 0.5676884651184082, lr = 0.000125
2025-09-19 09:22:51 INFO     Epoch 985 [10/32]: loss = 0.4817255735397339, lr = 0.000125
2025-09-19 09:22:51 INFO     Epoch 985 [10/32]: loss = 0.4817255735397339, lr = 0.000125
2025-09-19 09:22:51 INFO     Epoch 985 [10/32]: loss = 0.4817255735397339, lr = 0.000125
2025-09-19 09:22:51 INFO     Epoch 985 [10/32]: loss = 0.4817255735397339, lr = 0.000125
2025-09-19 09:23:03 INFO     Epoch 985 [20/32]: loss = 0.5469729900360107, lr = 0.000125
2025-09-19 09:23:03 INFO     Epoch 985 [20/32]: loss = 0.5469729900360107, lr = 0.000125
2025-09-19 09:23:03 INFO     Epoch 985 [20/32]: loss = 0.5469729900360107, lr = 0.000125
2025-09-19 09:23:03 INFO     Epoch 985 [20/32]: loss = 0.5469729900360107, lr = 0.000125
2025-09-19 09:23:15 INFO     Epoch 985 [30/32]: loss = 0.6128982305526733, lr = 0.000125
2025-09-19 09:23:15 INFO     Epoch 985 [30/32]: loss = 0.6128982305526733, lr = 0.000125
2025-09-19 09:23:15 INFO     Epoch 985 [30/32]: loss = 0.6128982305526733, lr = 0.000125
2025-09-19 09:23:15 INFO     Epoch 985 [30/32]: loss = 0.6128982305526733, lr = 0.000125
2025-09-19 09:23:18 INFO     Epoch 986 [0/32]: loss = 0.5287348628044128, lr = 0.000125
2025-09-19 09:23:18 INFO     Epoch 986 [0/32]: loss = 0.5287348628044128, lr = 0.000125
2025-09-19 09:23:18 INFO     Epoch 986 [0/32]: loss = 0.5287348628044128, lr = 0.000125
2025-09-19 09:23:18 INFO     Epoch 986 [0/32]: loss = 0.5287348628044128, lr = 0.000125
2025-09-19 09:23:30 INFO     Epoch 986 [10/32]: loss = 0.5110971927642822, lr = 0.000125
2025-09-19 09:23:30 INFO     Epoch 986 [10/32]: loss = 0.5110971927642822, lr = 0.000125
2025-09-19 09:23:30 INFO     Epoch 986 [10/32]: loss = 0.5110971927642822, lr = 0.000125
2025-09-19 09:23:30 INFO     Epoch 986 [10/32]: loss = 0.5110971927642822, lr = 0.000125
2025-09-19 09:23:42 INFO     Epoch 986 [20/32]: loss = 0.4697510004043579, lr = 0.000125
2025-09-19 09:23:42 INFO     Epoch 986 [20/32]: loss = 0.4697510004043579, lr = 0.000125
2025-09-19 09:23:42 INFO     Epoch 986 [20/32]: loss = 0.4697510004043579, lr = 0.000125
2025-09-19 09:23:42 INFO     Epoch 986 [20/32]: loss = 0.4697510004043579, lr = 0.000125
2025-09-19 09:23:54 INFO     Epoch 986 [30/32]: loss = 0.5246254801750183, lr = 0.000125
2025-09-19 09:23:54 INFO     Epoch 986 [30/32]: loss = 0.5246254801750183, lr = 0.000125
2025-09-19 09:23:54 INFO     Epoch 986 [30/32]: loss = 0.5246254801750183, lr = 0.000125
2025-09-19 09:23:54 INFO     Epoch 986 [30/32]: loss = 0.5246254801750183, lr = 0.000125
2025-09-19 09:23:57 INFO     Epoch 987 [0/32]: loss = 0.5037968158721924, lr = 0.000125
2025-09-19 09:23:57 INFO     Epoch 987 [0/32]: loss = 0.5037968158721924, lr = 0.000125
2025-09-19 09:23:57 INFO     Epoch 987 [0/32]: loss = 0.5037968158721924, lr = 0.000125
2025-09-19 09:23:57 INFO     Epoch 987 [0/32]: loss = 0.5037968158721924, lr = 0.000125
2025-09-19 09:24:09 INFO     Epoch 987 [10/32]: loss = 0.4779195189476013, lr = 0.000125
2025-09-19 09:24:09 INFO     Epoch 987 [10/32]: loss = 0.4779195189476013, lr = 0.000125
2025-09-19 09:24:09 INFO     Epoch 987 [10/32]: loss = 0.4779195189476013, lr = 0.000125
2025-09-19 09:24:09 INFO     Epoch 987 [10/32]: loss = 0.4779195189476013, lr = 0.000125
2025-09-19 09:24:20 INFO     Epoch 987 [20/32]: loss = 0.4796561002731323, lr = 0.000125
2025-09-19 09:24:20 INFO     Epoch 987 [20/32]: loss = 0.4796561002731323, lr = 0.000125
2025-09-19 09:24:20 INFO     Epoch 987 [20/32]: loss = 0.4796561002731323, lr = 0.000125
2025-09-19 09:24:20 INFO     Epoch 987 [20/32]: loss = 0.4796561002731323, lr = 0.000125
2025-09-19 09:24:32 INFO     Epoch 987 [30/32]: loss = 0.4727112054824829, lr = 0.000125
2025-09-19 09:24:32 INFO     Epoch 987 [30/32]: loss = 0.4727112054824829, lr = 0.000125
2025-09-19 09:24:32 INFO     Epoch 987 [30/32]: loss = 0.4727112054824829, lr = 0.000125
2025-09-19 09:24:32 INFO     Epoch 987 [30/32]: loss = 0.4727112054824829, lr = 0.000125
2025-09-19 09:24:35 INFO     Epoch 988 [0/32]: loss = 0.4950438439846039, lr = 0.000125
2025-09-19 09:24:35 INFO     Epoch 988 [0/32]: loss = 0.4950438439846039, lr = 0.000125
2025-09-19 09:24:35 INFO     Epoch 988 [0/32]: loss = 0.4950438439846039, lr = 0.000125
2025-09-19 09:24:35 INFO     Epoch 988 [0/32]: loss = 0.4950438439846039, lr = 0.000125
2025-09-19 09:24:47 INFO     Epoch 988 [10/32]: loss = 0.46771469712257385, lr = 0.000125
2025-09-19 09:24:47 INFO     Epoch 988 [10/32]: loss = 0.46771469712257385, lr = 0.000125
2025-09-19 09:24:47 INFO     Epoch 988 [10/32]: loss = 0.46771469712257385, lr = 0.000125
2025-09-19 09:24:47 INFO     Epoch 988 [10/32]: loss = 0.46771469712257385, lr = 0.000125
2025-09-19 09:24:59 INFO     Epoch 988 [20/32]: loss = 0.47581079602241516, lr = 0.000125
2025-09-19 09:24:59 INFO     Epoch 988 [20/32]: loss = 0.47581079602241516, lr = 0.000125
2025-09-19 09:24:59 INFO     Epoch 988 [20/32]: loss = 0.47581079602241516, lr = 0.000125
2025-09-19 09:24:59 INFO     Epoch 988 [20/32]: loss = 0.47581079602241516, lr = 0.000125
2025-09-19 09:25:11 INFO     Epoch 988 [30/32]: loss = 0.5008174180984497, lr = 0.000125
2025-09-19 09:25:11 INFO     Epoch 988 [30/32]: loss = 0.5008174180984497, lr = 0.000125
2025-09-19 09:25:11 INFO     Epoch 988 [30/32]: loss = 0.5008174180984497, lr = 0.000125
2025-09-19 09:25:11 INFO     Epoch 988 [30/32]: loss = 0.5008174180984497, lr = 0.000125
2025-09-19 09:25:14 INFO     Epoch 989 [0/32]: loss = 0.5039496421813965, lr = 0.000125
2025-09-19 09:25:14 INFO     Epoch 989 [0/32]: loss = 0.5039496421813965, lr = 0.000125
2025-09-19 09:25:14 INFO     Epoch 989 [0/32]: loss = 0.5039496421813965, lr = 0.000125
2025-09-19 09:25:14 INFO     Epoch 989 [0/32]: loss = 0.5039496421813965, lr = 0.000125
2025-09-19 09:25:26 INFO     Epoch 989 [10/32]: loss = 0.5473195314407349, lr = 0.000125
2025-09-19 09:25:26 INFO     Epoch 989 [10/32]: loss = 0.5473195314407349, lr = 0.000125
2025-09-19 09:25:26 INFO     Epoch 989 [10/32]: loss = 0.5473195314407349, lr = 0.000125
2025-09-19 09:25:26 INFO     Epoch 989 [10/32]: loss = 0.5473195314407349, lr = 0.000125
2025-09-19 09:25:38 INFO     Epoch 989 [20/32]: loss = 0.4892452657222748, lr = 0.000125
2025-09-19 09:25:38 INFO     Epoch 989 [20/32]: loss = 0.4892452657222748, lr = 0.000125
2025-09-19 09:25:38 INFO     Epoch 989 [20/32]: loss = 0.4892452657222748, lr = 0.000125
2025-09-19 09:25:38 INFO     Epoch 989 [20/32]: loss = 0.4892452657222748, lr = 0.000125
2025-09-19 09:25:50 INFO     Epoch 989 [30/32]: loss = 0.5601989030838013, lr = 0.000125
2025-09-19 09:25:50 INFO     Epoch 989 [30/32]: loss = 0.5601989030838013, lr = 0.000125
2025-09-19 09:25:50 INFO     Epoch 989 [30/32]: loss = 0.5601989030838013, lr = 0.000125
2025-09-19 09:25:50 INFO     Epoch 989 [30/32]: loss = 0.5601989030838013, lr = 0.000125
2025-09-19 09:25:53 INFO     Epoch 990 [0/32]: loss = 0.4979568123817444, lr = 0.000125
2025-09-19 09:25:53 INFO     Epoch 990 [0/32]: loss = 0.4979568123817444, lr = 0.000125
2025-09-19 09:25:53 INFO     Epoch 990 [0/32]: loss = 0.4979568123817444, lr = 0.000125
2025-09-19 09:25:53 INFO     Epoch 990 [0/32]: loss = 0.4979568123817444, lr = 0.000125
2025-09-19 09:26:05 INFO     Epoch 990 [10/32]: loss = 0.495464026927948, lr = 0.000125
2025-09-19 09:26:05 INFO     Epoch 990 [10/32]: loss = 0.495464026927948, lr = 0.000125
2025-09-19 09:26:05 INFO     Epoch 990 [10/32]: loss = 0.495464026927948, lr = 0.000125
2025-09-19 09:26:05 INFO     Epoch 990 [10/32]: loss = 0.495464026927948, lr = 0.000125
2025-09-19 09:26:17 INFO     Epoch 990 [20/32]: loss = 0.5326975584030151, lr = 0.000125
2025-09-19 09:26:17 INFO     Epoch 990 [20/32]: loss = 0.5326975584030151, lr = 0.000125
2025-09-19 09:26:17 INFO     Epoch 990 [20/32]: loss = 0.5326975584030151, lr = 0.000125
2025-09-19 09:26:17 INFO     Epoch 990 [20/32]: loss = 0.5326975584030151, lr = 0.000125
2025-09-19 09:26:28 INFO     Epoch 990 [30/32]: loss = 0.5260155200958252, lr = 0.000125
2025-09-19 09:26:28 INFO     Epoch 990 [30/32]: loss = 0.5260155200958252, lr = 0.000125
2025-09-19 09:26:28 INFO     Epoch 990 [30/32]: loss = 0.5260155200958252, lr = 0.000125
2025-09-19 09:26:28 INFO     Epoch 990 [30/32]: loss = 0.5260155200958252, lr = 0.000125
2025-09-19 09:26:31 INFO     Epoch 991 [0/32]: loss = 0.4237632751464844, lr = 0.000125
2025-09-19 09:26:31 INFO     Epoch 991 [0/32]: loss = 0.4237632751464844, lr = 0.000125
2025-09-19 09:26:31 INFO     Epoch 991 [0/32]: loss = 0.4237632751464844, lr = 0.000125
2025-09-19 09:26:31 INFO     Epoch 991 [0/32]: loss = 0.4237632751464844, lr = 0.000125
2025-09-19 09:26:43 INFO     Epoch 991 [10/32]: loss = 0.4722403287887573, lr = 0.000125
2025-09-19 09:26:43 INFO     Epoch 991 [10/32]: loss = 0.4722403287887573, lr = 0.000125
2025-09-19 09:26:43 INFO     Epoch 991 [10/32]: loss = 0.4722403287887573, lr = 0.000125
2025-09-19 09:26:43 INFO     Epoch 991 [10/32]: loss = 0.4722403287887573, lr = 0.000125
2025-09-19 09:26:55 INFO     Epoch 991 [20/32]: loss = 0.45822107791900635, lr = 0.000125
2025-09-19 09:26:55 INFO     Epoch 991 [20/32]: loss = 0.45822107791900635, lr = 0.000125
2025-09-19 09:26:55 INFO     Epoch 991 [20/32]: loss = 0.45822107791900635, lr = 0.000125
2025-09-19 09:26:55 INFO     Epoch 991 [20/32]: loss = 0.45822107791900635, lr = 0.000125
2025-09-19 09:27:07 INFO     Epoch 991 [30/32]: loss = 0.458810955286026, lr = 0.000125
2025-09-19 09:27:07 INFO     Epoch 991 [30/32]: loss = 0.458810955286026, lr = 0.000125
2025-09-19 09:27:07 INFO     Epoch 991 [30/32]: loss = 0.458810955286026, lr = 0.000125
2025-09-19 09:27:07 INFO     Epoch 991 [30/32]: loss = 0.458810955286026, lr = 0.000125
2025-09-19 09:27:10 INFO     Epoch 992 [0/32]: loss = 0.44338247179985046, lr = 0.000125
2025-09-19 09:27:10 INFO     Epoch 992 [0/32]: loss = 0.44338247179985046, lr = 0.000125
2025-09-19 09:27:10 INFO     Epoch 992 [0/32]: loss = 0.44338247179985046, lr = 0.000125
2025-09-19 09:27:10 INFO     Epoch 992 [0/32]: loss = 0.44338247179985046, lr = 0.000125
2025-09-19 09:27:22 INFO     Epoch 992 [10/32]: loss = 0.5044684410095215, lr = 0.000125
2025-09-19 09:27:22 INFO     Epoch 992 [10/32]: loss = 0.5044684410095215, lr = 0.000125
2025-09-19 09:27:22 INFO     Epoch 992 [10/32]: loss = 0.5044684410095215, lr = 0.000125
2025-09-19 09:27:22 INFO     Epoch 992 [10/32]: loss = 0.5044684410095215, lr = 0.000125
2025-09-19 09:27:34 INFO     Epoch 992 [20/32]: loss = 0.4587703049182892, lr = 0.000125
2025-09-19 09:27:34 INFO     Epoch 992 [20/32]: loss = 0.4587703049182892, lr = 0.000125
2025-09-19 09:27:34 INFO     Epoch 992 [20/32]: loss = 0.4587703049182892, lr = 0.000125
2025-09-19 09:27:34 INFO     Epoch 992 [20/32]: loss = 0.4587703049182892, lr = 0.000125
2025-09-19 09:27:46 INFO     Epoch 992 [30/32]: loss = 0.5018846392631531, lr = 0.000125
2025-09-19 09:27:46 INFO     Epoch 992 [30/32]: loss = 0.5018846392631531, lr = 0.000125
2025-09-19 09:27:46 INFO     Epoch 992 [30/32]: loss = 0.5018846392631531, lr = 0.000125
2025-09-19 09:27:46 INFO     Epoch 992 [30/32]: loss = 0.5018846392631531, lr = 0.000125
2025-09-19 09:27:49 INFO     Epoch 993 [0/32]: loss = 0.4813857972621918, lr = 0.000125
2025-09-19 09:27:49 INFO     Epoch 993 [0/32]: loss = 0.4813857972621918, lr = 0.000125
2025-09-19 09:27:49 INFO     Epoch 993 [0/32]: loss = 0.4813857972621918, lr = 0.000125
2025-09-19 09:27:49 INFO     Epoch 993 [0/32]: loss = 0.4813857972621918, lr = 0.000125
2025-09-19 09:28:01 INFO     Epoch 993 [10/32]: loss = 0.5206577777862549, lr = 0.000125
2025-09-19 09:28:01 INFO     Epoch 993 [10/32]: loss = 0.5206577777862549, lr = 0.000125
2025-09-19 09:28:01 INFO     Epoch 993 [10/32]: loss = 0.5206577777862549, lr = 0.000125
2025-09-19 09:28:01 INFO     Epoch 993 [10/32]: loss = 0.5206577777862549, lr = 0.000125
2025-09-19 09:28:13 INFO     Epoch 993 [20/32]: loss = 0.363755464553833, lr = 0.000125
2025-09-19 09:28:13 INFO     Epoch 993 [20/32]: loss = 0.363755464553833, lr = 0.000125
2025-09-19 09:28:13 INFO     Epoch 993 [20/32]: loss = 0.363755464553833, lr = 0.000125
2025-09-19 09:28:13 INFO     Epoch 993 [20/32]: loss = 0.363755464553833, lr = 0.000125
2025-09-19 09:28:25 INFO     Epoch 993 [30/32]: loss = 0.4466230869293213, lr = 0.000125
2025-09-19 09:28:25 INFO     Epoch 993 [30/32]: loss = 0.4466230869293213, lr = 0.000125
2025-09-19 09:28:25 INFO     Epoch 993 [30/32]: loss = 0.4466230869293213, lr = 0.000125
2025-09-19 09:28:25 INFO     Epoch 993 [30/32]: loss = 0.4466230869293213, lr = 0.000125
2025-09-19 09:28:28 INFO     Epoch 994 [0/32]: loss = 0.4601728320121765, lr = 0.000125
2025-09-19 09:28:28 INFO     Epoch 994 [0/32]: loss = 0.4601728320121765, lr = 0.000125
2025-09-19 09:28:28 INFO     Epoch 994 [0/32]: loss = 0.4601728320121765, lr = 0.000125
2025-09-19 09:28:28 INFO     Epoch 994 [0/32]: loss = 0.4601728320121765, lr = 0.000125
2025-09-19 09:28:40 INFO     Epoch 994 [10/32]: loss = 0.4595731496810913, lr = 0.000125
2025-09-19 09:28:40 INFO     Epoch 994 [10/32]: loss = 0.4595731496810913, lr = 0.000125
2025-09-19 09:28:40 INFO     Epoch 994 [10/32]: loss = 0.4595731496810913, lr = 0.000125
2025-09-19 09:28:40 INFO     Epoch 994 [10/32]: loss = 0.4595731496810913, lr = 0.000125
2025-09-19 09:28:51 INFO     Epoch 994 [20/32]: loss = 0.4799010753631592, lr = 0.000125
2025-09-19 09:28:51 INFO     Epoch 994 [20/32]: loss = 0.4799010753631592, lr = 0.000125
2025-09-19 09:28:51 INFO     Epoch 994 [20/32]: loss = 0.4799010753631592, lr = 0.000125
2025-09-19 09:28:51 INFO     Epoch 994 [20/32]: loss = 0.4799010753631592, lr = 0.000125
2025-09-19 09:29:03 INFO     Epoch 994 [30/32]: loss = 0.43229055404663086, lr = 0.000125
2025-09-19 09:29:03 INFO     Epoch 994 [30/32]: loss = 0.43229055404663086, lr = 0.000125
2025-09-19 09:29:03 INFO     Epoch 994 [30/32]: loss = 0.43229055404663086, lr = 0.000125
2025-09-19 09:29:03 INFO     Epoch 994 [30/32]: loss = 0.43229055404663086, lr = 0.000125
2025-09-19 09:29:07 INFO     Epoch 995 [0/32]: loss = 0.45093297958374023, lr = 0.000125
2025-09-19 09:29:07 INFO     Epoch 995 [0/32]: loss = 0.45093297958374023, lr = 0.000125
2025-09-19 09:29:07 INFO     Epoch 995 [0/32]: loss = 0.45093297958374023, lr = 0.000125
2025-09-19 09:29:07 INFO     Epoch 995 [0/32]: loss = 0.45093297958374023, lr = 0.000125
2025-09-19 09:29:18 INFO     Epoch 995 [10/32]: loss = 0.4361061453819275, lr = 0.000125
2025-09-19 09:29:18 INFO     Epoch 995 [10/32]: loss = 0.4361061453819275, lr = 0.000125
2025-09-19 09:29:18 INFO     Epoch 995 [10/32]: loss = 0.4361061453819275, lr = 0.000125
2025-09-19 09:29:18 INFO     Epoch 995 [10/32]: loss = 0.4361061453819275, lr = 0.000125
2025-09-19 09:29:30 INFO     Epoch 995 [20/32]: loss = 0.43537142872810364, lr = 0.000125
2025-09-19 09:29:30 INFO     Epoch 995 [20/32]: loss = 0.43537142872810364, lr = 0.000125
2025-09-19 09:29:30 INFO     Epoch 995 [20/32]: loss = 0.43537142872810364, lr = 0.000125
2025-09-19 09:29:30 INFO     Epoch 995 [20/32]: loss = 0.43537142872810364, lr = 0.000125
2025-09-19 09:29:42 INFO     Epoch 995 [30/32]: loss = 0.4932554364204407, lr = 0.000125
2025-09-19 09:29:42 INFO     Epoch 995 [30/32]: loss = 0.4932554364204407, lr = 0.000125
2025-09-19 09:29:42 INFO     Epoch 995 [30/32]: loss = 0.4932554364204407, lr = 0.000125
2025-09-19 09:29:42 INFO     Epoch 995 [30/32]: loss = 0.4932554364204407, lr = 0.000125
2025-09-19 09:29:45 INFO     Epoch 996 [0/32]: loss = 0.44301310181617737, lr = 0.000125
2025-09-19 09:29:45 INFO     Epoch 996 [0/32]: loss = 0.44301310181617737, lr = 0.000125
2025-09-19 09:29:45 INFO     Epoch 996 [0/32]: loss = 0.44301310181617737, lr = 0.000125
2025-09-19 09:29:45 INFO     Epoch 996 [0/32]: loss = 0.44301310181617737, lr = 0.000125
2025-09-19 09:29:57 INFO     Epoch 996 [10/32]: loss = 0.43085777759552, lr = 0.000125
2025-09-19 09:29:57 INFO     Epoch 996 [10/32]: loss = 0.43085777759552, lr = 0.000125
2025-09-19 09:29:57 INFO     Epoch 996 [10/32]: loss = 0.43085777759552, lr = 0.000125
2025-09-19 09:29:57 INFO     Epoch 996 [10/32]: loss = 0.43085777759552, lr = 0.000125
2025-09-19 09:30:09 INFO     Epoch 996 [20/32]: loss = 0.4090256690979004, lr = 0.000125
2025-09-19 09:30:09 INFO     Epoch 996 [20/32]: loss = 0.4090256690979004, lr = 0.000125
2025-09-19 09:30:09 INFO     Epoch 996 [20/32]: loss = 0.4090256690979004, lr = 0.000125
2025-09-19 09:30:09 INFO     Epoch 996 [20/32]: loss = 0.4090256690979004, lr = 0.000125
2025-09-19 09:30:21 INFO     Epoch 996 [30/32]: loss = 0.4758076071739197, lr = 0.000125
2025-09-19 09:30:21 INFO     Epoch 996 [30/32]: loss = 0.4758076071739197, lr = 0.000125
2025-09-19 09:30:21 INFO     Epoch 996 [30/32]: loss = 0.4758076071739197, lr = 0.000125
2025-09-19 09:30:21 INFO     Epoch 996 [30/32]: loss = 0.4758076071739197, lr = 0.000125
2025-09-19 09:30:24 INFO     Epoch 997 [0/32]: loss = 0.45626118779182434, lr = 0.000125
2025-09-19 09:30:24 INFO     Epoch 997 [0/32]: loss = 0.45626118779182434, lr = 0.000125
2025-09-19 09:30:24 INFO     Epoch 997 [0/32]: loss = 0.45626118779182434, lr = 0.000125
2025-09-19 09:30:24 INFO     Epoch 997 [0/32]: loss = 0.45626118779182434, lr = 0.000125
2025-09-19 09:30:36 INFO     Epoch 997 [10/32]: loss = 0.42878592014312744, lr = 0.000125
2025-09-19 09:30:36 INFO     Epoch 997 [10/32]: loss = 0.42878592014312744, lr = 0.000125
2025-09-19 09:30:36 INFO     Epoch 997 [10/32]: loss = 0.42878592014312744, lr = 0.000125
2025-09-19 09:30:36 INFO     Epoch 997 [10/32]: loss = 0.42878592014312744, lr = 0.000125
2025-09-19 09:30:48 INFO     Epoch 997 [20/32]: loss = 0.49741971492767334, lr = 0.000125
2025-09-19 09:30:48 INFO     Epoch 997 [20/32]: loss = 0.49741971492767334, lr = 0.000125
2025-09-19 09:30:48 INFO     Epoch 997 [20/32]: loss = 0.49741971492767334, lr = 0.000125
2025-09-19 09:30:48 INFO     Epoch 997 [20/32]: loss = 0.49741971492767334, lr = 0.000125
2025-09-19 09:31:00 INFO     Epoch 997 [30/32]: loss = 0.43164700269699097, lr = 0.000125
2025-09-19 09:31:00 INFO     Epoch 997 [30/32]: loss = 0.43164700269699097, lr = 0.000125
2025-09-19 09:31:00 INFO     Epoch 997 [30/32]: loss = 0.43164700269699097, lr = 0.000125
2025-09-19 09:31:00 INFO     Epoch 997 [30/32]: loss = 0.43164700269699097, lr = 0.000125
2025-09-19 09:31:03 INFO     Epoch 998 [0/32]: loss = 0.4469594955444336, lr = 0.000125
2025-09-19 09:31:03 INFO     Epoch 998 [0/32]: loss = 0.4469594955444336, lr = 0.000125
2025-09-19 09:31:03 INFO     Epoch 998 [0/32]: loss = 0.4469594955444336, lr = 0.000125
2025-09-19 09:31:03 INFO     Epoch 998 [0/32]: loss = 0.4469594955444336, lr = 0.000125
2025-09-19 09:31:15 INFO     Epoch 998 [10/32]: loss = 0.413291871547699, lr = 0.000125
2025-09-19 09:31:15 INFO     Epoch 998 [10/32]: loss = 0.413291871547699, lr = 0.000125
2025-09-19 09:31:15 INFO     Epoch 998 [10/32]: loss = 0.413291871547699, lr = 0.000125
2025-09-19 09:31:15 INFO     Epoch 998 [10/32]: loss = 0.413291871547699, lr = 0.000125
2025-09-19 09:31:27 INFO     Epoch 998 [20/32]: loss = 0.46751418709754944, lr = 0.000125
2025-09-19 09:31:27 INFO     Epoch 998 [20/32]: loss = 0.46751418709754944, lr = 0.000125
2025-09-19 09:31:27 INFO     Epoch 998 [20/32]: loss = 0.46751418709754944, lr = 0.000125
2025-09-19 09:31:27 INFO     Epoch 998 [20/32]: loss = 0.46751418709754944, lr = 0.000125
2025-09-19 09:31:38 INFO     Epoch 998 [30/32]: loss = 0.48549461364746094, lr = 0.000125
2025-09-19 09:31:38 INFO     Epoch 998 [30/32]: loss = 0.48549461364746094, lr = 0.000125
2025-09-19 09:31:38 INFO     Epoch 998 [30/32]: loss = 0.48549461364746094, lr = 0.000125
2025-09-19 09:31:38 INFO     Epoch 998 [30/32]: loss = 0.48549461364746094, lr = 0.000125
2025-09-19 09:31:42 INFO     Epoch 999 [0/32]: loss = 0.43154770135879517, lr = 0.000125
2025-09-19 09:31:42 INFO     Epoch 999 [0/32]: loss = 0.43154770135879517, lr = 0.000125
2025-09-19 09:31:42 INFO     Epoch 999 [0/32]: loss = 0.43154770135879517, lr = 0.000125
2025-09-19 09:31:42 INFO     Epoch 999 [0/32]: loss = 0.43154770135879517, lr = 0.000125
2025-09-19 09:31:53 INFO     Epoch 999 [10/32]: loss = 0.3631178140640259, lr = 0.000125
2025-09-19 09:31:53 INFO     Epoch 999 [10/32]: loss = 0.3631178140640259, lr = 0.000125
2025-09-19 09:31:53 INFO     Epoch 999 [10/32]: loss = 0.3631178140640259, lr = 0.000125
2025-09-19 09:31:53 INFO     Epoch 999 [10/32]: loss = 0.3631178140640259, lr = 0.000125
2025-09-19 09:32:05 INFO     Epoch 999 [20/32]: loss = 0.44090425968170166, lr = 0.000125
2025-09-19 09:32:05 INFO     Epoch 999 [20/32]: loss = 0.44090425968170166, lr = 0.000125
2025-09-19 09:32:05 INFO     Epoch 999 [20/32]: loss = 0.44090425968170166, lr = 0.000125
2025-09-19 09:32:05 INFO     Epoch 999 [20/32]: loss = 0.44090425968170166, lr = 0.000125
2025-09-19 09:32:17 INFO     Epoch 999 [30/32]: loss = 0.40979379415512085, lr = 0.000125
2025-09-19 09:32:17 INFO     Epoch 999 [30/32]: loss = 0.40979379415512085, lr = 0.000125
2025-09-19 09:32:17 INFO     Epoch 999 [30/32]: loss = 0.40979379415512085, lr = 0.000125
2025-09-19 09:32:17 INFO     Epoch 999 [30/32]: loss = 0.40979379415512085, lr = 0.000125
2025-09-19 09:39:30 INFO     384 samples generated in 1024 evaluations.
2025-09-19 09:39:36 INFO     384 samples generated in 1024 evaluations.
2025-09-19 09:39:38 INFO     384 samples generated in 1024 evaluations.
2025-09-19 09:39:41 INFO     384 samples generated in 1024 evaluations.
2025-09-19 09:39:44 INFO     Evaluating [0/32] samples generated [250/250] running fid 62.33682632446289
2025-09-19 09:39:44 INFO     Evaluating [0/32] samples generated [250/250] running fid 62.33682632446289
2025-09-19 09:39:44 INFO     Evaluating [0/32] samples generated [250/250] running fid 62.33682632446289
2025-09-19 09:39:44 INFO     Evaluating [0/32] samples generated [250/250] running fid 62.33682632446289
2025-09-19 09:39:53 INFO     Epoch 1000 [0/32]: loss = 0.4035201370716095, lr = 0.000125
2025-09-19 09:39:53 INFO     Epoch 1000 [0/32]: loss = 0.4035201370716095, lr = 0.000125
2025-09-19 09:39:53 INFO     Epoch 1000 [0/32]: loss = 0.4035201370716095, lr = 0.000125
2025-09-19 09:39:53 INFO     Epoch 1000 [0/32]: loss = 0.4035201370716095, lr = 0.000125
2025-09-19 09:40:05 INFO     Epoch 1000 [10/32]: loss = 0.38637426495552063, lr = 0.000125
2025-09-19 09:40:05 INFO     Epoch 1000 [10/32]: loss = 0.38637426495552063, lr = 0.000125
2025-09-19 09:40:05 INFO     Epoch 1000 [10/32]: loss = 0.38637426495552063, lr = 0.000125
2025-09-19 09:40:05 INFO     Epoch 1000 [10/32]: loss = 0.38637426495552063, lr = 0.000125
2025-09-19 09:40:17 INFO     Epoch 1000 [20/32]: loss = 0.40977367758750916, lr = 0.000125
2025-09-19 09:40:17 INFO     Epoch 1000 [20/32]: loss = 0.40977367758750916, lr = 0.000125
2025-09-19 09:40:17 INFO     Epoch 1000 [20/32]: loss = 0.40977367758750916, lr = 0.000125
2025-09-19 09:40:17 INFO     Epoch 1000 [20/32]: loss = 0.40977367758750916, lr = 0.000125
2025-09-19 09:40:29 INFO     Epoch 1000 [30/32]: loss = 0.4327341616153717, lr = 0.000125
2025-09-19 09:40:29 INFO     Epoch 1000 [30/32]: loss = 0.4327341616153717, lr = 0.000125
2025-09-19 09:40:29 INFO     Epoch 1000 [30/32]: loss = 0.4327341616153717, lr = 0.000125
2025-09-19 09:40:29 INFO     Epoch 1000 [30/32]: loss = 0.4327341616153717, lr = 0.000125
2025-09-19 09:40:32 INFO     Epoch 1001 [0/32]: loss = 0.4243825376033783, lr = 0.000125
2025-09-19 09:40:32 INFO     Epoch 1001 [0/32]: loss = 0.4243825376033783, lr = 0.000125
2025-09-19 09:40:32 INFO     Epoch 1001 [0/32]: loss = 0.4243825376033783, lr = 0.000125
2025-09-19 09:40:32 INFO     Epoch 1001 [0/32]: loss = 0.4243825376033783, lr = 0.000125
2025-09-19 09:40:44 INFO     Epoch 1001 [10/32]: loss = 0.332813560962677, lr = 0.000125
2025-09-19 09:40:44 INFO     Epoch 1001 [10/32]: loss = 0.332813560962677, lr = 0.000125
2025-09-19 09:40:44 INFO     Epoch 1001 [10/32]: loss = 0.332813560962677, lr = 0.000125
2025-09-19 09:40:44 INFO     Epoch 1001 [10/32]: loss = 0.332813560962677, lr = 0.000125
2025-09-19 09:40:56 INFO     Epoch 1001 [20/32]: loss = 0.40660396218299866, lr = 0.000125
2025-09-19 09:40:56 INFO     Epoch 1001 [20/32]: loss = 0.40660396218299866, lr = 0.000125
2025-09-19 09:40:56 INFO     Epoch 1001 [20/32]: loss = 0.40660396218299866, lr = 0.000125
2025-09-19 09:40:56 INFO     Epoch 1001 [20/32]: loss = 0.40660396218299866, lr = 0.000125
2025-09-19 09:41:08 INFO     Epoch 1001 [30/32]: loss = 0.4148640036582947, lr = 0.000125
2025-09-19 09:41:08 INFO     Epoch 1001 [30/32]: loss = 0.4148640036582947, lr = 0.000125
2025-09-19 09:41:08 INFO     Epoch 1001 [30/32]: loss = 0.4148640036582947, lr = 0.000125
2025-09-19 09:41:08 INFO     Epoch 1001 [30/32]: loss = 0.4148640036582947, lr = 0.000125
2025-09-19 09:41:11 INFO     Epoch 1002 [0/32]: loss = 0.3736407458782196, lr = 0.000125
2025-09-19 09:41:11 INFO     Epoch 1002 [0/32]: loss = 0.3736407458782196, lr = 0.000125
2025-09-19 09:41:11 INFO     Epoch 1002 [0/32]: loss = 0.3736407458782196, lr = 0.000125
2025-09-19 09:41:11 INFO     Epoch 1002 [0/32]: loss = 0.3736407458782196, lr = 0.000125
2025-09-19 09:41:23 INFO     Epoch 1002 [10/32]: loss = 0.4327808618545532, lr = 0.000125
2025-09-19 09:41:23 INFO     Epoch 1002 [10/32]: loss = 0.4327808618545532, lr = 0.000125
2025-09-19 09:41:23 INFO     Epoch 1002 [10/32]: loss = 0.4327808618545532, lr = 0.000125
2025-09-19 09:41:23 INFO     Epoch 1002 [10/32]: loss = 0.4327808618545532, lr = 0.000125
2025-09-19 09:41:35 INFO     Epoch 1002 [20/32]: loss = 0.4130870997905731, lr = 0.000125
2025-09-19 09:41:35 INFO     Epoch 1002 [20/32]: loss = 0.4130870997905731, lr = 0.000125
2025-09-19 09:41:35 INFO     Epoch 1002 [20/32]: loss = 0.4130870997905731, lr = 0.000125
2025-09-19 09:41:35 INFO     Epoch 1002 [20/32]: loss = 0.4130870997905731, lr = 0.000125
2025-09-19 09:41:47 INFO     Epoch 1002 [30/32]: loss = 0.3521043360233307, lr = 0.000125
2025-09-19 09:41:47 INFO     Epoch 1002 [30/32]: loss = 0.3521043360233307, lr = 0.000125
2025-09-19 09:41:47 INFO     Epoch 1002 [30/32]: loss = 0.3521043360233307, lr = 0.000125
2025-09-19 09:41:47 INFO     Epoch 1002 [30/32]: loss = 0.3521043360233307, lr = 0.000125
2025-09-19 09:41:50 INFO     Epoch 1003 [0/32]: loss = 0.40167468786239624, lr = 0.000125
2025-09-19 09:41:50 INFO     Epoch 1003 [0/32]: loss = 0.40167468786239624, lr = 0.000125
2025-09-19 09:41:50 INFO     Epoch 1003 [0/32]: loss = 0.40167468786239624, lr = 0.000125
2025-09-19 09:41:50 INFO     Epoch 1003 [0/32]: loss = 0.40167468786239624, lr = 0.000125
2025-09-19 09:42:02 INFO     Epoch 1003 [10/32]: loss = 0.36713793873786926, lr = 0.000125
2025-09-19 09:42:02 INFO     Epoch 1003 [10/32]: loss = 0.36713793873786926, lr = 0.000125
2025-09-19 09:42:02 INFO     Epoch 1003 [10/32]: loss = 0.36713793873786926, lr = 0.000125
2025-09-19 09:42:02 INFO     Epoch 1003 [10/32]: loss = 0.36713793873786926, lr = 0.000125
2025-09-19 09:42:14 INFO     Epoch 1003 [20/32]: loss = 0.4062231779098511, lr = 0.000125
2025-09-19 09:42:14 INFO     Epoch 1003 [20/32]: loss = 0.4062231779098511, lr = 0.000125
2025-09-19 09:42:14 INFO     Epoch 1003 [20/32]: loss = 0.4062231779098511, lr = 0.000125
2025-09-19 09:42:14 INFO     Epoch 1003 [20/32]: loss = 0.4062231779098511, lr = 0.000125
2025-09-19 09:42:25 INFO     Epoch 1003 [30/32]: loss = 0.44884833693504333, lr = 0.000125
2025-09-19 09:42:25 INFO     Epoch 1003 [30/32]: loss = 0.44884833693504333, lr = 0.000125
2025-09-19 09:42:25 INFO     Epoch 1003 [30/32]: loss = 0.44884833693504333, lr = 0.000125
2025-09-19 09:42:25 INFO     Epoch 1003 [30/32]: loss = 0.44884833693504333, lr = 0.000125
2025-09-19 09:42:29 INFO     Epoch 1004 [0/32]: loss = 0.4115857481956482, lr = 0.000125
2025-09-19 09:42:29 INFO     Epoch 1004 [0/32]: loss = 0.4115857481956482, lr = 0.000125
2025-09-19 09:42:29 INFO     Epoch 1004 [0/32]: loss = 0.4115857481956482, lr = 0.000125
2025-09-19 09:42:29 INFO     Epoch 1004 [0/32]: loss = 0.4115857481956482, lr = 0.000125
2025-09-19 09:42:40 INFO     Epoch 1004 [10/32]: loss = 0.43087852001190186, lr = 0.000125
2025-09-19 09:42:40 INFO     Epoch 1004 [10/32]: loss = 0.43087852001190186, lr = 0.000125
2025-09-19 09:42:40 INFO     Epoch 1004 [10/32]: loss = 0.43087852001190186, lr = 0.000125
2025-09-19 09:42:40 INFO     Epoch 1004 [10/32]: loss = 0.43087852001190186, lr = 0.000125
2025-09-19 09:42:52 INFO     Epoch 1004 [20/32]: loss = 0.4418551027774811, lr = 0.000125
2025-09-19 09:42:52 INFO     Epoch 1004 [20/32]: loss = 0.4418551027774811, lr = 0.000125
2025-09-19 09:42:52 INFO     Epoch 1004 [20/32]: loss = 0.4418551027774811, lr = 0.000125
2025-09-19 09:42:52 INFO     Epoch 1004 [20/32]: loss = 0.4418551027774811, lr = 0.000125
2025-09-19 09:43:04 INFO     Epoch 1004 [30/32]: loss = 0.40848493576049805, lr = 0.000125
2025-09-19 09:43:04 INFO     Epoch 1004 [30/32]: loss = 0.40848493576049805, lr = 0.000125
2025-09-19 09:43:04 INFO     Epoch 1004 [30/32]: loss = 0.40848493576049805, lr = 0.000125
2025-09-19 09:43:04 INFO     Epoch 1004 [30/32]: loss = 0.40848493576049805, lr = 0.000125
2025-09-19 09:43:07 INFO     Epoch 1005 [0/32]: loss = 0.42413949966430664, lr = 0.000125
2025-09-19 09:43:07 INFO     Epoch 1005 [0/32]: loss = 0.42413949966430664, lr = 0.000125
2025-09-19 09:43:07 INFO     Epoch 1005 [0/32]: loss = 0.42413949966430664, lr = 0.000125
2025-09-19 09:43:07 INFO     Epoch 1005 [0/32]: loss = 0.42413949966430664, lr = 0.000125
2025-09-19 09:43:19 INFO     Epoch 1005 [10/32]: loss = 0.41784870624542236, lr = 0.000125
2025-09-19 09:43:19 INFO     Epoch 1005 [10/32]: loss = 0.41784870624542236, lr = 0.000125
2025-09-19 09:43:19 INFO     Epoch 1005 [10/32]: loss = 0.41784870624542236, lr = 0.000125
2025-09-19 09:43:19 INFO     Epoch 1005 [10/32]: loss = 0.41784870624542236, lr = 0.000125
2025-09-19 09:43:31 INFO     Epoch 1005 [20/32]: loss = 0.39905521273612976, lr = 0.000125
2025-09-19 09:43:31 INFO     Epoch 1005 [20/32]: loss = 0.39905521273612976, lr = 0.000125
2025-09-19 09:43:31 INFO     Epoch 1005 [20/32]: loss = 0.39905521273612976, lr = 0.000125
2025-09-19 09:43:31 INFO     Epoch 1005 [20/32]: loss = 0.39905521273612976, lr = 0.000125
2025-09-19 09:43:43 INFO     Epoch 1005 [30/32]: loss = 0.3973366618156433, lr = 0.000125
2025-09-19 09:43:43 INFO     Epoch 1005 [30/32]: loss = 0.3973366618156433, lr = 0.000125
2025-09-19 09:43:43 INFO     Epoch 1005 [30/32]: loss = 0.3973366618156433, lr = 0.000125
2025-09-19 09:43:43 INFO     Epoch 1005 [30/32]: loss = 0.3973366618156433, lr = 0.000125
2025-09-19 09:43:46 INFO     Epoch 1006 [0/32]: loss = 0.35033655166625977, lr = 0.000125
2025-09-19 09:43:46 INFO     Epoch 1006 [0/32]: loss = 0.35033655166625977, lr = 0.000125
2025-09-19 09:43:46 INFO     Epoch 1006 [0/32]: loss = 0.35033655166625977, lr = 0.000125
2025-09-19 09:43:46 INFO     Epoch 1006 [0/32]: loss = 0.35033655166625977, lr = 0.000125
2025-09-19 09:43:58 INFO     Epoch 1006 [10/32]: loss = 0.4327538013458252, lr = 0.000125
2025-09-19 09:43:58 INFO     Epoch 1006 [10/32]: loss = 0.4327538013458252, lr = 0.000125
2025-09-19 09:43:58 INFO     Epoch 1006 [10/32]: loss = 0.4327538013458252, lr = 0.000125
2025-09-19 09:43:58 INFO     Epoch 1006 [10/32]: loss = 0.4327538013458252, lr = 0.000125
2025-09-19 09:44:10 INFO     Epoch 1006 [20/32]: loss = 0.38168245553970337, lr = 0.000125
2025-09-19 09:44:10 INFO     Epoch 1006 [20/32]: loss = 0.38168245553970337, lr = 0.000125
2025-09-19 09:44:10 INFO     Epoch 1006 [20/32]: loss = 0.38168245553970337, lr = 0.000125
2025-09-19 09:44:10 INFO     Epoch 1006 [20/32]: loss = 0.38168245553970337, lr = 0.000125
2025-09-19 09:44:22 INFO     Epoch 1006 [30/32]: loss = 0.3291615843772888, lr = 0.000125
2025-09-19 09:44:22 INFO     Epoch 1006 [30/32]: loss = 0.3291615843772888, lr = 0.000125
2025-09-19 09:44:22 INFO     Epoch 1006 [30/32]: loss = 0.3291615843772888, lr = 0.000125
2025-09-19 09:44:22 INFO     Epoch 1006 [30/32]: loss = 0.3291615843772888, lr = 0.000125
2025-09-19 09:44:25 INFO     Epoch 1007 [0/32]: loss = 0.31203895807266235, lr = 0.000125
2025-09-19 09:44:25 INFO     Epoch 1007 [0/32]: loss = 0.31203895807266235, lr = 0.000125
2025-09-19 09:44:25 INFO     Epoch 1007 [0/32]: loss = 0.31203895807266235, lr = 0.000125
2025-09-19 09:44:25 INFO     Epoch 1007 [0/32]: loss = 0.31203895807266235, lr = 0.000125
2025-09-19 09:44:37 INFO     Epoch 1007 [10/32]: loss = 0.383769154548645, lr = 0.000125
2025-09-19 09:44:37 INFO     Epoch 1007 [10/32]: loss = 0.383769154548645, lr = 0.000125
2025-09-19 09:44:37 INFO     Epoch 1007 [10/32]: loss = 0.383769154548645, lr = 0.000125
2025-09-19 09:44:37 INFO     Epoch 1007 [10/32]: loss = 0.383769154548645, lr = 0.000125
2025-09-19 09:44:49 INFO     Epoch 1007 [20/32]: loss = 0.35900747776031494, lr = 0.000125
2025-09-19 09:44:49 INFO     Epoch 1007 [20/32]: loss = 0.35900747776031494, lr = 0.000125
2025-09-19 09:44:49 INFO     Epoch 1007 [20/32]: loss = 0.35900747776031494, lr = 0.000125
2025-09-19 09:44:49 INFO     Epoch 1007 [20/32]: loss = 0.35900747776031494, lr = 0.000125
2025-09-19 09:45:01 INFO     Epoch 1007 [30/32]: loss = 0.4211488962173462, lr = 0.000125
2025-09-19 09:45:01 INFO     Epoch 1007 [30/32]: loss = 0.4211488962173462, lr = 0.000125
2025-09-19 09:45:01 INFO     Epoch 1007 [30/32]: loss = 0.4211488962173462, lr = 0.000125
2025-09-19 09:45:01 INFO     Epoch 1007 [30/32]: loss = 0.4211488962173462, lr = 0.000125
2025-09-19 09:45:04 INFO     Epoch 1008 [0/32]: loss = 0.4039393961429596, lr = 0.000125
2025-09-19 09:45:04 INFO     Epoch 1008 [0/32]: loss = 0.4039393961429596, lr = 0.000125
2025-09-19 09:45:04 INFO     Epoch 1008 [0/32]: loss = 0.4039393961429596, lr = 0.000125
2025-09-19 09:45:04 INFO     Epoch 1008 [0/32]: loss = 0.4039393961429596, lr = 0.000125
2025-09-19 09:45:15 INFO     Epoch 1008 [10/32]: loss = 0.4856691360473633, lr = 0.000125
2025-09-19 09:45:15 INFO     Epoch 1008 [10/32]: loss = 0.4856691360473633, lr = 0.000125
2025-09-19 09:45:15 INFO     Epoch 1008 [10/32]: loss = 0.4856691360473633, lr = 0.000125
2025-09-19 09:45:15 INFO     Epoch 1008 [10/32]: loss = 0.4856691360473633, lr = 0.000125
2025-09-19 09:45:27 INFO     Epoch 1008 [20/32]: loss = 0.3230137825012207, lr = 0.000125
2025-09-19 09:45:27 INFO     Epoch 1008 [20/32]: loss = 0.3230137825012207, lr = 0.000125
2025-09-19 09:45:27 INFO     Epoch 1008 [20/32]: loss = 0.3230137825012207, lr = 0.000125
2025-09-19 09:45:27 INFO     Epoch 1008 [20/32]: loss = 0.3230137825012207, lr = 0.000125
2025-09-19 09:45:39 INFO     Epoch 1008 [30/32]: loss = 0.33895307779312134, lr = 0.000125
2025-09-19 09:45:39 INFO     Epoch 1008 [30/32]: loss = 0.33895307779312134, lr = 0.000125
2025-09-19 09:45:39 INFO     Epoch 1008 [30/32]: loss = 0.33895307779312134, lr = 0.000125
2025-09-19 09:45:39 INFO     Epoch 1008 [30/32]: loss = 0.33895307779312134, lr = 0.000125
2025-09-19 09:45:42 INFO     Epoch 1009 [0/32]: loss = 0.31984949111938477, lr = 0.000125
2025-09-19 09:45:42 INFO     Epoch 1009 [0/32]: loss = 0.31984949111938477, lr = 0.000125
2025-09-19 09:45:42 INFO     Epoch 1009 [0/32]: loss = 0.31984949111938477, lr = 0.000125
2025-09-19 09:45:42 INFO     Epoch 1009 [0/32]: loss = 0.31984949111938477, lr = 0.000125
2025-09-19 09:45:54 INFO     Epoch 1009 [10/32]: loss = 0.3835189938545227, lr = 0.000125
2025-09-19 09:45:54 INFO     Epoch 1009 [10/32]: loss = 0.3835189938545227, lr = 0.000125
2025-09-19 09:45:54 INFO     Epoch 1009 [10/32]: loss = 0.3835189938545227, lr = 0.000125
2025-09-19 09:45:54 INFO     Epoch 1009 [10/32]: loss = 0.3835189938545227, lr = 0.000125
2025-09-19 09:46:06 INFO     Epoch 1009 [20/32]: loss = 0.360304594039917, lr = 0.000125
2025-09-19 09:46:06 INFO     Epoch 1009 [20/32]: loss = 0.360304594039917, lr = 0.000125
2025-09-19 09:46:06 INFO     Epoch 1009 [20/32]: loss = 0.360304594039917, lr = 0.000125
2025-09-19 09:46:06 INFO     Epoch 1009 [20/32]: loss = 0.360304594039917, lr = 0.000125
2025-09-19 09:46:18 INFO     Epoch 1009 [30/32]: loss = 0.35513681173324585, lr = 0.000125
2025-09-19 09:46:18 INFO     Epoch 1009 [30/32]: loss = 0.35513681173324585, lr = 0.000125
2025-09-19 09:46:18 INFO     Epoch 1009 [30/32]: loss = 0.35513681173324585, lr = 0.000125
2025-09-19 09:46:18 INFO     Epoch 1009 [30/32]: loss = 0.35513681173324585, lr = 0.000125
2025-09-19 09:46:21 INFO     Epoch 1010 [0/32]: loss = 0.34970664978027344, lr = 0.000125
2025-09-19 09:46:21 INFO     Epoch 1010 [0/32]: loss = 0.34970664978027344, lr = 0.000125
2025-09-19 09:46:21 INFO     Epoch 1010 [0/32]: loss = 0.34970664978027344, lr = 0.000125
2025-09-19 09:46:21 INFO     Epoch 1010 [0/32]: loss = 0.34970664978027344, lr = 0.000125
2025-09-19 09:46:33 INFO     Epoch 1010 [10/32]: loss = 0.3734756112098694, lr = 0.000125
2025-09-19 09:46:33 INFO     Epoch 1010 [10/32]: loss = 0.3734756112098694, lr = 0.000125
2025-09-19 09:46:33 INFO     Epoch 1010 [10/32]: loss = 0.3734756112098694, lr = 0.000125
2025-09-19 09:46:33 INFO     Epoch 1010 [10/32]: loss = 0.3734756112098694, lr = 0.000125
2025-09-19 09:46:45 INFO     Epoch 1010 [20/32]: loss = 0.35380613803863525, lr = 0.000125
2025-09-19 09:46:45 INFO     Epoch 1010 [20/32]: loss = 0.35380613803863525, lr = 0.000125
2025-09-19 09:46:45 INFO     Epoch 1010 [20/32]: loss = 0.35380613803863525, lr = 0.000125
2025-09-19 09:46:45 INFO     Epoch 1010 [20/32]: loss = 0.35380613803863525, lr = 0.000125
2025-09-19 09:46:57 INFO     Epoch 1010 [30/32]: loss = 0.40039902925491333, lr = 0.000125
2025-09-19 09:46:57 INFO     Epoch 1010 [30/32]: loss = 0.40039902925491333, lr = 0.000125
2025-09-19 09:46:57 INFO     Epoch 1010 [30/32]: loss = 0.40039902925491333, lr = 0.000125
2025-09-19 09:46:57 INFO     Epoch 1010 [30/32]: loss = 0.40039902925491333, lr = 0.000125
2025-09-19 09:47:00 INFO     Epoch 1011 [0/32]: loss = 0.3018184304237366, lr = 0.000125
2025-09-19 09:47:00 INFO     Epoch 1011 [0/32]: loss = 0.3018184304237366, lr = 0.000125
2025-09-19 09:47:00 INFO     Epoch 1011 [0/32]: loss = 0.3018184304237366, lr = 0.000125
2025-09-19 09:47:00 INFO     Epoch 1011 [0/32]: loss = 0.3018184304237366, lr = 0.000125
2025-09-19 09:47:12 INFO     Epoch 1011 [10/32]: loss = 0.38137924671173096, lr = 0.000125
2025-09-19 09:47:12 INFO     Epoch 1011 [10/32]: loss = 0.38137924671173096, lr = 0.000125
2025-09-19 09:47:12 INFO     Epoch 1011 [10/32]: loss = 0.38137924671173096, lr = 0.000125
2025-09-19 09:47:12 INFO     Epoch 1011 [10/32]: loss = 0.38137924671173096, lr = 0.000125
2025-09-19 09:47:24 INFO     Epoch 1011 [20/32]: loss = 0.3576465845108032, lr = 0.000125
2025-09-19 09:47:24 INFO     Epoch 1011 [20/32]: loss = 0.3576465845108032, lr = 0.000125
2025-09-19 09:47:24 INFO     Epoch 1011 [20/32]: loss = 0.3576465845108032, lr = 0.000125
2025-09-19 09:47:24 INFO     Epoch 1011 [20/32]: loss = 0.3576465845108032, lr = 0.000125
2025-09-19 09:47:35 INFO     Epoch 1011 [30/32]: loss = 0.4198274612426758, lr = 0.000125
2025-09-19 09:47:35 INFO     Epoch 1011 [30/32]: loss = 0.4198274612426758, lr = 0.000125
2025-09-19 09:47:35 INFO     Epoch 1011 [30/32]: loss = 0.4198274612426758, lr = 0.000125
2025-09-19 09:47:35 INFO     Epoch 1011 [30/32]: loss = 0.4198274612426758, lr = 0.000125
2025-09-19 09:47:39 INFO     Epoch 1012 [0/32]: loss = 0.307192862033844, lr = 0.000125
2025-09-19 09:47:39 INFO     Epoch 1012 [0/32]: loss = 0.307192862033844, lr = 0.000125
2025-09-19 09:47:39 INFO     Epoch 1012 [0/32]: loss = 0.307192862033844, lr = 0.000125
2025-09-19 09:47:39 INFO     Epoch 1012 [0/32]: loss = 0.307192862033844, lr = 0.000125
2025-09-19 09:47:50 INFO     Epoch 1012 [10/32]: loss = 0.32667452096939087, lr = 0.000125
2025-09-19 09:47:50 INFO     Epoch 1012 [10/32]: loss = 0.32667452096939087, lr = 0.000125
2025-09-19 09:47:50 INFO     Epoch 1012 [10/32]: loss = 0.32667452096939087, lr = 0.000125
2025-09-19 09:47:50 INFO     Epoch 1012 [10/32]: loss = 0.32667452096939087, lr = 0.000125
2025-09-19 09:48:02 INFO     Epoch 1012 [20/32]: loss = 0.3856578767299652, lr = 0.000125
2025-09-19 09:48:02 INFO     Epoch 1012 [20/32]: loss = 0.3856578767299652, lr = 0.000125
2025-09-19 09:48:02 INFO     Epoch 1012 [20/32]: loss = 0.3856578767299652, lr = 0.000125
2025-09-19 09:48:02 INFO     Epoch 1012 [20/32]: loss = 0.3856578767299652, lr = 0.000125
2025-09-19 09:48:14 INFO     Epoch 1012 [30/32]: loss = 0.3303828835487366, lr = 0.000125
2025-09-19 09:48:14 INFO     Epoch 1012 [30/32]: loss = 0.3303828835487366, lr = 0.000125
2025-09-19 09:48:14 INFO     Epoch 1012 [30/32]: loss = 0.3303828835487366, lr = 0.000125
2025-09-19 09:48:14 INFO     Epoch 1012 [30/32]: loss = 0.3303828835487366, lr = 0.000125
2025-09-19 09:48:17 INFO     Epoch 1013 [0/32]: loss = 0.3694119453430176, lr = 0.000125
2025-09-19 09:48:17 INFO     Epoch 1013 [0/32]: loss = 0.3694119453430176, lr = 0.000125
2025-09-19 09:48:17 INFO     Epoch 1013 [0/32]: loss = 0.3694119453430176, lr = 0.000125
2025-09-19 09:48:17 INFO     Epoch 1013 [0/32]: loss = 0.3694119453430176, lr = 0.000125
2025-09-19 09:48:29 INFO     Epoch 1013 [10/32]: loss = 0.34795770049095154, lr = 0.000125
2025-09-19 09:48:29 INFO     Epoch 1013 [10/32]: loss = 0.34795770049095154, lr = 0.000125
2025-09-19 09:48:29 INFO     Epoch 1013 [10/32]: loss = 0.34795770049095154, lr = 0.000125
2025-09-19 09:48:29 INFO     Epoch 1013 [10/32]: loss = 0.34795770049095154, lr = 0.000125
2025-09-19 09:48:41 INFO     Epoch 1013 [20/32]: loss = 0.4223979115486145, lr = 0.000125
2025-09-19 09:48:41 INFO     Epoch 1013 [20/32]: loss = 0.4223979115486145, lr = 0.000125
2025-09-19 09:48:41 INFO     Epoch 1013 [20/32]: loss = 0.4223979115486145, lr = 0.000125
2025-09-19 09:48:41 INFO     Epoch 1013 [20/32]: loss = 0.4223979115486145, lr = 0.000125
2025-09-19 09:48:53 INFO     Epoch 1013 [30/32]: loss = 0.364322304725647, lr = 0.000125
2025-09-19 09:48:53 INFO     Epoch 1013 [30/32]: loss = 0.364322304725647, lr = 0.000125
2025-09-19 09:48:53 INFO     Epoch 1013 [30/32]: loss = 0.364322304725647, lr = 0.000125
2025-09-19 09:48:53 INFO     Epoch 1013 [30/32]: loss = 0.364322304725647, lr = 0.000125
2025-09-19 09:48:56 INFO     Epoch 1014 [0/32]: loss = 0.3732495903968811, lr = 0.000125
2025-09-19 09:48:56 INFO     Epoch 1014 [0/32]: loss = 0.3732495903968811, lr = 0.000125
2025-09-19 09:48:56 INFO     Epoch 1014 [0/32]: loss = 0.3732495903968811, lr = 0.000125
2025-09-19 09:48:56 INFO     Epoch 1014 [0/32]: loss = 0.3732495903968811, lr = 0.000125
2025-09-19 09:49:08 INFO     Epoch 1014 [10/32]: loss = 0.3671509623527527, lr = 0.000125
2025-09-19 09:49:08 INFO     Epoch 1014 [10/32]: loss = 0.3671509623527527, lr = 0.000125
2025-09-19 09:49:08 INFO     Epoch 1014 [10/32]: loss = 0.3671509623527527, lr = 0.000125
2025-09-19 09:49:08 INFO     Epoch 1014 [10/32]: loss = 0.3671509623527527, lr = 0.000125
2025-09-19 09:49:20 INFO     Epoch 1014 [20/32]: loss = 0.33288389444351196, lr = 0.000125
2025-09-19 09:49:20 INFO     Epoch 1014 [20/32]: loss = 0.33288389444351196, lr = 0.000125
2025-09-19 09:49:20 INFO     Epoch 1014 [20/32]: loss = 0.33288389444351196, lr = 0.000125
2025-09-19 09:49:20 INFO     Epoch 1014 [20/32]: loss = 0.33288389444351196, lr = 0.000125
2025-09-19 09:49:32 INFO     Epoch 1014 [30/32]: loss = 0.3264548182487488, lr = 0.000125
2025-09-19 09:49:32 INFO     Epoch 1014 [30/32]: loss = 0.3264548182487488, lr = 0.000125
2025-09-19 09:49:32 INFO     Epoch 1014 [30/32]: loss = 0.3264548182487488, lr = 0.000125
2025-09-19 09:49:32 INFO     Epoch 1014 [30/32]: loss = 0.3264548182487488, lr = 0.000125
2025-09-19 09:49:35 INFO     Epoch 1015 [0/32]: loss = 0.3414756655693054, lr = 0.000125
2025-09-19 09:49:35 INFO     Epoch 1015 [0/32]: loss = 0.3414756655693054, lr = 0.000125
2025-09-19 09:49:35 INFO     Epoch 1015 [0/32]: loss = 0.3414756655693054, lr = 0.000125
2025-09-19 09:49:35 INFO     Epoch 1015 [0/32]: loss = 0.3414756655693054, lr = 0.000125
2025-09-19 09:49:47 INFO     Epoch 1015 [10/32]: loss = 0.3480660915374756, lr = 0.000125
2025-09-19 09:49:47 INFO     Epoch 1015 [10/32]: loss = 0.3480660915374756, lr = 0.000125
2025-09-19 09:49:47 INFO     Epoch 1015 [10/32]: loss = 0.3480660915374756, lr = 0.000125
2025-09-19 09:49:47 INFO     Epoch 1015 [10/32]: loss = 0.3480660915374756, lr = 0.000125
2025-09-19 09:49:59 INFO     Epoch 1015 [20/32]: loss = 0.3662795424461365, lr = 0.000125
2025-09-19 09:49:59 INFO     Epoch 1015 [20/32]: loss = 0.3662795424461365, lr = 0.000125
2025-09-19 09:49:59 INFO     Epoch 1015 [20/32]: loss = 0.3662795424461365, lr = 0.000125
2025-09-19 09:49:59 INFO     Epoch 1015 [20/32]: loss = 0.3662795424461365, lr = 0.000125
2025-09-19 09:50:11 INFO     Epoch 1015 [30/32]: loss = 0.27930983901023865, lr = 0.000125
2025-09-19 09:50:11 INFO     Epoch 1015 [30/32]: loss = 0.27930983901023865, lr = 0.000125
2025-09-19 09:50:11 INFO     Epoch 1015 [30/32]: loss = 0.27930983901023865, lr = 0.000125
2025-09-19 09:50:11 INFO     Epoch 1015 [30/32]: loss = 0.27930983901023865, lr = 0.000125
2025-09-19 09:50:14 INFO     Epoch 1016 [0/32]: loss = 0.36543503403663635, lr = 0.000125
2025-09-19 09:50:14 INFO     Epoch 1016 [0/32]: loss = 0.36543503403663635, lr = 0.000125
2025-09-19 09:50:14 INFO     Epoch 1016 [0/32]: loss = 0.36543503403663635, lr = 0.000125
2025-09-19 09:50:14 INFO     Epoch 1016 [0/32]: loss = 0.36543503403663635, lr = 0.000125
2025-09-19 09:50:26 INFO     Epoch 1016 [10/32]: loss = 0.299421101808548, lr = 0.000125
2025-09-19 09:50:26 INFO     Epoch 1016 [10/32]: loss = 0.299421101808548, lr = 0.000125
2025-09-19 09:50:26 INFO     Epoch 1016 [10/32]: loss = 0.299421101808548, lr = 0.000125
2025-09-19 09:50:26 INFO     Epoch 1016 [10/32]: loss = 0.299421101808548, lr = 0.000125
2025-09-19 09:50:37 INFO     Epoch 1016 [20/32]: loss = 0.3541914224624634, lr = 0.000125
2025-09-19 09:50:37 INFO     Epoch 1016 [20/32]: loss = 0.3541914224624634, lr = 0.000125
2025-09-19 09:50:37 INFO     Epoch 1016 [20/32]: loss = 0.3541914224624634, lr = 0.000125
2025-09-19 09:50:37 INFO     Epoch 1016 [20/32]: loss = 0.3541914224624634, lr = 0.000125
2025-09-19 09:50:49 INFO     Epoch 1016 [30/32]: loss = 0.33061718940734863, lr = 0.000125
2025-09-19 09:50:49 INFO     Epoch 1016 [30/32]: loss = 0.33061718940734863, lr = 0.000125
2025-09-19 09:50:49 INFO     Epoch 1016 [30/32]: loss = 0.33061718940734863, lr = 0.000125
2025-09-19 09:50:49 INFO     Epoch 1016 [30/32]: loss = 0.33061718940734863, lr = 0.000125
2025-09-19 09:50:52 INFO     Epoch 1017 [0/32]: loss = 0.35139894485473633, lr = 0.000125
2025-09-19 09:50:52 INFO     Epoch 1017 [0/32]: loss = 0.35139894485473633, lr = 0.000125
2025-09-19 09:50:52 INFO     Epoch 1017 [0/32]: loss = 0.35139894485473633, lr = 0.000125
2025-09-19 09:50:52 INFO     Epoch 1017 [0/32]: loss = 0.35139894485473633, lr = 0.000125
2025-09-19 09:51:04 INFO     Epoch 1017 [10/32]: loss = 0.3515564799308777, lr = 0.000125
2025-09-19 09:51:04 INFO     Epoch 1017 [10/32]: loss = 0.3515564799308777, lr = 0.000125
2025-09-19 09:51:04 INFO     Epoch 1017 [10/32]: loss = 0.3515564799308777, lr = 0.000125
2025-09-19 09:51:04 INFO     Epoch 1017 [10/32]: loss = 0.3515564799308777, lr = 0.000125
2025-09-19 09:51:16 INFO     Epoch 1017 [20/32]: loss = 0.32818838953971863, lr = 0.000125
2025-09-19 09:51:16 INFO     Epoch 1017 [20/32]: loss = 0.32818838953971863, lr = 0.000125
2025-09-19 09:51:16 INFO     Epoch 1017 [20/32]: loss = 0.32818838953971863, lr = 0.000125
2025-09-19 09:51:16 INFO     Epoch 1017 [20/32]: loss = 0.32818838953971863, lr = 0.000125
2025-09-19 09:51:28 INFO     Epoch 1017 [30/32]: loss = 0.31001490354537964, lr = 0.000125
2025-09-19 09:51:28 INFO     Epoch 1017 [30/32]: loss = 0.31001490354537964, lr = 0.000125
2025-09-19 09:51:28 INFO     Epoch 1017 [30/32]: loss = 0.31001490354537964, lr = 0.000125
2025-09-19 09:51:28 INFO     Epoch 1017 [30/32]: loss = 0.31001490354537964, lr = 0.000125
2025-09-19 09:51:31 INFO     Epoch 1018 [0/32]: loss = 0.35044288635253906, lr = 0.000125
2025-09-19 09:51:31 INFO     Epoch 1018 [0/32]: loss = 0.35044288635253906, lr = 0.000125
2025-09-19 09:51:31 INFO     Epoch 1018 [0/32]: loss = 0.35044288635253906, lr = 0.000125
2025-09-19 09:51:31 INFO     Epoch 1018 [0/32]: loss = 0.35044288635253906, lr = 0.000125
2025-09-19 09:51:43 INFO     Epoch 1018 [10/32]: loss = 0.31162333488464355, lr = 0.000125
2025-09-19 09:51:43 INFO     Epoch 1018 [10/32]: loss = 0.31162333488464355, lr = 0.000125
2025-09-19 09:51:43 INFO     Epoch 1018 [10/32]: loss = 0.31162333488464355, lr = 0.000125
2025-09-19 09:51:43 INFO     Epoch 1018 [10/32]: loss = 0.31162333488464355, lr = 0.000125
2025-09-19 09:51:55 INFO     Epoch 1018 [20/32]: loss = 0.326183557510376, lr = 0.000125
2025-09-19 09:51:55 INFO     Epoch 1018 [20/32]: loss = 0.326183557510376, lr = 0.000125
2025-09-19 09:51:55 INFO     Epoch 1018 [20/32]: loss = 0.326183557510376, lr = 0.000125
2025-09-19 09:51:55 INFO     Epoch 1018 [20/32]: loss = 0.326183557510376, lr = 0.000125
2025-09-19 09:52:07 INFO     Epoch 1018 [30/32]: loss = 0.3207274079322815, lr = 0.000125
2025-09-19 09:52:07 INFO     Epoch 1018 [30/32]: loss = 0.3207274079322815, lr = 0.000125
2025-09-19 09:52:07 INFO     Epoch 1018 [30/32]: loss = 0.3207274079322815, lr = 0.000125
2025-09-19 09:52:07 INFO     Epoch 1018 [30/32]: loss = 0.3207274079322815, lr = 0.000125
2025-09-19 09:52:10 INFO     Epoch 1019 [0/32]: loss = 0.3666524887084961, lr = 0.000125
2025-09-19 09:52:10 INFO     Epoch 1019 [0/32]: loss = 0.3666524887084961, lr = 0.000125
2025-09-19 09:52:10 INFO     Epoch 1019 [0/32]: loss = 0.3666524887084961, lr = 0.000125
2025-09-19 09:52:10 INFO     Epoch 1019 [0/32]: loss = 0.3666524887084961, lr = 0.000125
2025-09-19 09:52:21 INFO     Epoch 1019 [10/32]: loss = 0.3211725652217865, lr = 0.000125
2025-09-19 09:52:21 INFO     Epoch 1019 [10/32]: loss = 0.3211725652217865, lr = 0.000125
2025-09-19 09:52:21 INFO     Epoch 1019 [10/32]: loss = 0.3211725652217865, lr = 0.000125
2025-09-19 09:52:21 INFO     Epoch 1019 [10/32]: loss = 0.3211725652217865, lr = 0.000125
2025-09-19 09:52:33 INFO     Epoch 1019 [20/32]: loss = 0.32877272367477417, lr = 0.000125
2025-09-19 09:52:33 INFO     Epoch 1019 [20/32]: loss = 0.32877272367477417, lr = 0.000125
2025-09-19 09:52:33 INFO     Epoch 1019 [20/32]: loss = 0.32877272367477417, lr = 0.000125
2025-09-19 09:52:33 INFO     Epoch 1019 [20/32]: loss = 0.32877272367477417, lr = 0.000125
2025-09-19 09:52:45 INFO     Epoch 1019 [30/32]: loss = 0.2874939441680908, lr = 0.000125
2025-09-19 09:52:45 INFO     Epoch 1019 [30/32]: loss = 0.2874939441680908, lr = 0.000125
2025-09-19 09:52:45 INFO     Epoch 1019 [30/32]: loss = 0.2874939441680908, lr = 0.000125
2025-09-19 09:52:45 INFO     Epoch 1019 [30/32]: loss = 0.2874939441680908, lr = 0.000125
2025-09-19 09:52:48 INFO     Epoch 1020 [0/32]: loss = 0.4010947346687317, lr = 0.000125
2025-09-19 09:52:48 INFO     Epoch 1020 [0/32]: loss = 0.4010947346687317, lr = 0.000125
2025-09-19 09:52:48 INFO     Epoch 1020 [0/32]: loss = 0.4010947346687317, lr = 0.000125
2025-09-19 09:52:48 INFO     Epoch 1020 [0/32]: loss = 0.4010947346687317, lr = 0.000125
2025-09-19 09:53:00 INFO     Epoch 1020 [10/32]: loss = 0.32016682624816895, lr = 0.000125
2025-09-19 09:53:00 INFO     Epoch 1020 [10/32]: loss = 0.32016682624816895, lr = 0.000125
2025-09-19 09:53:00 INFO     Epoch 1020 [10/32]: loss = 0.32016682624816895, lr = 0.000125
2025-09-19 09:53:00 INFO     Epoch 1020 [10/32]: loss = 0.32016682624816895, lr = 0.000125
2025-09-19 09:53:12 INFO     Epoch 1020 [20/32]: loss = 0.2518717050552368, lr = 0.000125
2025-09-19 09:53:12 INFO     Epoch 1020 [20/32]: loss = 0.2518717050552368, lr = 0.000125
2025-09-19 09:53:12 INFO     Epoch 1020 [20/32]: loss = 0.2518717050552368, lr = 0.000125
2025-09-19 09:53:12 INFO     Epoch 1020 [20/32]: loss = 0.2518717050552368, lr = 0.000125
2025-09-19 09:53:24 INFO     Epoch 1020 [30/32]: loss = 0.34818387031555176, lr = 0.000125
2025-09-19 09:53:24 INFO     Epoch 1020 [30/32]: loss = 0.34818387031555176, lr = 0.000125
2025-09-19 09:53:24 INFO     Epoch 1020 [30/32]: loss = 0.34818387031555176, lr = 0.000125
2025-09-19 09:53:24 INFO     Epoch 1020 [30/32]: loss = 0.34818387031555176, lr = 0.000125
2025-09-19 09:53:27 INFO     Epoch 1021 [0/32]: loss = 0.36323678493499756, lr = 0.000125
2025-09-19 09:53:27 INFO     Epoch 1021 [0/32]: loss = 0.36323678493499756, lr = 0.000125
2025-09-19 09:53:27 INFO     Epoch 1021 [0/32]: loss = 0.36323678493499756, lr = 0.000125
2025-09-19 09:53:27 INFO     Epoch 1021 [0/32]: loss = 0.36323678493499756, lr = 0.000125
2025-09-19 09:53:38 INFO     Epoch 1021 [10/32]: loss = 0.3230378329753876, lr = 0.000125
2025-09-19 09:53:38 INFO     Epoch 1021 [10/32]: loss = 0.3230378329753876, lr = 0.000125
2025-09-19 09:53:38 INFO     Epoch 1021 [10/32]: loss = 0.3230378329753876, lr = 0.000125
2025-09-19 09:53:38 INFO     Epoch 1021 [10/32]: loss = 0.3230378329753876, lr = 0.000125
2025-09-19 09:53:50 INFO     Epoch 1021 [20/32]: loss = 0.2917560338973999, lr = 0.000125
2025-09-19 09:53:50 INFO     Epoch 1021 [20/32]: loss = 0.2917560338973999, lr = 0.000125
2025-09-19 09:53:50 INFO     Epoch 1021 [20/32]: loss = 0.2917560338973999, lr = 0.000125
2025-09-19 09:53:50 INFO     Epoch 1021 [20/32]: loss = 0.2917560338973999, lr = 0.000125
2025-09-19 09:54:02 INFO     Epoch 1021 [30/32]: loss = 0.3841123580932617, lr = 0.000125
2025-09-19 09:54:02 INFO     Epoch 1021 [30/32]: loss = 0.3841123580932617, lr = 0.000125
2025-09-19 09:54:02 INFO     Epoch 1021 [30/32]: loss = 0.3841123580932617, lr = 0.000125
2025-09-19 09:54:02 INFO     Epoch 1021 [30/32]: loss = 0.3841123580932617, lr = 0.000125
2025-09-19 09:54:05 INFO     Epoch 1022 [0/32]: loss = 0.32819250226020813, lr = 0.000125
2025-09-19 09:54:05 INFO     Epoch 1022 [0/32]: loss = 0.32819250226020813, lr = 0.000125
2025-09-19 09:54:05 INFO     Epoch 1022 [0/32]: loss = 0.32819250226020813, lr = 0.000125
2025-09-19 09:54:05 INFO     Epoch 1022 [0/32]: loss = 0.32819250226020813, lr = 0.000125
2025-09-19 09:54:17 INFO     Epoch 1022 [10/32]: loss = 0.31991463899612427, lr = 0.000125
2025-09-19 09:54:17 INFO     Epoch 1022 [10/32]: loss = 0.31991463899612427, lr = 0.000125
2025-09-19 09:54:17 INFO     Epoch 1022 [10/32]: loss = 0.31991463899612427, lr = 0.000125
2025-09-19 09:54:17 INFO     Epoch 1022 [10/32]: loss = 0.31991463899612427, lr = 0.000125
2025-09-19 09:54:29 INFO     Epoch 1022 [20/32]: loss = 0.294227659702301, lr = 0.000125
2025-09-19 09:54:29 INFO     Epoch 1022 [20/32]: loss = 0.294227659702301, lr = 0.000125
2025-09-19 09:54:29 INFO     Epoch 1022 [20/32]: loss = 0.294227659702301, lr = 0.000125
2025-09-19 09:54:29 INFO     Epoch 1022 [20/32]: loss = 0.294227659702301, lr = 0.000125
2025-09-19 09:54:41 INFO     Epoch 1022 [30/32]: loss = 0.3610805571079254, lr = 0.000125
2025-09-19 09:54:41 INFO     Epoch 1022 [30/32]: loss = 0.3610805571079254, lr = 0.000125
2025-09-19 09:54:41 INFO     Epoch 1022 [30/32]: loss = 0.3610805571079254, lr = 0.000125
2025-09-19 09:54:41 INFO     Epoch 1022 [30/32]: loss = 0.3610805571079254, lr = 0.000125
2025-09-19 09:54:44 INFO     Epoch 1023 [0/32]: loss = 0.3492166996002197, lr = 0.000125
2025-09-19 09:54:44 INFO     Epoch 1023 [0/32]: loss = 0.3492166996002197, lr = 0.000125
2025-09-19 09:54:44 INFO     Epoch 1023 [0/32]: loss = 0.3492166996002197, lr = 0.000125
2025-09-19 09:54:44 INFO     Epoch 1023 [0/32]: loss = 0.3492166996002197, lr = 0.000125
2025-09-19 09:54:56 INFO     Epoch 1023 [10/32]: loss = 0.29254668951034546, lr = 0.000125
2025-09-19 09:54:56 INFO     Epoch 1023 [10/32]: loss = 0.29254668951034546, lr = 0.000125
2025-09-19 09:54:56 INFO     Epoch 1023 [10/32]: loss = 0.29254668951034546, lr = 0.000125
2025-09-19 09:54:56 INFO     Epoch 1023 [10/32]: loss = 0.29254668951034546, lr = 0.000125
2025-09-19 09:55:08 INFO     Epoch 1023 [20/32]: loss = 0.31749245524406433, lr = 0.000125
2025-09-19 09:55:08 INFO     Epoch 1023 [20/32]: loss = 0.31749245524406433, lr = 0.000125
2025-09-19 09:55:08 INFO     Epoch 1023 [20/32]: loss = 0.31749245524406433, lr = 0.000125
2025-09-19 09:55:08 INFO     Epoch 1023 [20/32]: loss = 0.31749245524406433, lr = 0.000125
2025-09-19 09:55:20 INFO     Epoch 1023 [30/32]: loss = 0.2705093026161194, lr = 0.000125
2025-09-19 09:55:20 INFO     Epoch 1023 [30/32]: loss = 0.2705093026161194, lr = 0.000125
2025-09-19 09:55:20 INFO     Epoch 1023 [30/32]: loss = 0.2705093026161194, lr = 0.000125
2025-09-19 09:55:20 INFO     Epoch 1023 [30/32]: loss = 0.2705093026161194, lr = 0.000125
2025-09-19 09:55:23 INFO     Epoch 1024 [0/32]: loss = 0.23992057144641876, lr = 0.000125
2025-09-19 09:55:23 INFO     Epoch 1024 [0/32]: loss = 0.23992057144641876, lr = 0.000125
2025-09-19 09:55:23 INFO     Epoch 1024 [0/32]: loss = 0.23992057144641876, lr = 0.000125
2025-09-19 09:55:23 INFO     Epoch 1024 [0/32]: loss = 0.23992057144641876, lr = 0.000125
2025-09-19 09:55:35 INFO     Epoch 1024 [10/32]: loss = 0.30128422379493713, lr = 0.000125
2025-09-19 09:55:35 INFO     Epoch 1024 [10/32]: loss = 0.30128422379493713, lr = 0.000125
2025-09-19 09:55:35 INFO     Epoch 1024 [10/32]: loss = 0.30128422379493713, lr = 0.000125
2025-09-19 09:55:35 INFO     Epoch 1024 [10/32]: loss = 0.30128422379493713, lr = 0.000125
2025-09-19 09:55:47 INFO     Epoch 1024 [20/32]: loss = 0.24714542925357819, lr = 0.000125
2025-09-19 09:55:47 INFO     Epoch 1024 [20/32]: loss = 0.24714542925357819, lr = 0.000125
2025-09-19 09:55:47 INFO     Epoch 1024 [20/32]: loss = 0.24714542925357819, lr = 0.000125
2025-09-19 09:55:47 INFO     Epoch 1024 [20/32]: loss = 0.24714542925357819, lr = 0.000125
2025-09-19 09:55:59 INFO     Epoch 1024 [30/32]: loss = 0.2782405614852905, lr = 0.000125
2025-09-19 09:55:59 INFO     Epoch 1024 [30/32]: loss = 0.2782405614852905, lr = 0.000125
2025-09-19 09:55:59 INFO     Epoch 1024 [30/32]: loss = 0.2782405614852905, lr = 0.000125
2025-09-19 09:55:59 INFO     Epoch 1024 [30/32]: loss = 0.2782405614852905, lr = 0.000125
2025-09-19 09:56:02 INFO     Epoch 1025 [0/32]: loss = 0.2706463038921356, lr = 0.000125
2025-09-19 09:56:02 INFO     Epoch 1025 [0/32]: loss = 0.2706463038921356, lr = 0.000125
2025-09-19 09:56:02 INFO     Epoch 1025 [0/32]: loss = 0.2706463038921356, lr = 0.000125
2025-09-19 09:56:02 INFO     Epoch 1025 [0/32]: loss = 0.2706463038921356, lr = 0.000125
2025-09-19 09:56:14 INFO     Epoch 1025 [10/32]: loss = 0.29773402214050293, lr = 0.000125
2025-09-19 09:56:14 INFO     Epoch 1025 [10/32]: loss = 0.29773402214050293, lr = 0.000125
2025-09-19 09:56:14 INFO     Epoch 1025 [10/32]: loss = 0.29773402214050293, lr = 0.000125
2025-09-19 09:56:14 INFO     Epoch 1025 [10/32]: loss = 0.29773402214050293, lr = 0.000125
2025-09-19 09:56:25 INFO     Epoch 1025 [20/32]: loss = 0.3111041784286499, lr = 0.000125
2025-09-19 09:56:25 INFO     Epoch 1025 [20/32]: loss = 0.3111041784286499, lr = 0.000125
2025-09-19 09:56:25 INFO     Epoch 1025 [20/32]: loss = 0.3111041784286499, lr = 0.000125
2025-09-19 09:56:25 INFO     Epoch 1025 [20/32]: loss = 0.3111041784286499, lr = 0.000125
2025-09-19 09:56:37 INFO     Epoch 1025 [30/32]: loss = 0.30177968740463257, lr = 0.000125
2025-09-19 09:56:37 INFO     Epoch 1025 [30/32]: loss = 0.30177968740463257, lr = 0.000125
2025-09-19 09:56:37 INFO     Epoch 1025 [30/32]: loss = 0.30177968740463257, lr = 0.000125
2025-09-19 09:56:37 INFO     Epoch 1025 [30/32]: loss = 0.30177968740463257, lr = 0.000125
2025-09-19 09:56:40 INFO     Epoch 1026 [0/32]: loss = 0.29502177238464355, lr = 0.000125
2025-09-19 09:56:40 INFO     Epoch 1026 [0/32]: loss = 0.29502177238464355, lr = 0.000125
2025-09-19 09:56:40 INFO     Epoch 1026 [0/32]: loss = 0.29502177238464355, lr = 0.000125
2025-09-19 09:56:40 INFO     Epoch 1026 [0/32]: loss = 0.29502177238464355, lr = 0.000125
2025-09-19 09:56:52 INFO     Epoch 1026 [10/32]: loss = 0.29266974329948425, lr = 0.000125
2025-09-19 09:56:52 INFO     Epoch 1026 [10/32]: loss = 0.29266974329948425, lr = 0.000125
2025-09-19 09:56:52 INFO     Epoch 1026 [10/32]: loss = 0.29266974329948425, lr = 0.000125
2025-09-19 09:56:52 INFO     Epoch 1026 [10/32]: loss = 0.29266974329948425, lr = 0.000125
2025-09-19 09:57:04 INFO     Epoch 1026 [20/32]: loss = 0.3064630925655365, lr = 0.000125
2025-09-19 09:57:04 INFO     Epoch 1026 [20/32]: loss = 0.3064630925655365, lr = 0.000125
2025-09-19 09:57:04 INFO     Epoch 1026 [20/32]: loss = 0.3064630925655365, lr = 0.000125
2025-09-19 09:57:04 INFO     Epoch 1026 [20/32]: loss = 0.3064630925655365, lr = 0.000125
2025-09-19 09:57:16 INFO     Epoch 1026 [30/32]: loss = 0.25959259271621704, lr = 0.000125
2025-09-19 09:57:16 INFO     Epoch 1026 [30/32]: loss = 0.25959259271621704, lr = 0.000125
2025-09-19 09:57:16 INFO     Epoch 1026 [30/32]: loss = 0.25959259271621704, lr = 0.000125
2025-09-19 09:57:16 INFO     Epoch 1026 [30/32]: loss = 0.25959259271621704, lr = 0.000125
2025-09-19 09:57:19 INFO     Epoch 1027 [0/32]: loss = 0.2730944752693176, lr = 0.000125
2025-09-19 09:57:19 INFO     Epoch 1027 [0/32]: loss = 0.2730944752693176, lr = 0.000125
2025-09-19 09:57:19 INFO     Epoch 1027 [0/32]: loss = 0.2730944752693176, lr = 0.000125
2025-09-19 09:57:19 INFO     Epoch 1027 [0/32]: loss = 0.2730944752693176, lr = 0.000125
2025-09-19 09:57:31 INFO     Epoch 1027 [10/32]: loss = 0.284915566444397, lr = 0.000125
2025-09-19 09:57:31 INFO     Epoch 1027 [10/32]: loss = 0.284915566444397, lr = 0.000125
2025-09-19 09:57:31 INFO     Epoch 1027 [10/32]: loss = 0.284915566444397, lr = 0.000125
2025-09-19 09:57:31 INFO     Epoch 1027 [10/32]: loss = 0.284915566444397, lr = 0.000125
2025-09-19 09:57:43 INFO     Epoch 1027 [20/32]: loss = 0.24752016365528107, lr = 0.000125
2025-09-19 09:57:43 INFO     Epoch 1027 [20/32]: loss = 0.24752016365528107, lr = 0.000125
2025-09-19 09:57:43 INFO     Epoch 1027 [20/32]: loss = 0.24752016365528107, lr = 0.000125
2025-09-19 09:57:43 INFO     Epoch 1027 [20/32]: loss = 0.24752016365528107, lr = 0.000125
2025-09-19 09:57:55 INFO     Epoch 1027 [30/32]: loss = 0.3394879698753357, lr = 0.000125
2025-09-19 09:57:55 INFO     Epoch 1027 [30/32]: loss = 0.3394879698753357, lr = 0.000125
2025-09-19 09:57:55 INFO     Epoch 1027 [30/32]: loss = 0.3394879698753357, lr = 0.000125
2025-09-19 09:57:55 INFO     Epoch 1027 [30/32]: loss = 0.3394879698753357, lr = 0.000125
2025-09-19 09:57:58 INFO     Epoch 1028 [0/32]: loss = 0.25447872281074524, lr = 0.000125
2025-09-19 09:57:58 INFO     Epoch 1028 [0/32]: loss = 0.25447872281074524, lr = 0.000125
2025-09-19 09:57:58 INFO     Epoch 1028 [0/32]: loss = 0.25447872281074524, lr = 0.000125
2025-09-19 09:57:58 INFO     Epoch 1028 [0/32]: loss = 0.25447872281074524, lr = 0.000125
2025-09-19 09:58:10 INFO     Epoch 1028 [10/32]: loss = 0.3113359808921814, lr = 0.000125
2025-09-19 09:58:10 INFO     Epoch 1028 [10/32]: loss = 0.3113359808921814, lr = 0.000125
2025-09-19 09:58:10 INFO     Epoch 1028 [10/32]: loss = 0.3113359808921814, lr = 0.000125
2025-09-19 09:58:10 INFO     Epoch 1028 [10/32]: loss = 0.3113359808921814, lr = 0.000125
2025-09-19 09:58:22 INFO     Epoch 1028 [20/32]: loss = 0.28889065980911255, lr = 0.000125
2025-09-19 09:58:22 INFO     Epoch 1028 [20/32]: loss = 0.28889065980911255, lr = 0.000125
2025-09-19 09:58:22 INFO     Epoch 1028 [20/32]: loss = 0.28889065980911255, lr = 0.000125
2025-09-19 09:58:22 INFO     Epoch 1028 [20/32]: loss = 0.28889065980911255, lr = 0.000125
2025-09-19 09:58:33 INFO     Epoch 1028 [30/32]: loss = 0.2982882857322693, lr = 0.000125
2025-09-19 09:58:33 INFO     Epoch 1028 [30/32]: loss = 0.2982882857322693, lr = 0.000125
2025-09-19 09:58:33 INFO     Epoch 1028 [30/32]: loss = 0.2982882857322693, lr = 0.000125
2025-09-19 09:58:33 INFO     Epoch 1028 [30/32]: loss = 0.2982882857322693, lr = 0.000125
2025-09-19 09:58:36 INFO     Epoch 1029 [0/32]: loss = 0.3021582067012787, lr = 0.000125
2025-09-19 09:58:36 INFO     Epoch 1029 [0/32]: loss = 0.3021582067012787, lr = 0.000125
2025-09-19 09:58:36 INFO     Epoch 1029 [0/32]: loss = 0.3021582067012787, lr = 0.000125
2025-09-19 09:58:36 INFO     Epoch 1029 [0/32]: loss = 0.3021582067012787, lr = 0.000125
2025-09-19 09:58:48 INFO     Epoch 1029 [10/32]: loss = 0.3341049551963806, lr = 0.000125
2025-09-19 09:58:48 INFO     Epoch 1029 [10/32]: loss = 0.3341049551963806, lr = 0.000125
2025-09-19 09:58:48 INFO     Epoch 1029 [10/32]: loss = 0.3341049551963806, lr = 0.000125
2025-09-19 09:58:48 INFO     Epoch 1029 [10/32]: loss = 0.3341049551963806, lr = 0.000125
2025-09-19 09:59:00 INFO     Epoch 1029 [20/32]: loss = 0.2530692219734192, lr = 0.000125
2025-09-19 09:59:00 INFO     Epoch 1029 [20/32]: loss = 0.2530692219734192, lr = 0.000125
2025-09-19 09:59:00 INFO     Epoch 1029 [20/32]: loss = 0.2530692219734192, lr = 0.000125
2025-09-19 09:59:00 INFO     Epoch 1029 [20/32]: loss = 0.2530692219734192, lr = 0.000125
2025-09-19 09:59:12 INFO     Epoch 1029 [30/32]: loss = 0.29141733050346375, lr = 0.000125
2025-09-19 09:59:12 INFO     Epoch 1029 [30/32]: loss = 0.29141733050346375, lr = 0.000125
2025-09-19 09:59:12 INFO     Epoch 1029 [30/32]: loss = 0.29141733050346375, lr = 0.000125
2025-09-19 09:59:12 INFO     Epoch 1029 [30/32]: loss = 0.29141733050346375, lr = 0.000125
2025-09-19 09:59:15 INFO     Epoch 1030 [0/32]: loss = 0.2411952018737793, lr = 0.000125
2025-09-19 09:59:15 INFO     Epoch 1030 [0/32]: loss = 0.2411952018737793, lr = 0.000125
2025-09-19 09:59:15 INFO     Epoch 1030 [0/32]: loss = 0.2411952018737793, lr = 0.000125
2025-09-19 09:59:15 INFO     Epoch 1030 [0/32]: loss = 0.2411952018737793, lr = 0.000125
2025-09-19 09:59:27 INFO     Epoch 1030 [10/32]: loss = 0.26456838846206665, lr = 0.000125
2025-09-19 09:59:27 INFO     Epoch 1030 [10/32]: loss = 0.26456838846206665, lr = 0.000125
2025-09-19 09:59:27 INFO     Epoch 1030 [10/32]: loss = 0.26456838846206665, lr = 0.000125
2025-09-19 09:59:27 INFO     Epoch 1030 [10/32]: loss = 0.26456838846206665, lr = 0.000125
2025-09-19 09:59:39 INFO     Epoch 1030 [20/32]: loss = 0.26145806908607483, lr = 0.000125
2025-09-19 09:59:39 INFO     Epoch 1030 [20/32]: loss = 0.26145806908607483, lr = 0.000125
2025-09-19 09:59:39 INFO     Epoch 1030 [20/32]: loss = 0.26145806908607483, lr = 0.000125
2025-09-19 09:59:39 INFO     Epoch 1030 [20/32]: loss = 0.26145806908607483, lr = 0.000125
2025-09-19 09:59:51 INFO     Epoch 1030 [30/32]: loss = 0.2547491192817688, lr = 0.000125
2025-09-19 09:59:51 INFO     Epoch 1030 [30/32]: loss = 0.2547491192817688, lr = 0.000125
2025-09-19 09:59:51 INFO     Epoch 1030 [30/32]: loss = 0.2547491192817688, lr = 0.000125
2025-09-19 09:59:51 INFO     Epoch 1030 [30/32]: loss = 0.2547491192817688, lr = 0.000125
2025-09-19 09:59:54 INFO     Epoch 1031 [0/32]: loss = 0.31346285343170166, lr = 0.000125
2025-09-19 09:59:54 INFO     Epoch 1031 [0/32]: loss = 0.31346285343170166, lr = 0.000125
2025-09-19 09:59:54 INFO     Epoch 1031 [0/32]: loss = 0.31346285343170166, lr = 0.000125
2025-09-19 09:59:54 INFO     Epoch 1031 [0/32]: loss = 0.31346285343170166, lr = 0.000125
2025-09-19 10:00:06 INFO     Epoch 1031 [10/32]: loss = 0.34466752409935, lr = 0.000125
2025-09-19 10:00:06 INFO     Epoch 1031 [10/32]: loss = 0.34466752409935, lr = 0.000125
2025-09-19 10:00:06 INFO     Epoch 1031 [10/32]: loss = 0.34466752409935, lr = 0.000125
2025-09-19 10:00:06 INFO     Epoch 1031 [10/32]: loss = 0.34466752409935, lr = 0.000125
2025-09-19 10:00:17 INFO     Epoch 1031 [20/32]: loss = 0.26218247413635254, lr = 0.000125
2025-09-19 10:00:17 INFO     Epoch 1031 [20/32]: loss = 0.26218247413635254, lr = 0.000125
2025-09-19 10:00:17 INFO     Epoch 1031 [20/32]: loss = 0.26218247413635254, lr = 0.000125
2025-09-19 10:00:17 INFO     Epoch 1031 [20/32]: loss = 0.26218247413635254, lr = 0.000125
2025-09-19 10:00:29 INFO     Epoch 1031 [30/32]: loss = 0.22277909517288208, lr = 0.000125
2025-09-19 10:00:29 INFO     Epoch 1031 [30/32]: loss = 0.22277909517288208, lr = 0.000125
2025-09-19 10:00:29 INFO     Epoch 1031 [30/32]: loss = 0.22277909517288208, lr = 0.000125
2025-09-19 10:00:29 INFO     Epoch 1031 [30/32]: loss = 0.22277909517288208, lr = 0.000125
2025-09-19 10:00:32 INFO     Epoch 1032 [0/32]: loss = 0.2548624575138092, lr = 0.000125
2025-09-19 10:00:32 INFO     Epoch 1032 [0/32]: loss = 0.2548624575138092, lr = 0.000125
2025-09-19 10:00:32 INFO     Epoch 1032 [0/32]: loss = 0.2548624575138092, lr = 0.000125
2025-09-19 10:00:32 INFO     Epoch 1032 [0/32]: loss = 0.2548624575138092, lr = 0.000125
2025-09-19 10:00:44 INFO     Epoch 1032 [10/32]: loss = 0.2566128671169281, lr = 0.000125
2025-09-19 10:00:44 INFO     Epoch 1032 [10/32]: loss = 0.2566128671169281, lr = 0.000125
2025-09-19 10:00:44 INFO     Epoch 1032 [10/32]: loss = 0.2566128671169281, lr = 0.000125
2025-09-19 10:00:44 INFO     Epoch 1032 [10/32]: loss = 0.2566128671169281, lr = 0.000125
2025-09-19 10:00:56 INFO     Epoch 1032 [20/32]: loss = 0.23936283588409424, lr = 0.000125
2025-09-19 10:00:56 INFO     Epoch 1032 [20/32]: loss = 0.23936283588409424, lr = 0.000125
2025-09-19 10:00:56 INFO     Epoch 1032 [20/32]: loss = 0.23936283588409424, lr = 0.000125
2025-09-19 10:00:56 INFO     Epoch 1032 [20/32]: loss = 0.23936283588409424, lr = 0.000125
2025-09-19 10:01:08 INFO     Epoch 1032 [30/32]: loss = 0.2270386517047882, lr = 0.000125
2025-09-19 10:01:08 INFO     Epoch 1032 [30/32]: loss = 0.2270386517047882, lr = 0.000125
2025-09-19 10:01:08 INFO     Epoch 1032 [30/32]: loss = 0.2270386517047882, lr = 0.000125
2025-09-19 10:01:08 INFO     Epoch 1032 [30/32]: loss = 0.2270386517047882, lr = 0.000125
2025-09-19 10:01:11 INFO     Epoch 1033 [0/32]: loss = 0.26285165548324585, lr = 0.000125
2025-09-19 10:01:11 INFO     Epoch 1033 [0/32]: loss = 0.26285165548324585, lr = 0.000125
2025-09-19 10:01:11 INFO     Epoch 1033 [0/32]: loss = 0.26285165548324585, lr = 0.000125
2025-09-19 10:01:11 INFO     Epoch 1033 [0/32]: loss = 0.26285165548324585, lr = 0.000125
2025-09-19 10:01:23 INFO     Epoch 1033 [10/32]: loss = 0.2692607641220093, lr = 0.000125
2025-09-19 10:01:23 INFO     Epoch 1033 [10/32]: loss = 0.2692607641220093, lr = 0.000125
2025-09-19 10:01:23 INFO     Epoch 1033 [10/32]: loss = 0.2692607641220093, lr = 0.000125
2025-09-19 10:01:23 INFO     Epoch 1033 [10/32]: loss = 0.2692607641220093, lr = 0.000125
2025-09-19 10:01:35 INFO     Epoch 1033 [20/32]: loss = 0.26502034068107605, lr = 0.000125
2025-09-19 10:01:35 INFO     Epoch 1033 [20/32]: loss = 0.26502034068107605, lr = 0.000125
2025-09-19 10:01:35 INFO     Epoch 1033 [20/32]: loss = 0.26502034068107605, lr = 0.000125
2025-09-19 10:01:35 INFO     Epoch 1033 [20/32]: loss = 0.26502034068107605, lr = 0.000125
2025-09-19 10:01:47 INFO     Epoch 1033 [30/32]: loss = 0.30229419469833374, lr = 0.000125
2025-09-19 10:01:47 INFO     Epoch 1033 [30/32]: loss = 0.30229419469833374, lr = 0.000125
2025-09-19 10:01:47 INFO     Epoch 1033 [30/32]: loss = 0.30229419469833374, lr = 0.000125
2025-09-19 10:01:47 INFO     Epoch 1033 [30/32]: loss = 0.30229419469833374, lr = 0.000125
2025-09-19 10:01:50 INFO     Epoch 1034 [0/32]: loss = 0.23873993754386902, lr = 0.000125
2025-09-19 10:01:50 INFO     Epoch 1034 [0/32]: loss = 0.23873993754386902, lr = 0.000125
2025-09-19 10:01:50 INFO     Epoch 1034 [0/32]: loss = 0.23873993754386902, lr = 0.000125
2025-09-19 10:01:50 INFO     Epoch 1034 [0/32]: loss = 0.23873993754386902, lr = 0.000125
2025-09-19 10:02:02 INFO     Epoch 1034 [10/32]: loss = 0.19498875737190247, lr = 0.000125
2025-09-19 10:02:02 INFO     Epoch 1034 [10/32]: loss = 0.19498875737190247, lr = 0.000125
2025-09-19 10:02:02 INFO     Epoch 1034 [10/32]: loss = 0.19498875737190247, lr = 0.000125
2025-09-19 10:02:02 INFO     Epoch 1034 [10/32]: loss = 0.19498875737190247, lr = 0.000125
2025-09-19 10:02:14 INFO     Epoch 1034 [20/32]: loss = 0.23204931616783142, lr = 0.000125
2025-09-19 10:02:14 INFO     Epoch 1034 [20/32]: loss = 0.23204931616783142, lr = 0.000125
2025-09-19 10:02:14 INFO     Epoch 1034 [20/32]: loss = 0.23204931616783142, lr = 0.000125
2025-09-19 10:02:14 INFO     Epoch 1034 [20/32]: loss = 0.23204931616783142, lr = 0.000125
2025-09-19 10:02:26 INFO     Epoch 1034 [30/32]: loss = 0.287605345249176, lr = 0.000125
2025-09-19 10:02:26 INFO     Epoch 1034 [30/32]: loss = 0.287605345249176, lr = 0.000125
2025-09-19 10:02:26 INFO     Epoch 1034 [30/32]: loss = 0.287605345249176, lr = 0.000125
2025-09-19 10:02:26 INFO     Epoch 1034 [30/32]: loss = 0.287605345249176, lr = 0.000125
2025-09-19 10:02:29 INFO     Epoch 1035 [0/32]: loss = 0.23897255957126617, lr = 0.000125
2025-09-19 10:02:29 INFO     Epoch 1035 [0/32]: loss = 0.23897255957126617, lr = 0.000125
2025-09-19 10:02:29 INFO     Epoch 1035 [0/32]: loss = 0.23897255957126617, lr = 0.000125
2025-09-19 10:02:29 INFO     Epoch 1035 [0/32]: loss = 0.23897255957126617, lr = 0.000125
2025-09-19 10:02:41 INFO     Epoch 1035 [10/32]: loss = 0.2551296353340149, lr = 0.000125
2025-09-19 10:02:41 INFO     Epoch 1035 [10/32]: loss = 0.2551296353340149, lr = 0.000125
2025-09-19 10:02:41 INFO     Epoch 1035 [10/32]: loss = 0.2551296353340149, lr = 0.000125
2025-09-19 10:02:41 INFO     Epoch 1035 [10/32]: loss = 0.2551296353340149, lr = 0.000125
2025-09-19 10:02:53 INFO     Epoch 1035 [20/32]: loss = 0.3069342076778412, lr = 0.000125
2025-09-19 10:02:53 INFO     Epoch 1035 [20/32]: loss = 0.3069342076778412, lr = 0.000125
2025-09-19 10:02:53 INFO     Epoch 1035 [20/32]: loss = 0.3069342076778412, lr = 0.000125
2025-09-19 10:02:53 INFO     Epoch 1035 [20/32]: loss = 0.3069342076778412, lr = 0.000125
2025-09-19 10:03:05 INFO     Epoch 1035 [30/32]: loss = 0.275326669216156, lr = 0.000125
2025-09-19 10:03:05 INFO     Epoch 1035 [30/32]: loss = 0.275326669216156, lr = 0.000125
2025-09-19 10:03:05 INFO     Epoch 1035 [30/32]: loss = 0.275326669216156, lr = 0.000125
2025-09-19 10:03:05 INFO     Epoch 1035 [30/32]: loss = 0.275326669216156, lr = 0.000125
2025-09-19 10:03:08 INFO     Epoch 1036 [0/32]: loss = 0.21309281885623932, lr = 0.000125
2025-09-19 10:03:08 INFO     Epoch 1036 [0/32]: loss = 0.21309281885623932, lr = 0.000125
2025-09-19 10:03:08 INFO     Epoch 1036 [0/32]: loss = 0.21309281885623932, lr = 0.000125
2025-09-19 10:03:08 INFO     Epoch 1036 [0/32]: loss = 0.21309281885623932, lr = 0.000125
2025-09-19 10:03:20 INFO     Epoch 1036 [10/32]: loss = 0.22198128700256348, lr = 0.000125
2025-09-19 10:03:20 INFO     Epoch 1036 [10/32]: loss = 0.22198128700256348, lr = 0.000125
2025-09-19 10:03:20 INFO     Epoch 1036 [10/32]: loss = 0.22198128700256348, lr = 0.000125
2025-09-19 10:03:20 INFO     Epoch 1036 [10/32]: loss = 0.22198128700256348, lr = 0.000125
2025-09-19 10:03:32 INFO     Epoch 1036 [20/32]: loss = 0.2346447855234146, lr = 0.000125
2025-09-19 10:03:32 INFO     Epoch 1036 [20/32]: loss = 0.2346447855234146, lr = 0.000125
2025-09-19 10:03:32 INFO     Epoch 1036 [20/32]: loss = 0.2346447855234146, lr = 0.000125
2025-09-19 10:03:32 INFO     Epoch 1036 [20/32]: loss = 0.2346447855234146, lr = 0.000125
2025-09-19 10:03:44 INFO     Epoch 1036 [30/32]: loss = 0.258145809173584, lr = 0.000125
2025-09-19 10:03:44 INFO     Epoch 1036 [30/32]: loss = 0.258145809173584, lr = 0.000125
2025-09-19 10:03:44 INFO     Epoch 1036 [30/32]: loss = 0.258145809173584, lr = 0.000125
2025-09-19 10:03:44 INFO     Epoch 1036 [30/32]: loss = 0.258145809173584, lr = 0.000125
2025-09-19 10:03:47 INFO     Epoch 1037 [0/32]: loss = 0.19312404096126556, lr = 0.000125
2025-09-19 10:03:47 INFO     Epoch 1037 [0/32]: loss = 0.19312404096126556, lr = 0.000125
2025-09-19 10:03:47 INFO     Epoch 1037 [0/32]: loss = 0.19312404096126556, lr = 0.000125
2025-09-19 10:03:47 INFO     Epoch 1037 [0/32]: loss = 0.19312404096126556, lr = 0.000125
2025-09-19 10:03:59 INFO     Epoch 1037 [10/32]: loss = 0.23819755017757416, lr = 0.000125
2025-09-19 10:03:59 INFO     Epoch 1037 [10/32]: loss = 0.23819755017757416, lr = 0.000125
2025-09-19 10:03:59 INFO     Epoch 1037 [10/32]: loss = 0.23819755017757416, lr = 0.000125
2025-09-19 10:03:59 INFO     Epoch 1037 [10/32]: loss = 0.23819755017757416, lr = 0.000125
2025-09-19 10:04:11 INFO     Epoch 1037 [20/32]: loss = 0.2531810998916626, lr = 0.000125
2025-09-19 10:04:11 INFO     Epoch 1037 [20/32]: loss = 0.2531810998916626, lr = 0.000125
2025-09-19 10:04:11 INFO     Epoch 1037 [20/32]: loss = 0.2531810998916626, lr = 0.000125
2025-09-19 10:04:11 INFO     Epoch 1037 [20/32]: loss = 0.2531810998916626, lr = 0.000125
2025-09-19 10:04:22 INFO     Epoch 1037 [30/32]: loss = 0.2671733796596527, lr = 0.000125
2025-09-19 10:04:22 INFO     Epoch 1037 [30/32]: loss = 0.2671733796596527, lr = 0.000125
2025-09-19 10:04:22 INFO     Epoch 1037 [30/32]: loss = 0.2671733796596527, lr = 0.000125
2025-09-19 10:04:22 INFO     Epoch 1037 [30/32]: loss = 0.2671733796596527, lr = 0.000125
2025-09-19 10:04:26 INFO     Epoch 1038 [0/32]: loss = 0.2593960762023926, lr = 0.000125
2025-09-19 10:04:26 INFO     Epoch 1038 [0/32]: loss = 0.2593960762023926, lr = 0.000125
2025-09-19 10:04:26 INFO     Epoch 1038 [0/32]: loss = 0.2593960762023926, lr = 0.000125
2025-09-19 10:04:26 INFO     Epoch 1038 [0/32]: loss = 0.2593960762023926, lr = 0.000125
2025-09-19 10:04:37 INFO     Epoch 1038 [10/32]: loss = 0.20692481100559235, lr = 0.000125
2025-09-19 10:04:37 INFO     Epoch 1038 [10/32]: loss = 0.20692481100559235, lr = 0.000125
2025-09-19 10:04:37 INFO     Epoch 1038 [10/32]: loss = 0.20692481100559235, lr = 0.000125
2025-09-19 10:04:37 INFO     Epoch 1038 [10/32]: loss = 0.20692481100559235, lr = 0.000125
2025-09-19 10:04:49 INFO     Epoch 1038 [20/32]: loss = 0.21127352118492126, lr = 0.000125
2025-09-19 10:04:49 INFO     Epoch 1038 [20/32]: loss = 0.21127352118492126, lr = 0.000125
2025-09-19 10:04:49 INFO     Epoch 1038 [20/32]: loss = 0.21127352118492126, lr = 0.000125
2025-09-19 10:04:49 INFO     Epoch 1038 [20/32]: loss = 0.21127352118492126, lr = 0.000125
2025-09-19 10:05:01 INFO     Epoch 1038 [30/32]: loss = 0.24468669295310974, lr = 0.000125
2025-09-19 10:05:01 INFO     Epoch 1038 [30/32]: loss = 0.24468669295310974, lr = 0.000125
2025-09-19 10:05:01 INFO     Epoch 1038 [30/32]: loss = 0.24468669295310974, lr = 0.000125
2025-09-19 10:05:01 INFO     Epoch 1038 [30/32]: loss = 0.24468669295310974, lr = 0.000125
2025-09-19 10:05:04 INFO     Epoch 1039 [0/32]: loss = 0.22480563819408417, lr = 0.000125
2025-09-19 10:05:04 INFO     Epoch 1039 [0/32]: loss = 0.22480563819408417, lr = 0.000125
2025-09-19 10:05:04 INFO     Epoch 1039 [0/32]: loss = 0.22480563819408417, lr = 0.000125
2025-09-19 10:05:04 INFO     Epoch 1039 [0/32]: loss = 0.22480563819408417, lr = 0.000125
2025-09-19 10:05:16 INFO     Epoch 1039 [10/32]: loss = 0.23269107937812805, lr = 0.000125
2025-09-19 10:05:16 INFO     Epoch 1039 [10/32]: loss = 0.23269107937812805, lr = 0.000125
2025-09-19 10:05:16 INFO     Epoch 1039 [10/32]: loss = 0.23269107937812805, lr = 0.000125
2025-09-19 10:05:16 INFO     Epoch 1039 [10/32]: loss = 0.23269107937812805, lr = 0.000125
2025-09-19 10:05:28 INFO     Epoch 1039 [20/32]: loss = 0.22465966641902924, lr = 0.000125
2025-09-19 10:05:28 INFO     Epoch 1039 [20/32]: loss = 0.22465966641902924, lr = 0.000125
2025-09-19 10:05:28 INFO     Epoch 1039 [20/32]: loss = 0.22465966641902924, lr = 0.000125
2025-09-19 10:05:28 INFO     Epoch 1039 [20/32]: loss = 0.22465966641902924, lr = 0.000125
2025-09-19 10:05:40 INFO     Epoch 1039 [30/32]: loss = 0.23888728022575378, lr = 0.000125
2025-09-19 10:05:40 INFO     Epoch 1039 [30/32]: loss = 0.23888728022575378, lr = 0.000125
2025-09-19 10:05:40 INFO     Epoch 1039 [30/32]: loss = 0.23888728022575378, lr = 0.000125
2025-09-19 10:05:40 INFO     Epoch 1039 [30/32]: loss = 0.23888728022575378, lr = 0.000125
2025-09-19 10:05:43 INFO     Epoch 1040 [0/32]: loss = 0.2518163323402405, lr = 0.000125
2025-09-19 10:05:43 INFO     Epoch 1040 [0/32]: loss = 0.2518163323402405, lr = 0.000125
2025-09-19 10:05:43 INFO     Epoch 1040 [0/32]: loss = 0.2518163323402405, lr = 0.000125
2025-09-19 10:05:43 INFO     Epoch 1040 [0/32]: loss = 0.2518163323402405, lr = 0.000125
2025-09-19 10:05:55 INFO     Epoch 1040 [10/32]: loss = 0.2285628467798233, lr = 0.000125
2025-09-19 10:05:55 INFO     Epoch 1040 [10/32]: loss = 0.2285628467798233, lr = 0.000125
2025-09-19 10:05:55 INFO     Epoch 1040 [10/32]: loss = 0.2285628467798233, lr = 0.000125
2025-09-19 10:05:55 INFO     Epoch 1040 [10/32]: loss = 0.2285628467798233, lr = 0.000125
2025-09-19 10:06:07 INFO     Epoch 1040 [20/32]: loss = 0.2403041124343872, lr = 0.000125
2025-09-19 10:06:07 INFO     Epoch 1040 [20/32]: loss = 0.2403041124343872, lr = 0.000125
2025-09-19 10:06:07 INFO     Epoch 1040 [20/32]: loss = 0.2403041124343872, lr = 0.000125
2025-09-19 10:06:07 INFO     Epoch 1040 [20/32]: loss = 0.2403041124343872, lr = 0.000125
2025-09-19 10:06:18 INFO     Epoch 1040 [30/32]: loss = 0.26644861698150635, lr = 0.000125
2025-09-19 10:06:18 INFO     Epoch 1040 [30/32]: loss = 0.26644861698150635, lr = 0.000125
2025-09-19 10:06:18 INFO     Epoch 1040 [30/32]: loss = 0.26644861698150635, lr = 0.000125
2025-09-19 10:06:18 INFO     Epoch 1040 [30/32]: loss = 0.26644861698150635, lr = 0.000125
2025-09-19 10:06:22 INFO     Epoch 1041 [0/32]: loss = 0.2054864764213562, lr = 0.000125
2025-09-19 10:06:22 INFO     Epoch 1041 [0/32]: loss = 0.2054864764213562, lr = 0.000125
2025-09-19 10:06:22 INFO     Epoch 1041 [0/32]: loss = 0.2054864764213562, lr = 0.000125
2025-09-19 10:06:22 INFO     Epoch 1041 [0/32]: loss = 0.2054864764213562, lr = 0.000125
2025-09-19 10:06:33 INFO     Epoch 1041 [10/32]: loss = 0.2543327808380127, lr = 0.000125
2025-09-19 10:06:33 INFO     Epoch 1041 [10/32]: loss = 0.2543327808380127, lr = 0.000125
2025-09-19 10:06:33 INFO     Epoch 1041 [10/32]: loss = 0.2543327808380127, lr = 0.000125
2025-09-19 10:06:33 INFO     Epoch 1041 [10/32]: loss = 0.2543327808380127, lr = 0.000125
2025-09-19 10:06:45 INFO     Epoch 1041 [20/32]: loss = 0.21771326661109924, lr = 0.000125
2025-09-19 10:06:45 INFO     Epoch 1041 [20/32]: loss = 0.21771326661109924, lr = 0.000125
2025-09-19 10:06:45 INFO     Epoch 1041 [20/32]: loss = 0.21771326661109924, lr = 0.000125
2025-09-19 10:06:45 INFO     Epoch 1041 [20/32]: loss = 0.21771326661109924, lr = 0.000125
2025-09-19 10:06:57 INFO     Epoch 1041 [30/32]: loss = 0.22686371207237244, lr = 0.000125
2025-09-19 10:06:57 INFO     Epoch 1041 [30/32]: loss = 0.22686371207237244, lr = 0.000125
2025-09-19 10:06:57 INFO     Epoch 1041 [30/32]: loss = 0.22686371207237244, lr = 0.000125
2025-09-19 10:06:57 INFO     Epoch 1041 [30/32]: loss = 0.22686371207237244, lr = 0.000125
2025-09-19 10:07:00 INFO     Epoch 1042 [0/32]: loss = 0.2537158131599426, lr = 0.000125
2025-09-19 10:07:00 INFO     Epoch 1042 [0/32]: loss = 0.2537158131599426, lr = 0.000125
2025-09-19 10:07:00 INFO     Epoch 1042 [0/32]: loss = 0.2537158131599426, lr = 0.000125
2025-09-19 10:07:00 INFO     Epoch 1042 [0/32]: loss = 0.2537158131599426, lr = 0.000125
2025-09-19 10:07:12 INFO     Epoch 1042 [10/32]: loss = 0.22186024487018585, lr = 0.000125
2025-09-19 10:07:12 INFO     Epoch 1042 [10/32]: loss = 0.22186024487018585, lr = 0.000125
2025-09-19 10:07:12 INFO     Epoch 1042 [10/32]: loss = 0.22186024487018585, lr = 0.000125
2025-09-19 10:07:12 INFO     Epoch 1042 [10/32]: loss = 0.22186024487018585, lr = 0.000125
2025-09-19 10:07:24 INFO     Epoch 1042 [20/32]: loss = 0.27434855699539185, lr = 0.000125
2025-09-19 10:07:24 INFO     Epoch 1042 [20/32]: loss = 0.27434855699539185, lr = 0.000125
2025-09-19 10:07:24 INFO     Epoch 1042 [20/32]: loss = 0.27434855699539185, lr = 0.000125
2025-09-19 10:07:24 INFO     Epoch 1042 [20/32]: loss = 0.27434855699539185, lr = 0.000125
2025-09-19 10:07:36 INFO     Epoch 1042 [30/32]: loss = 0.2315068244934082, lr = 0.000125
2025-09-19 10:07:36 INFO     Epoch 1042 [30/32]: loss = 0.2315068244934082, lr = 0.000125
2025-09-19 10:07:36 INFO     Epoch 1042 [30/32]: loss = 0.2315068244934082, lr = 0.000125
2025-09-19 10:07:36 INFO     Epoch 1042 [30/32]: loss = 0.2315068244934082, lr = 0.000125
2025-09-19 10:07:39 INFO     Epoch 1043 [0/32]: loss = 0.20805813372135162, lr = 0.000125
2025-09-19 10:07:39 INFO     Epoch 1043 [0/32]: loss = 0.20805813372135162, lr = 0.000125
2025-09-19 10:07:39 INFO     Epoch 1043 [0/32]: loss = 0.20805813372135162, lr = 0.000125
2025-09-19 10:07:39 INFO     Epoch 1043 [0/32]: loss = 0.20805813372135162, lr = 0.000125
2025-09-19 10:07:51 INFO     Epoch 1043 [10/32]: loss = 0.24589239060878754, lr = 0.000125
2025-09-19 10:07:51 INFO     Epoch 1043 [10/32]: loss = 0.24589239060878754, lr = 0.000125
2025-09-19 10:07:51 INFO     Epoch 1043 [10/32]: loss = 0.24589239060878754, lr = 0.000125
2025-09-19 10:07:51 INFO     Epoch 1043 [10/32]: loss = 0.24589239060878754, lr = 0.000125
2025-09-19 10:08:03 INFO     Epoch 1043 [20/32]: loss = 0.22760173678398132, lr = 0.000125
2025-09-19 10:08:03 INFO     Epoch 1043 [20/32]: loss = 0.22760173678398132, lr = 0.000125
2025-09-19 10:08:03 INFO     Epoch 1043 [20/32]: loss = 0.22760173678398132, lr = 0.000125
2025-09-19 10:08:03 INFO     Epoch 1043 [20/32]: loss = 0.22760173678398132, lr = 0.000125
2025-09-19 10:08:15 INFO     Epoch 1043 [30/32]: loss = 0.24020916223526, lr = 0.000125
2025-09-19 10:08:15 INFO     Epoch 1043 [30/32]: loss = 0.24020916223526, lr = 0.000125
2025-09-19 10:08:15 INFO     Epoch 1043 [30/32]: loss = 0.24020916223526, lr = 0.000125
2025-09-19 10:08:15 INFO     Epoch 1043 [30/32]: loss = 0.24020916223526, lr = 0.000125
2025-09-19 10:08:18 INFO     Epoch 1044 [0/32]: loss = 0.22846995294094086, lr = 0.000125
2025-09-19 10:08:18 INFO     Epoch 1044 [0/32]: loss = 0.22846995294094086, lr = 0.000125
2025-09-19 10:08:18 INFO     Epoch 1044 [0/32]: loss = 0.22846995294094086, lr = 0.000125
2025-09-19 10:08:18 INFO     Epoch 1044 [0/32]: loss = 0.22846995294094086, lr = 0.000125
2025-09-19 10:08:29 INFO     Epoch 1044 [10/32]: loss = 0.22740784287452698, lr = 0.000125
2025-09-19 10:08:29 INFO     Epoch 1044 [10/32]: loss = 0.22740784287452698, lr = 0.000125
2025-09-19 10:08:29 INFO     Epoch 1044 [10/32]: loss = 0.22740784287452698, lr = 0.000125
2025-09-19 10:08:29 INFO     Epoch 1044 [10/32]: loss = 0.22740784287452698, lr = 0.000125
2025-09-19 10:08:41 INFO     Epoch 1044 [20/32]: loss = 0.286765992641449, lr = 0.000125
2025-09-19 10:08:41 INFO     Epoch 1044 [20/32]: loss = 0.286765992641449, lr = 0.000125
2025-09-19 10:08:41 INFO     Epoch 1044 [20/32]: loss = 0.286765992641449, lr = 0.000125
2025-09-19 10:08:41 INFO     Epoch 1044 [20/32]: loss = 0.286765992641449, lr = 0.000125
2025-09-19 10:08:53 INFO     Epoch 1044 [30/32]: loss = 0.21710872650146484, lr = 0.000125
2025-09-19 10:08:53 INFO     Epoch 1044 [30/32]: loss = 0.21710872650146484, lr = 0.000125
2025-09-19 10:08:53 INFO     Epoch 1044 [30/32]: loss = 0.21710872650146484, lr = 0.000125
2025-09-19 10:08:53 INFO     Epoch 1044 [30/32]: loss = 0.21710872650146484, lr = 0.000125
2025-09-19 10:08:56 INFO     Epoch 1045 [0/32]: loss = 0.21196603775024414, lr = 0.000125
2025-09-19 10:08:56 INFO     Epoch 1045 [0/32]: loss = 0.21196603775024414, lr = 0.000125
2025-09-19 10:08:56 INFO     Epoch 1045 [0/32]: loss = 0.21196603775024414, lr = 0.000125
2025-09-19 10:08:56 INFO     Epoch 1045 [0/32]: loss = 0.21196603775024414, lr = 0.000125
2025-09-19 10:09:08 INFO     Epoch 1045 [10/32]: loss = 0.21559341251850128, lr = 0.000125
2025-09-19 10:09:08 INFO     Epoch 1045 [10/32]: loss = 0.21559341251850128, lr = 0.000125
2025-09-19 10:09:08 INFO     Epoch 1045 [10/32]: loss = 0.21559341251850128, lr = 0.000125
2025-09-19 10:09:08 INFO     Epoch 1045 [10/32]: loss = 0.21559341251850128, lr = 0.000125
2025-09-19 10:09:20 INFO     Epoch 1045 [20/32]: loss = 0.20209872722625732, lr = 0.000125
2025-09-19 10:09:20 INFO     Epoch 1045 [20/32]: loss = 0.20209872722625732, lr = 0.000125
2025-09-19 10:09:20 INFO     Epoch 1045 [20/32]: loss = 0.20209872722625732, lr = 0.000125
2025-09-19 10:09:20 INFO     Epoch 1045 [20/32]: loss = 0.20209872722625732, lr = 0.000125
2025-09-19 10:09:32 INFO     Epoch 1045 [30/32]: loss = 0.2540323734283447, lr = 0.000125
2025-09-19 10:09:32 INFO     Epoch 1045 [30/32]: loss = 0.2540323734283447, lr = 0.000125
2025-09-19 10:09:32 INFO     Epoch 1045 [30/32]: loss = 0.2540323734283447, lr = 0.000125
2025-09-19 10:09:32 INFO     Epoch 1045 [30/32]: loss = 0.2540323734283447, lr = 0.000125
2025-09-19 10:09:35 INFO     Epoch 1046 [0/32]: loss = 0.1792309433221817, lr = 0.000125
2025-09-19 10:09:35 INFO     Epoch 1046 [0/32]: loss = 0.1792309433221817, lr = 0.000125
2025-09-19 10:09:35 INFO     Epoch 1046 [0/32]: loss = 0.1792309433221817, lr = 0.000125
2025-09-19 10:09:35 INFO     Epoch 1046 [0/32]: loss = 0.1792309433221817, lr = 0.000125
2025-09-19 10:09:47 INFO     Epoch 1046 [10/32]: loss = 0.2174159586429596, lr = 0.000125
2025-09-19 10:09:47 INFO     Epoch 1046 [10/32]: loss = 0.2174159586429596, lr = 0.000125
2025-09-19 10:09:47 INFO     Epoch 1046 [10/32]: loss = 0.2174159586429596, lr = 0.000125
2025-09-19 10:09:47 INFO     Epoch 1046 [10/32]: loss = 0.2174159586429596, lr = 0.000125
2025-09-19 10:09:59 INFO     Epoch 1046 [20/32]: loss = 0.2610958516597748, lr = 0.000125
2025-09-19 10:09:59 INFO     Epoch 1046 [20/32]: loss = 0.2610958516597748, lr = 0.000125
2025-09-19 10:09:59 INFO     Epoch 1046 [20/32]: loss = 0.2610958516597748, lr = 0.000125
2025-09-19 10:09:59 INFO     Epoch 1046 [20/32]: loss = 0.2610958516597748, lr = 0.000125
2025-09-19 10:10:11 INFO     Epoch 1046 [30/32]: loss = 0.20180340111255646, lr = 0.000125
2025-09-19 10:10:11 INFO     Epoch 1046 [30/32]: loss = 0.20180340111255646, lr = 0.000125
2025-09-19 10:10:11 INFO     Epoch 1046 [30/32]: loss = 0.20180340111255646, lr = 0.000125
2025-09-19 10:10:11 INFO     Epoch 1046 [30/32]: loss = 0.20180340111255646, lr = 0.000125
2025-09-19 10:10:14 INFO     Epoch 1047 [0/32]: loss = 0.20887914299964905, lr = 0.000125
2025-09-19 10:10:14 INFO     Epoch 1047 [0/32]: loss = 0.20887914299964905, lr = 0.000125
2025-09-19 10:10:14 INFO     Epoch 1047 [0/32]: loss = 0.20887914299964905, lr = 0.000125
2025-09-19 10:10:14 INFO     Epoch 1047 [0/32]: loss = 0.20887914299964905, lr = 0.000125
2025-09-19 10:10:26 INFO     Epoch 1047 [10/32]: loss = 0.2057945430278778, lr = 0.000125
2025-09-19 10:10:26 INFO     Epoch 1047 [10/32]: loss = 0.2057945430278778, lr = 0.000125
2025-09-19 10:10:26 INFO     Epoch 1047 [10/32]: loss = 0.2057945430278778, lr = 0.000125
2025-09-19 10:10:26 INFO     Epoch 1047 [10/32]: loss = 0.2057945430278778, lr = 0.000125
2025-09-19 10:10:38 INFO     Epoch 1047 [20/32]: loss = 0.17689520120620728, lr = 0.000125
2025-09-19 10:10:38 INFO     Epoch 1047 [20/32]: loss = 0.17689520120620728, lr = 0.000125
2025-09-19 10:10:38 INFO     Epoch 1047 [20/32]: loss = 0.17689520120620728, lr = 0.000125
2025-09-19 10:10:38 INFO     Epoch 1047 [20/32]: loss = 0.17689520120620728, lr = 0.000125
2025-09-19 10:10:50 INFO     Epoch 1047 [30/32]: loss = 0.22313103079795837, lr = 0.000125
2025-09-19 10:10:50 INFO     Epoch 1047 [30/32]: loss = 0.22313103079795837, lr = 0.000125
2025-09-19 10:10:50 INFO     Epoch 1047 [30/32]: loss = 0.22313103079795837, lr = 0.000125
2025-09-19 10:10:50 INFO     Epoch 1047 [30/32]: loss = 0.22313103079795837, lr = 0.000125
2025-09-19 10:10:53 INFO     Epoch 1048 [0/32]: loss = 0.20267489552497864, lr = 0.000125
2025-09-19 10:10:53 INFO     Epoch 1048 [0/32]: loss = 0.20267489552497864, lr = 0.000125
2025-09-19 10:10:53 INFO     Epoch 1048 [0/32]: loss = 0.20267489552497864, lr = 0.000125
2025-09-19 10:10:53 INFO     Epoch 1048 [0/32]: loss = 0.20267489552497864, lr = 0.000125
2025-09-19 10:11:05 INFO     Epoch 1048 [10/32]: loss = 0.2401234656572342, lr = 0.000125
2025-09-19 10:11:05 INFO     Epoch 1048 [10/32]: loss = 0.2401234656572342, lr = 0.000125
2025-09-19 10:11:05 INFO     Epoch 1048 [10/32]: loss = 0.2401234656572342, lr = 0.000125
2025-09-19 10:11:05 INFO     Epoch 1048 [10/32]: loss = 0.2401234656572342, lr = 0.000125
2025-09-19 10:11:17 INFO     Epoch 1048 [20/32]: loss = 0.24224278330802917, lr = 0.000125
2025-09-19 10:11:17 INFO     Epoch 1048 [20/32]: loss = 0.24224278330802917, lr = 0.000125
2025-09-19 10:11:17 INFO     Epoch 1048 [20/32]: loss = 0.24224278330802917, lr = 0.000125
2025-09-19 10:11:17 INFO     Epoch 1048 [20/32]: loss = 0.24224278330802917, lr = 0.000125
2025-09-19 10:11:28 INFO     Epoch 1048 [30/32]: loss = 0.20807501673698425, lr = 0.000125
2025-09-19 10:11:28 INFO     Epoch 1048 [30/32]: loss = 0.20807501673698425, lr = 0.000125
2025-09-19 10:11:28 INFO     Epoch 1048 [30/32]: loss = 0.20807501673698425, lr = 0.000125
2025-09-19 10:11:28 INFO     Epoch 1048 [30/32]: loss = 0.20807501673698425, lr = 0.000125
2025-09-19 10:11:32 INFO     Epoch 1049 [0/32]: loss = 0.17905306816101074, lr = 0.000125
2025-09-19 10:11:32 INFO     Epoch 1049 [0/32]: loss = 0.17905306816101074, lr = 0.000125
2025-09-19 10:11:32 INFO     Epoch 1049 [0/32]: loss = 0.17905306816101074, lr = 0.000125
2025-09-19 10:11:32 INFO     Epoch 1049 [0/32]: loss = 0.17905306816101074, lr = 0.000125
2025-09-19 10:11:43 INFO     Epoch 1049 [10/32]: loss = 0.25906360149383545, lr = 0.000125
2025-09-19 10:11:43 INFO     Epoch 1049 [10/32]: loss = 0.25906360149383545, lr = 0.000125
2025-09-19 10:11:43 INFO     Epoch 1049 [10/32]: loss = 0.25906360149383545, lr = 0.000125
2025-09-19 10:11:43 INFO     Epoch 1049 [10/32]: loss = 0.25906360149383545, lr = 0.000125
2025-09-19 10:11:55 INFO     Epoch 1049 [20/32]: loss = 0.23042528331279755, lr = 0.000125
2025-09-19 10:11:55 INFO     Epoch 1049 [20/32]: loss = 0.23042528331279755, lr = 0.000125
2025-09-19 10:11:55 INFO     Epoch 1049 [20/32]: loss = 0.23042528331279755, lr = 0.000125
2025-09-19 10:11:55 INFO     Epoch 1049 [20/32]: loss = 0.23042528331279755, lr = 0.000125
2025-09-19 10:12:07 INFO     Epoch 1049 [30/32]: loss = 0.2691628932952881, lr = 0.000125
2025-09-19 10:12:07 INFO     Epoch 1049 [30/32]: loss = 0.2691628932952881, lr = 0.000125
2025-09-19 10:12:07 INFO     Epoch 1049 [30/32]: loss = 0.2691628932952881, lr = 0.000125
2025-09-19 10:12:07 INFO     Epoch 1049 [30/32]: loss = 0.2691628932952881, lr = 0.000125
2025-09-19 10:19:19 INFO     384 samples generated in 1024 evaluations.
2025-09-19 10:19:25 INFO     384 samples generated in 1024 evaluations.
2025-09-19 10:19:27 INFO     384 samples generated in 1024 evaluations.
2025-09-19 10:19:29 INFO     384 samples generated in 1024 evaluations.
2025-09-19 10:19:32 INFO     Evaluating [0/32] samples generated [250/250] running fid 64.63353729248047
2025-09-19 10:19:32 INFO     Evaluating [0/32] samples generated [250/250] running fid 64.63353729248047
2025-09-19 10:19:32 INFO     Evaluating [0/32] samples generated [250/250] running fid 64.63353729248047
2025-09-19 10:19:32 INFO     Evaluating [0/32] samples generated [250/250] running fid 64.63353729248047
2025-09-19 10:19:42 INFO     Epoch 1050 [0/32]: loss = 0.20529431104660034, lr = 0.000125
2025-09-19 10:19:42 INFO     Epoch 1050 [0/32]: loss = 0.20529431104660034, lr = 0.000125
2025-09-19 10:19:42 INFO     Epoch 1050 [0/32]: loss = 0.20529431104660034, lr = 0.000125
2025-09-19 10:19:42 INFO     Epoch 1050 [0/32]: loss = 0.20529431104660034, lr = 0.000125
2025-09-19 10:19:53 INFO     Epoch 1050 [10/32]: loss = 0.21425029635429382, lr = 0.000125
2025-09-19 10:19:53 INFO     Epoch 1050 [10/32]: loss = 0.21425029635429382, lr = 0.000125
2025-09-19 10:19:53 INFO     Epoch 1050 [10/32]: loss = 0.21425029635429382, lr = 0.000125
2025-09-19 10:19:53 INFO     Epoch 1050 [10/32]: loss = 0.21425029635429382, lr = 0.000125
2025-09-19 10:20:05 INFO     Epoch 1050 [20/32]: loss = 0.21177934110164642, lr = 0.000125
2025-09-19 10:20:05 INFO     Epoch 1050 [20/32]: loss = 0.21177934110164642, lr = 0.000125
2025-09-19 10:20:05 INFO     Epoch 1050 [20/32]: loss = 0.21177934110164642, lr = 0.000125
2025-09-19 10:20:05 INFO     Epoch 1050 [20/32]: loss = 0.21177934110164642, lr = 0.000125
2025-09-19 10:20:17 INFO     Epoch 1050 [30/32]: loss = 0.2350861132144928, lr = 0.000125
2025-09-19 10:20:17 INFO     Epoch 1050 [30/32]: loss = 0.2350861132144928, lr = 0.000125
2025-09-19 10:20:17 INFO     Epoch 1050 [30/32]: loss = 0.2350861132144928, lr = 0.000125
2025-09-19 10:20:17 INFO     Epoch 1050 [30/32]: loss = 0.2350861132144928, lr = 0.000125
2025-09-19 10:20:20 INFO     Epoch 1051 [0/32]: loss = 0.21855197846889496, lr = 0.000125
2025-09-19 10:20:20 INFO     Epoch 1051 [0/32]: loss = 0.21855197846889496, lr = 0.000125
2025-09-19 10:20:20 INFO     Epoch 1051 [0/32]: loss = 0.21855197846889496, lr = 0.000125
2025-09-19 10:20:20 INFO     Epoch 1051 [0/32]: loss = 0.21855197846889496, lr = 0.000125
2025-09-19 10:20:32 INFO     Epoch 1051 [10/32]: loss = 0.1931164562702179, lr = 0.000125
2025-09-19 10:20:32 INFO     Epoch 1051 [10/32]: loss = 0.1931164562702179, lr = 0.000125
2025-09-19 10:20:32 INFO     Epoch 1051 [10/32]: loss = 0.1931164562702179, lr = 0.000125
2025-09-19 10:20:32 INFO     Epoch 1051 [10/32]: loss = 0.1931164562702179, lr = 0.000125
2025-09-19 10:20:44 INFO     Epoch 1051 [20/32]: loss = 0.20254507660865784, lr = 0.000125
2025-09-19 10:20:44 INFO     Epoch 1051 [20/32]: loss = 0.20254507660865784, lr = 0.000125
2025-09-19 10:20:44 INFO     Epoch 1051 [20/32]: loss = 0.20254507660865784, lr = 0.000125
2025-09-19 10:20:44 INFO     Epoch 1051 [20/32]: loss = 0.20254507660865784, lr = 0.000125
2025-09-19 10:20:56 INFO     Epoch 1051 [30/32]: loss = 0.20928598940372467, lr = 0.000125
2025-09-19 10:20:56 INFO     Epoch 1051 [30/32]: loss = 0.20928598940372467, lr = 0.000125
2025-09-19 10:20:56 INFO     Epoch 1051 [30/32]: loss = 0.20928598940372467, lr = 0.000125
2025-09-19 10:20:56 INFO     Epoch 1051 [30/32]: loss = 0.20928598940372467, lr = 0.000125
2025-09-19 10:20:59 INFO     Epoch 1052 [0/32]: loss = 0.1875121295452118, lr = 0.000125
2025-09-19 10:20:59 INFO     Epoch 1052 [0/32]: loss = 0.1875121295452118, lr = 0.000125
2025-09-19 10:20:59 INFO     Epoch 1052 [0/32]: loss = 0.1875121295452118, lr = 0.000125
2025-09-19 10:20:59 INFO     Epoch 1052 [0/32]: loss = 0.1875121295452118, lr = 0.000125
2025-09-19 10:21:11 INFO     Epoch 1052 [10/32]: loss = 0.19382598996162415, lr = 0.000125
2025-09-19 10:21:11 INFO     Epoch 1052 [10/32]: loss = 0.19382598996162415, lr = 0.000125
2025-09-19 10:21:11 INFO     Epoch 1052 [10/32]: loss = 0.19382598996162415, lr = 0.000125
2025-09-19 10:21:11 INFO     Epoch 1052 [10/32]: loss = 0.19382598996162415, lr = 0.000125
2025-09-19 10:21:23 INFO     Epoch 1052 [20/32]: loss = 0.22946232557296753, lr = 0.000125
2025-09-19 10:21:23 INFO     Epoch 1052 [20/32]: loss = 0.22946232557296753, lr = 0.000125
2025-09-19 10:21:23 INFO     Epoch 1052 [20/32]: loss = 0.22946232557296753, lr = 0.000125
2025-09-19 10:21:23 INFO     Epoch 1052 [20/32]: loss = 0.22946232557296753, lr = 0.000125
2025-09-19 10:21:35 INFO     Epoch 1052 [30/32]: loss = 0.17156647145748138, lr = 0.000125
2025-09-19 10:21:35 INFO     Epoch 1052 [30/32]: loss = 0.17156647145748138, lr = 0.000125
2025-09-19 10:21:35 INFO     Epoch 1052 [30/32]: loss = 0.17156647145748138, lr = 0.000125
2025-09-19 10:21:35 INFO     Epoch 1052 [30/32]: loss = 0.17156647145748138, lr = 0.000125
2025-09-19 10:21:38 INFO     Epoch 1053 [0/32]: loss = 0.1555309295654297, lr = 0.000125
2025-09-19 10:21:38 INFO     Epoch 1053 [0/32]: loss = 0.1555309295654297, lr = 0.000125
2025-09-19 10:21:38 INFO     Epoch 1053 [0/32]: loss = 0.1555309295654297, lr = 0.000125
2025-09-19 10:21:38 INFO     Epoch 1053 [0/32]: loss = 0.1555309295654297, lr = 0.000125
2025-09-19 10:21:50 INFO     Epoch 1053 [10/32]: loss = 0.22609233856201172, lr = 0.000125
2025-09-19 10:21:50 INFO     Epoch 1053 [10/32]: loss = 0.22609233856201172, lr = 0.000125
2025-09-19 10:21:50 INFO     Epoch 1053 [10/32]: loss = 0.22609233856201172, lr = 0.000125
2025-09-19 10:21:50 INFO     Epoch 1053 [10/32]: loss = 0.22609233856201172, lr = 0.000125
2025-09-19 10:22:02 INFO     Epoch 1053 [20/32]: loss = 0.18991579115390778, lr = 0.000125
2025-09-19 10:22:02 INFO     Epoch 1053 [20/32]: loss = 0.18991579115390778, lr = 0.000125
2025-09-19 10:22:02 INFO     Epoch 1053 [20/32]: loss = 0.18991579115390778, lr = 0.000125
2025-09-19 10:22:02 INFO     Epoch 1053 [20/32]: loss = 0.18991579115390778, lr = 0.000125
2025-09-19 10:22:13 INFO     Epoch 1053 [30/32]: loss = 0.17811214923858643, lr = 0.000125
2025-09-19 10:22:13 INFO     Epoch 1053 [30/32]: loss = 0.17811214923858643, lr = 0.000125
2025-09-19 10:22:13 INFO     Epoch 1053 [30/32]: loss = 0.17811214923858643, lr = 0.000125
2025-09-19 10:22:13 INFO     Epoch 1053 [30/32]: loss = 0.17811214923858643, lr = 0.000125
2025-09-19 10:22:17 INFO     Epoch 1054 [0/32]: loss = 0.20440775156021118, lr = 0.000125
2025-09-19 10:22:17 INFO     Epoch 1054 [0/32]: loss = 0.20440775156021118, lr = 0.000125
2025-09-19 10:22:17 INFO     Epoch 1054 [0/32]: loss = 0.20440775156021118, lr = 0.000125
2025-09-19 10:22:17 INFO     Epoch 1054 [0/32]: loss = 0.20440775156021118, lr = 0.000125
2025-09-19 10:22:29 INFO     Epoch 1054 [10/32]: loss = 0.20083767175674438, lr = 0.000125
2025-09-19 10:22:29 INFO     Epoch 1054 [10/32]: loss = 0.20083767175674438, lr = 0.000125
2025-09-19 10:22:29 INFO     Epoch 1054 [10/32]: loss = 0.20083767175674438, lr = 0.000125
2025-09-19 10:22:29 INFO     Epoch 1054 [10/32]: loss = 0.20083767175674438, lr = 0.000125
2025-09-19 10:22:40 INFO     Epoch 1054 [20/32]: loss = 0.18202462792396545, lr = 0.000125
2025-09-19 10:22:40 INFO     Epoch 1054 [20/32]: loss = 0.18202462792396545, lr = 0.000125
2025-09-19 10:22:40 INFO     Epoch 1054 [20/32]: loss = 0.18202462792396545, lr = 0.000125
2025-09-19 10:22:40 INFO     Epoch 1054 [20/32]: loss = 0.18202462792396545, lr = 0.000125
2025-09-19 10:22:52 INFO     Epoch 1054 [30/32]: loss = 0.20774051547050476, lr = 0.000125
2025-09-19 10:22:52 INFO     Epoch 1054 [30/32]: loss = 0.20774051547050476, lr = 0.000125
2025-09-19 10:22:52 INFO     Epoch 1054 [30/32]: loss = 0.20774051547050476, lr = 0.000125
2025-09-19 10:22:52 INFO     Epoch 1054 [30/32]: loss = 0.20774051547050476, lr = 0.000125
2025-09-19 10:22:55 INFO     Epoch 1055 [0/32]: loss = 0.14382505416870117, lr = 0.000125
2025-09-19 10:22:55 INFO     Epoch 1055 [0/32]: loss = 0.14382505416870117, lr = 0.000125
2025-09-19 10:22:55 INFO     Epoch 1055 [0/32]: loss = 0.14382505416870117, lr = 0.000125
2025-09-19 10:22:55 INFO     Epoch 1055 [0/32]: loss = 0.14382505416870117, lr = 0.000125
2025-09-19 10:23:07 INFO     Epoch 1055 [10/32]: loss = 0.18807139992713928, lr = 0.000125
2025-09-19 10:23:07 INFO     Epoch 1055 [10/32]: loss = 0.18807139992713928, lr = 0.000125
2025-09-19 10:23:07 INFO     Epoch 1055 [10/32]: loss = 0.18807139992713928, lr = 0.000125
2025-09-19 10:23:07 INFO     Epoch 1055 [10/32]: loss = 0.18807139992713928, lr = 0.000125
2025-09-19 10:23:19 INFO     Epoch 1055 [20/32]: loss = 0.22514815628528595, lr = 0.000125
2025-09-19 10:23:19 INFO     Epoch 1055 [20/32]: loss = 0.22514815628528595, lr = 0.000125
2025-09-19 10:23:19 INFO     Epoch 1055 [20/32]: loss = 0.22514815628528595, lr = 0.000125
2025-09-19 10:23:19 INFO     Epoch 1055 [20/32]: loss = 0.22514815628528595, lr = 0.000125
2025-09-19 10:23:31 INFO     Epoch 1055 [30/32]: loss = 0.1801118105649948, lr = 0.000125
2025-09-19 10:23:31 INFO     Epoch 1055 [30/32]: loss = 0.1801118105649948, lr = 0.000125
2025-09-19 10:23:31 INFO     Epoch 1055 [30/32]: loss = 0.1801118105649948, lr = 0.000125
2025-09-19 10:23:31 INFO     Epoch 1055 [30/32]: loss = 0.1801118105649948, lr = 0.000125
2025-09-19 10:23:34 INFO     Epoch 1056 [0/32]: loss = 0.2069772481918335, lr = 0.000125
2025-09-19 10:23:34 INFO     Epoch 1056 [0/32]: loss = 0.2069772481918335, lr = 0.000125
2025-09-19 10:23:34 INFO     Epoch 1056 [0/32]: loss = 0.2069772481918335, lr = 0.000125
2025-09-19 10:23:34 INFO     Epoch 1056 [0/32]: loss = 0.2069772481918335, lr = 0.000125
2025-09-19 10:23:46 INFO     Epoch 1056 [10/32]: loss = 0.21966338157653809, lr = 0.000125
2025-09-19 10:23:46 INFO     Epoch 1056 [10/32]: loss = 0.21966338157653809, lr = 0.000125
2025-09-19 10:23:46 INFO     Epoch 1056 [10/32]: loss = 0.21966338157653809, lr = 0.000125
2025-09-19 10:23:46 INFO     Epoch 1056 [10/32]: loss = 0.21966338157653809, lr = 0.000125
2025-09-19 10:23:57 INFO     Epoch 1056 [20/32]: loss = 0.20526167750358582, lr = 0.000125
2025-09-19 10:23:57 INFO     Epoch 1056 [20/32]: loss = 0.20526167750358582, lr = 0.000125
2025-09-19 10:23:57 INFO     Epoch 1056 [20/32]: loss = 0.20526167750358582, lr = 0.000125
2025-09-19 10:23:57 INFO     Epoch 1056 [20/32]: loss = 0.20526167750358582, lr = 0.000125
2025-09-19 10:24:09 INFO     Epoch 1056 [30/32]: loss = 0.18996679782867432, lr = 0.000125
2025-09-19 10:24:09 INFO     Epoch 1056 [30/32]: loss = 0.18996679782867432, lr = 0.000125
2025-09-19 10:24:09 INFO     Epoch 1056 [30/32]: loss = 0.18996679782867432, lr = 0.000125
2025-09-19 10:24:09 INFO     Epoch 1056 [30/32]: loss = 0.18996679782867432, lr = 0.000125
2025-09-19 10:24:12 INFO     Epoch 1057 [0/32]: loss = 0.18110284209251404, lr = 0.000125
2025-09-19 10:24:12 INFO     Epoch 1057 [0/32]: loss = 0.18110284209251404, lr = 0.000125
2025-09-19 10:24:12 INFO     Epoch 1057 [0/32]: loss = 0.18110284209251404, lr = 0.000125
2025-09-19 10:24:12 INFO     Epoch 1057 [0/32]: loss = 0.18110284209251404, lr = 0.000125
2025-09-19 10:24:24 INFO     Epoch 1057 [10/32]: loss = 0.22180679440498352, lr = 0.000125
2025-09-19 10:24:24 INFO     Epoch 1057 [10/32]: loss = 0.22180679440498352, lr = 0.000125
2025-09-19 10:24:24 INFO     Epoch 1057 [10/32]: loss = 0.22180679440498352, lr = 0.000125
2025-09-19 10:24:24 INFO     Epoch 1057 [10/32]: loss = 0.22180679440498352, lr = 0.000125
2025-09-19 10:24:36 INFO     Epoch 1057 [20/32]: loss = 0.19368970394134521, lr = 0.000125
2025-09-19 10:24:36 INFO     Epoch 1057 [20/32]: loss = 0.19368970394134521, lr = 0.000125
2025-09-19 10:24:36 INFO     Epoch 1057 [20/32]: loss = 0.19368970394134521, lr = 0.000125
2025-09-19 10:24:36 INFO     Epoch 1057 [20/32]: loss = 0.19368970394134521, lr = 0.000125
2025-09-19 10:24:48 INFO     Epoch 1057 [30/32]: loss = 0.2166295051574707, lr = 0.000125
2025-09-19 10:24:48 INFO     Epoch 1057 [30/32]: loss = 0.2166295051574707, lr = 0.000125
2025-09-19 10:24:48 INFO     Epoch 1057 [30/32]: loss = 0.2166295051574707, lr = 0.000125
2025-09-19 10:24:48 INFO     Epoch 1057 [30/32]: loss = 0.2166295051574707, lr = 0.000125
2025-09-19 10:24:51 INFO     Epoch 1058 [0/32]: loss = 0.2099469006061554, lr = 0.000125
2025-09-19 10:24:51 INFO     Epoch 1058 [0/32]: loss = 0.2099469006061554, lr = 0.000125
2025-09-19 10:24:51 INFO     Epoch 1058 [0/32]: loss = 0.2099469006061554, lr = 0.000125
2025-09-19 10:24:51 INFO     Epoch 1058 [0/32]: loss = 0.2099469006061554, lr = 0.000125
2025-09-19 10:25:03 INFO     Epoch 1058 [10/32]: loss = 0.2199433445930481, lr = 0.000125
2025-09-19 10:25:03 INFO     Epoch 1058 [10/32]: loss = 0.2199433445930481, lr = 0.000125
2025-09-19 10:25:03 INFO     Epoch 1058 [10/32]: loss = 0.2199433445930481, lr = 0.000125
2025-09-19 10:25:03 INFO     Epoch 1058 [10/32]: loss = 0.2199433445930481, lr = 0.000125
2025-09-19 10:25:14 INFO     Epoch 1058 [20/32]: loss = 0.19860535860061646, lr = 0.000125
2025-09-19 10:25:14 INFO     Epoch 1058 [20/32]: loss = 0.19860535860061646, lr = 0.000125
2025-09-19 10:25:14 INFO     Epoch 1058 [20/32]: loss = 0.19860535860061646, lr = 0.000125
2025-09-19 10:25:14 INFO     Epoch 1058 [20/32]: loss = 0.19860535860061646, lr = 0.000125
2025-09-19 10:25:26 INFO     Epoch 1058 [30/32]: loss = 0.2082497924566269, lr = 0.000125
2025-09-19 10:25:26 INFO     Epoch 1058 [30/32]: loss = 0.2082497924566269, lr = 0.000125
2025-09-19 10:25:26 INFO     Epoch 1058 [30/32]: loss = 0.2082497924566269, lr = 0.000125
2025-09-19 10:25:26 INFO     Epoch 1058 [30/32]: loss = 0.2082497924566269, lr = 0.000125
2025-09-19 10:25:30 INFO     Epoch 1059 [0/32]: loss = 0.1632087230682373, lr = 0.000125
2025-09-19 10:25:30 INFO     Epoch 1059 [0/32]: loss = 0.1632087230682373, lr = 0.000125
2025-09-19 10:25:30 INFO     Epoch 1059 [0/32]: loss = 0.1632087230682373, lr = 0.000125
2025-09-19 10:25:30 INFO     Epoch 1059 [0/32]: loss = 0.1632087230682373, lr = 0.000125
2025-09-19 10:25:41 INFO     Epoch 1059 [10/32]: loss = 0.16477622091770172, lr = 0.000125
2025-09-19 10:25:41 INFO     Epoch 1059 [10/32]: loss = 0.16477622091770172, lr = 0.000125
2025-09-19 10:25:41 INFO     Epoch 1059 [10/32]: loss = 0.16477622091770172, lr = 0.000125
2025-09-19 10:25:41 INFO     Epoch 1059 [10/32]: loss = 0.16477622091770172, lr = 0.000125
2025-09-19 10:25:53 INFO     Epoch 1059 [20/32]: loss = 0.1914365440607071, lr = 0.000125
2025-09-19 10:25:53 INFO     Epoch 1059 [20/32]: loss = 0.1914365440607071, lr = 0.000125
2025-09-19 10:25:53 INFO     Epoch 1059 [20/32]: loss = 0.1914365440607071, lr = 0.000125
2025-09-19 10:25:53 INFO     Epoch 1059 [20/32]: loss = 0.1914365440607071, lr = 0.000125
2025-09-19 10:26:05 INFO     Epoch 1059 [30/32]: loss = 0.15168973803520203, lr = 0.000125
2025-09-19 10:26:05 INFO     Epoch 1059 [30/32]: loss = 0.15168973803520203, lr = 0.000125
2025-09-19 10:26:05 INFO     Epoch 1059 [30/32]: loss = 0.15168973803520203, lr = 0.000125
2025-09-19 10:26:05 INFO     Epoch 1059 [30/32]: loss = 0.15168973803520203, lr = 0.000125
2025-09-19 10:26:08 INFO     Epoch 1060 [0/32]: loss = 0.18606121838092804, lr = 0.000125
2025-09-19 10:26:08 INFO     Epoch 1060 [0/32]: loss = 0.18606121838092804, lr = 0.000125
2025-09-19 10:26:08 INFO     Epoch 1060 [0/32]: loss = 0.18606121838092804, lr = 0.000125
2025-09-19 10:26:08 INFO     Epoch 1060 [0/32]: loss = 0.18606121838092804, lr = 0.000125
2025-09-19 10:26:20 INFO     Epoch 1060 [10/32]: loss = 0.19086122512817383, lr = 0.000125
2025-09-19 10:26:20 INFO     Epoch 1060 [10/32]: loss = 0.19086122512817383, lr = 0.000125
2025-09-19 10:26:20 INFO     Epoch 1060 [10/32]: loss = 0.19086122512817383, lr = 0.000125
2025-09-19 10:26:20 INFO     Epoch 1060 [10/32]: loss = 0.19086122512817383, lr = 0.000125
2025-09-19 10:26:32 INFO     Epoch 1060 [20/32]: loss = 0.16389326751232147, lr = 0.000125
2025-09-19 10:26:32 INFO     Epoch 1060 [20/32]: loss = 0.16389326751232147, lr = 0.000125
2025-09-19 10:26:32 INFO     Epoch 1060 [20/32]: loss = 0.16389326751232147, lr = 0.000125
2025-09-19 10:26:32 INFO     Epoch 1060 [20/32]: loss = 0.16389326751232147, lr = 0.000125
2025-09-19 10:26:44 INFO     Epoch 1060 [30/32]: loss = 0.1651318073272705, lr = 0.000125
2025-09-19 10:26:44 INFO     Epoch 1060 [30/32]: loss = 0.1651318073272705, lr = 0.000125
2025-09-19 10:26:44 INFO     Epoch 1060 [30/32]: loss = 0.1651318073272705, lr = 0.000125
2025-09-19 10:26:44 INFO     Epoch 1060 [30/32]: loss = 0.1651318073272705, lr = 0.000125
2025-09-19 10:26:47 INFO     Epoch 1061 [0/32]: loss = 0.17832249402999878, lr = 0.000125
2025-09-19 10:26:47 INFO     Epoch 1061 [0/32]: loss = 0.17832249402999878, lr = 0.000125
2025-09-19 10:26:47 INFO     Epoch 1061 [0/32]: loss = 0.17832249402999878, lr = 0.000125
2025-09-19 10:26:47 INFO     Epoch 1061 [0/32]: loss = 0.17832249402999878, lr = 0.000125
2025-09-19 10:26:59 INFO     Epoch 1061 [10/32]: loss = 0.21156956255435944, lr = 0.000125
2025-09-19 10:26:59 INFO     Epoch 1061 [10/32]: loss = 0.21156956255435944, lr = 0.000125
2025-09-19 10:26:59 INFO     Epoch 1061 [10/32]: loss = 0.21156956255435944, lr = 0.000125
2025-09-19 10:26:59 INFO     Epoch 1061 [10/32]: loss = 0.21156956255435944, lr = 0.000125
2025-09-19 10:27:10 INFO     Epoch 1061 [20/32]: loss = 0.18813899159431458, lr = 0.000125
2025-09-19 10:27:10 INFO     Epoch 1061 [20/32]: loss = 0.18813899159431458, lr = 0.000125
2025-09-19 10:27:10 INFO     Epoch 1061 [20/32]: loss = 0.18813899159431458, lr = 0.000125
2025-09-19 10:27:10 INFO     Epoch 1061 [20/32]: loss = 0.18813899159431458, lr = 0.000125
2025-09-19 10:27:22 INFO     Epoch 1061 [30/32]: loss = 0.1746235340833664, lr = 0.000125
2025-09-19 10:27:22 INFO     Epoch 1061 [30/32]: loss = 0.1746235340833664, lr = 0.000125
2025-09-19 10:27:22 INFO     Epoch 1061 [30/32]: loss = 0.1746235340833664, lr = 0.000125
2025-09-19 10:27:22 INFO     Epoch 1061 [30/32]: loss = 0.1746235340833664, lr = 0.000125
2025-09-19 10:27:25 INFO     Epoch 1062 [0/32]: loss = 0.15075093507766724, lr = 0.000125
2025-09-19 10:27:25 INFO     Epoch 1062 [0/32]: loss = 0.15075093507766724, lr = 0.000125
2025-09-19 10:27:25 INFO     Epoch 1062 [0/32]: loss = 0.15075093507766724, lr = 0.000125
2025-09-19 10:27:25 INFO     Epoch 1062 [0/32]: loss = 0.15075093507766724, lr = 0.000125
2025-09-19 10:27:37 INFO     Epoch 1062 [10/32]: loss = 0.1774417757987976, lr = 0.000125
2025-09-19 10:27:37 INFO     Epoch 1062 [10/32]: loss = 0.1774417757987976, lr = 0.000125
2025-09-19 10:27:37 INFO     Epoch 1062 [10/32]: loss = 0.1774417757987976, lr = 0.000125
2025-09-19 10:27:37 INFO     Epoch 1062 [10/32]: loss = 0.1774417757987976, lr = 0.000125
2025-09-19 10:27:49 INFO     Epoch 1062 [20/32]: loss = 0.18643683195114136, lr = 0.000125
2025-09-19 10:27:49 INFO     Epoch 1062 [20/32]: loss = 0.18643683195114136, lr = 0.000125
2025-09-19 10:27:49 INFO     Epoch 1062 [20/32]: loss = 0.18643683195114136, lr = 0.000125
2025-09-19 10:27:49 INFO     Epoch 1062 [20/32]: loss = 0.18643683195114136, lr = 0.000125
2025-09-19 10:28:01 INFO     Epoch 1062 [30/32]: loss = 0.17486026883125305, lr = 0.000125
2025-09-19 10:28:01 INFO     Epoch 1062 [30/32]: loss = 0.17486026883125305, lr = 0.000125
2025-09-19 10:28:01 INFO     Epoch 1062 [30/32]: loss = 0.17486026883125305, lr = 0.000125
2025-09-19 10:28:01 INFO     Epoch 1062 [30/32]: loss = 0.17486026883125305, lr = 0.000125
2025-09-19 10:28:04 INFO     Epoch 1063 [0/32]: loss = 0.15145498514175415, lr = 0.000125
2025-09-19 10:28:04 INFO     Epoch 1063 [0/32]: loss = 0.15145498514175415, lr = 0.000125
2025-09-19 10:28:04 INFO     Epoch 1063 [0/32]: loss = 0.15145498514175415, lr = 0.000125
2025-09-19 10:28:04 INFO     Epoch 1063 [0/32]: loss = 0.15145498514175415, lr = 0.000125
2025-09-19 10:28:16 INFO     Epoch 1063 [10/32]: loss = 0.14998546242713928, lr = 0.000125
2025-09-19 10:28:16 INFO     Epoch 1063 [10/32]: loss = 0.14998546242713928, lr = 0.000125
2025-09-19 10:28:16 INFO     Epoch 1063 [10/32]: loss = 0.14998546242713928, lr = 0.000125
2025-09-19 10:28:16 INFO     Epoch 1063 [10/32]: loss = 0.14998546242713928, lr = 0.000125
2025-09-19 10:28:28 INFO     Epoch 1063 [20/32]: loss = 0.15261322259902954, lr = 0.000125
2025-09-19 10:28:28 INFO     Epoch 1063 [20/32]: loss = 0.15261322259902954, lr = 0.000125
2025-09-19 10:28:28 INFO     Epoch 1063 [20/32]: loss = 0.15261322259902954, lr = 0.000125
2025-09-19 10:28:28 INFO     Epoch 1063 [20/32]: loss = 0.15261322259902954, lr = 0.000125
2025-09-19 10:28:40 INFO     Epoch 1063 [30/32]: loss = 0.16285154223442078, lr = 0.000125
2025-09-19 10:28:40 INFO     Epoch 1063 [30/32]: loss = 0.16285154223442078, lr = 0.000125
2025-09-19 10:28:40 INFO     Epoch 1063 [30/32]: loss = 0.16285154223442078, lr = 0.000125
2025-09-19 10:28:40 INFO     Epoch 1063 [30/32]: loss = 0.16285154223442078, lr = 0.000125
2025-09-19 10:28:43 INFO     Epoch 1064 [0/32]: loss = 0.18212634325027466, lr = 0.000125
2025-09-19 10:28:43 INFO     Epoch 1064 [0/32]: loss = 0.18212634325027466, lr = 0.000125
2025-09-19 10:28:43 INFO     Epoch 1064 [0/32]: loss = 0.18212634325027466, lr = 0.000125
2025-09-19 10:28:43 INFO     Epoch 1064 [0/32]: loss = 0.18212634325027466, lr = 0.000125
2025-09-19 10:28:55 INFO     Epoch 1064 [10/32]: loss = 0.17902714014053345, lr = 0.000125
2025-09-19 10:28:55 INFO     Epoch 1064 [10/32]: loss = 0.17902714014053345, lr = 0.000125
2025-09-19 10:28:55 INFO     Epoch 1064 [10/32]: loss = 0.17902714014053345, lr = 0.000125
2025-09-19 10:28:55 INFO     Epoch 1064 [10/32]: loss = 0.17902714014053345, lr = 0.000125
2025-09-19 10:29:06 INFO     Epoch 1064 [20/32]: loss = 0.1960207223892212, lr = 0.000125
2025-09-19 10:29:06 INFO     Epoch 1064 [20/32]: loss = 0.1960207223892212, lr = 0.000125
2025-09-19 10:29:06 INFO     Epoch 1064 [20/32]: loss = 0.1960207223892212, lr = 0.000125
2025-09-19 10:29:06 INFO     Epoch 1064 [20/32]: loss = 0.1960207223892212, lr = 0.000125
2025-09-19 10:29:18 INFO     Epoch 1064 [30/32]: loss = 0.1711357831954956, lr = 0.000125
2025-09-19 10:29:18 INFO     Epoch 1064 [30/32]: loss = 0.1711357831954956, lr = 0.000125
2025-09-19 10:29:18 INFO     Epoch 1064 [30/32]: loss = 0.1711357831954956, lr = 0.000125
2025-09-19 10:29:18 INFO     Epoch 1064 [30/32]: loss = 0.1711357831954956, lr = 0.000125
2025-09-19 10:29:21 INFO     Epoch 1065 [0/32]: loss = 0.15549543499946594, lr = 0.000125
2025-09-19 10:29:21 INFO     Epoch 1065 [0/32]: loss = 0.15549543499946594, lr = 0.000125
2025-09-19 10:29:21 INFO     Epoch 1065 [0/32]: loss = 0.15549543499946594, lr = 0.000125
2025-09-19 10:29:21 INFO     Epoch 1065 [0/32]: loss = 0.15549543499946594, lr = 0.000125
2025-09-19 10:29:33 INFO     Epoch 1065 [10/32]: loss = 0.19452595710754395, lr = 0.000125
2025-09-19 10:29:33 INFO     Epoch 1065 [10/32]: loss = 0.19452595710754395, lr = 0.000125
2025-09-19 10:29:33 INFO     Epoch 1065 [10/32]: loss = 0.19452595710754395, lr = 0.000125
2025-09-19 10:29:33 INFO     Epoch 1065 [10/32]: loss = 0.19452595710754395, lr = 0.000125
2025-09-19 10:29:45 INFO     Epoch 1065 [20/32]: loss = 0.15262863039970398, lr = 0.000125
2025-09-19 10:29:45 INFO     Epoch 1065 [20/32]: loss = 0.15262863039970398, lr = 0.000125
2025-09-19 10:29:45 INFO     Epoch 1065 [20/32]: loss = 0.15262863039970398, lr = 0.000125
2025-09-19 10:29:45 INFO     Epoch 1065 [20/32]: loss = 0.15262863039970398, lr = 0.000125
2025-09-19 10:29:57 INFO     Epoch 1065 [30/32]: loss = 0.2049160748720169, lr = 0.000125
2025-09-19 10:29:57 INFO     Epoch 1065 [30/32]: loss = 0.2049160748720169, lr = 0.000125
2025-09-19 10:29:57 INFO     Epoch 1065 [30/32]: loss = 0.2049160748720169, lr = 0.000125
2025-09-19 10:29:57 INFO     Epoch 1065 [30/32]: loss = 0.2049160748720169, lr = 0.000125
2025-09-19 10:30:00 INFO     Epoch 1066 [0/32]: loss = 0.17554506659507751, lr = 0.000125
2025-09-19 10:30:00 INFO     Epoch 1066 [0/32]: loss = 0.17554506659507751, lr = 0.000125
2025-09-19 10:30:00 INFO     Epoch 1066 [0/32]: loss = 0.17554506659507751, lr = 0.000125
2025-09-19 10:30:00 INFO     Epoch 1066 [0/32]: loss = 0.17554506659507751, lr = 0.000125
2025-09-19 10:30:11 INFO     Epoch 1066 [10/32]: loss = 0.15525037050247192, lr = 0.000125
2025-09-19 10:30:11 INFO     Epoch 1066 [10/32]: loss = 0.15525037050247192, lr = 0.000125
2025-09-19 10:30:11 INFO     Epoch 1066 [10/32]: loss = 0.15525037050247192, lr = 0.000125
2025-09-19 10:30:11 INFO     Epoch 1066 [10/32]: loss = 0.15525037050247192, lr = 0.000125
2025-09-19 10:30:23 INFO     Epoch 1066 [20/32]: loss = 0.19897472858428955, lr = 0.000125
2025-09-19 10:30:23 INFO     Epoch 1066 [20/32]: loss = 0.19897472858428955, lr = 0.000125
2025-09-19 10:30:23 INFO     Epoch 1066 [20/32]: loss = 0.19897472858428955, lr = 0.000125
2025-09-19 10:30:23 INFO     Epoch 1066 [20/32]: loss = 0.19897472858428955, lr = 0.000125
2025-09-19 10:30:35 INFO     Epoch 1066 [30/32]: loss = 0.15640637278556824, lr = 0.000125
2025-09-19 10:30:35 INFO     Epoch 1066 [30/32]: loss = 0.15640637278556824, lr = 0.000125
2025-09-19 10:30:35 INFO     Epoch 1066 [30/32]: loss = 0.15640637278556824, lr = 0.000125
2025-09-19 10:30:35 INFO     Epoch 1066 [30/32]: loss = 0.15640637278556824, lr = 0.000125
2025-09-19 10:30:38 INFO     Epoch 1067 [0/32]: loss = 0.16400520503520966, lr = 0.000125
2025-09-19 10:30:38 INFO     Epoch 1067 [0/32]: loss = 0.16400520503520966, lr = 0.000125
2025-09-19 10:30:38 INFO     Epoch 1067 [0/32]: loss = 0.16400520503520966, lr = 0.000125
2025-09-19 10:30:38 INFO     Epoch 1067 [0/32]: loss = 0.16400520503520966, lr = 0.000125
2025-09-19 10:30:50 INFO     Epoch 1067 [10/32]: loss = 0.18163150548934937, lr = 0.000125
2025-09-19 10:30:50 INFO     Epoch 1067 [10/32]: loss = 0.18163150548934937, lr = 0.000125
2025-09-19 10:30:50 INFO     Epoch 1067 [10/32]: loss = 0.18163150548934937, lr = 0.000125
2025-09-19 10:30:50 INFO     Epoch 1067 [10/32]: loss = 0.18163150548934937, lr = 0.000125
2025-09-19 10:31:02 INFO     Epoch 1067 [20/32]: loss = 0.18826019763946533, lr = 0.000125
2025-09-19 10:31:02 INFO     Epoch 1067 [20/32]: loss = 0.18826019763946533, lr = 0.000125
2025-09-19 10:31:02 INFO     Epoch 1067 [20/32]: loss = 0.18826019763946533, lr = 0.000125
2025-09-19 10:31:02 INFO     Epoch 1067 [20/32]: loss = 0.18826019763946533, lr = 0.000125
2025-09-19 10:31:14 INFO     Epoch 1067 [30/32]: loss = 0.21137049794197083, lr = 0.000125
2025-09-19 10:31:14 INFO     Epoch 1067 [30/32]: loss = 0.21137049794197083, lr = 0.000125
2025-09-19 10:31:14 INFO     Epoch 1067 [30/32]: loss = 0.21137049794197083, lr = 0.000125
2025-09-19 10:31:14 INFO     Epoch 1067 [30/32]: loss = 0.21137049794197083, lr = 0.000125
2025-09-19 10:31:17 INFO     Epoch 1068 [0/32]: loss = 0.17569418251514435, lr = 0.000125
2025-09-19 10:31:17 INFO     Epoch 1068 [0/32]: loss = 0.17569418251514435, lr = 0.000125
2025-09-19 10:31:17 INFO     Epoch 1068 [0/32]: loss = 0.17569418251514435, lr = 0.000125
2025-09-19 10:31:17 INFO     Epoch 1068 [0/32]: loss = 0.17569418251514435, lr = 0.000125
2025-09-19 10:31:29 INFO     Epoch 1068 [10/32]: loss = 0.15589357912540436, lr = 0.000125
2025-09-19 10:31:29 INFO     Epoch 1068 [10/32]: loss = 0.15589357912540436, lr = 0.000125
2025-09-19 10:31:29 INFO     Epoch 1068 [10/32]: loss = 0.15589357912540436, lr = 0.000125
2025-09-19 10:31:29 INFO     Epoch 1068 [10/32]: loss = 0.15589357912540436, lr = 0.000125
2025-09-19 10:31:41 INFO     Epoch 1068 [20/32]: loss = 0.19109401106834412, lr = 0.000125
2025-09-19 10:31:41 INFO     Epoch 1068 [20/32]: loss = 0.19109401106834412, lr = 0.000125
2025-09-19 10:31:41 INFO     Epoch 1068 [20/32]: loss = 0.19109401106834412, lr = 0.000125
2025-09-19 10:31:41 INFO     Epoch 1068 [20/32]: loss = 0.19109401106834412, lr = 0.000125
2025-09-19 10:31:52 INFO     Epoch 1068 [30/32]: loss = 0.1832084208726883, lr = 0.000125
2025-09-19 10:31:52 INFO     Epoch 1068 [30/32]: loss = 0.1832084208726883, lr = 0.000125
2025-09-19 10:31:52 INFO     Epoch 1068 [30/32]: loss = 0.1832084208726883, lr = 0.000125
2025-09-19 10:31:52 INFO     Epoch 1068 [30/32]: loss = 0.1832084208726883, lr = 0.000125
2025-09-19 10:31:56 INFO     Epoch 1069 [0/32]: loss = 0.20401331782341003, lr = 0.000125
2025-09-19 10:31:56 INFO     Epoch 1069 [0/32]: loss = 0.20401331782341003, lr = 0.000125
2025-09-19 10:31:56 INFO     Epoch 1069 [0/32]: loss = 0.20401331782341003, lr = 0.000125
2025-09-19 10:31:56 INFO     Epoch 1069 [0/32]: loss = 0.20401331782341003, lr = 0.000125
2025-09-19 10:32:07 INFO     Epoch 1069 [10/32]: loss = 0.17423686385154724, lr = 0.000125
2025-09-19 10:32:07 INFO     Epoch 1069 [10/32]: loss = 0.17423686385154724, lr = 0.000125
2025-09-19 10:32:07 INFO     Epoch 1069 [10/32]: loss = 0.17423686385154724, lr = 0.000125
2025-09-19 10:32:07 INFO     Epoch 1069 [10/32]: loss = 0.17423686385154724, lr = 0.000125
2025-09-19 10:32:19 INFO     Epoch 1069 [20/32]: loss = 0.15199151635169983, lr = 0.000125
2025-09-19 10:32:19 INFO     Epoch 1069 [20/32]: loss = 0.15199151635169983, lr = 0.000125
2025-09-19 10:32:19 INFO     Epoch 1069 [20/32]: loss = 0.15199151635169983, lr = 0.000125
2025-09-19 10:32:19 INFO     Epoch 1069 [20/32]: loss = 0.15199151635169983, lr = 0.000125
2025-09-19 10:32:31 INFO     Epoch 1069 [30/32]: loss = 0.15504378080368042, lr = 0.000125
2025-09-19 10:32:31 INFO     Epoch 1069 [30/32]: loss = 0.15504378080368042, lr = 0.000125
2025-09-19 10:32:31 INFO     Epoch 1069 [30/32]: loss = 0.15504378080368042, lr = 0.000125
2025-09-19 10:32:31 INFO     Epoch 1069 [30/32]: loss = 0.15504378080368042, lr = 0.000125
2025-09-19 10:32:34 INFO     Epoch 1070 [0/32]: loss = 0.18500769138336182, lr = 0.000125
2025-09-19 10:32:34 INFO     Epoch 1070 [0/32]: loss = 0.18500769138336182, lr = 0.000125
2025-09-19 10:32:34 INFO     Epoch 1070 [0/32]: loss = 0.18500769138336182, lr = 0.000125
2025-09-19 10:32:34 INFO     Epoch 1070 [0/32]: loss = 0.18500769138336182, lr = 0.000125
2025-09-19 10:32:46 INFO     Epoch 1070 [10/32]: loss = 0.14120721817016602, lr = 0.000125
2025-09-19 10:32:46 INFO     Epoch 1070 [10/32]: loss = 0.14120721817016602, lr = 0.000125
2025-09-19 10:32:46 INFO     Epoch 1070 [10/32]: loss = 0.14120721817016602, lr = 0.000125
2025-09-19 10:32:46 INFO     Epoch 1070 [10/32]: loss = 0.14120721817016602, lr = 0.000125
2025-09-19 10:32:58 INFO     Epoch 1070 [20/32]: loss = 0.1656910628080368, lr = 0.000125
2025-09-19 10:32:58 INFO     Epoch 1070 [20/32]: loss = 0.1656910628080368, lr = 0.000125
2025-09-19 10:32:58 INFO     Epoch 1070 [20/32]: loss = 0.1656910628080368, lr = 0.000125
2025-09-19 10:32:58 INFO     Epoch 1070 [20/32]: loss = 0.1656910628080368, lr = 0.000125
2025-09-19 10:33:10 INFO     Epoch 1070 [30/32]: loss = 0.13200239837169647, lr = 0.000125
2025-09-19 10:33:10 INFO     Epoch 1070 [30/32]: loss = 0.13200239837169647, lr = 0.000125
2025-09-19 10:33:10 INFO     Epoch 1070 [30/32]: loss = 0.13200239837169647, lr = 0.000125
2025-09-19 10:33:10 INFO     Epoch 1070 [30/32]: loss = 0.13200239837169647, lr = 0.000125
2025-09-19 10:33:13 INFO     Epoch 1071 [0/32]: loss = 0.14157527685165405, lr = 0.000125
2025-09-19 10:33:13 INFO     Epoch 1071 [0/32]: loss = 0.14157527685165405, lr = 0.000125
2025-09-19 10:33:13 INFO     Epoch 1071 [0/32]: loss = 0.14157527685165405, lr = 0.000125
2025-09-19 10:33:13 INFO     Epoch 1071 [0/32]: loss = 0.14157527685165405, lr = 0.000125
2025-09-19 10:33:25 INFO     Epoch 1071 [10/32]: loss = 0.15104232728481293, lr = 0.000125
2025-09-19 10:33:25 INFO     Epoch 1071 [10/32]: loss = 0.15104232728481293, lr = 0.000125
2025-09-19 10:33:25 INFO     Epoch 1071 [10/32]: loss = 0.15104232728481293, lr = 0.000125
2025-09-19 10:33:25 INFO     Epoch 1071 [10/32]: loss = 0.15104232728481293, lr = 0.000125
2025-09-19 10:33:37 INFO     Epoch 1071 [20/32]: loss = 0.11504056304693222, lr = 0.000125
2025-09-19 10:33:37 INFO     Epoch 1071 [20/32]: loss = 0.11504056304693222, lr = 0.000125
2025-09-19 10:33:37 INFO     Epoch 1071 [20/32]: loss = 0.11504056304693222, lr = 0.000125
2025-09-19 10:33:37 INFO     Epoch 1071 [20/32]: loss = 0.11504056304693222, lr = 0.000125
2025-09-19 10:33:49 INFO     Epoch 1071 [30/32]: loss = 0.18031400442123413, lr = 0.000125
2025-09-19 10:33:49 INFO     Epoch 1071 [30/32]: loss = 0.18031400442123413, lr = 0.000125
2025-09-19 10:33:49 INFO     Epoch 1071 [30/32]: loss = 0.18031400442123413, lr = 0.000125
2025-09-19 10:33:49 INFO     Epoch 1071 [30/32]: loss = 0.18031400442123413, lr = 0.000125
2025-09-19 10:33:52 INFO     Epoch 1072 [0/32]: loss = 0.1566031277179718, lr = 0.000125
2025-09-19 10:33:52 INFO     Epoch 1072 [0/32]: loss = 0.1566031277179718, lr = 0.000125
2025-09-19 10:33:52 INFO     Epoch 1072 [0/32]: loss = 0.1566031277179718, lr = 0.000125
2025-09-19 10:33:52 INFO     Epoch 1072 [0/32]: loss = 0.1566031277179718, lr = 0.000125
2025-09-19 10:34:04 INFO     Epoch 1072 [10/32]: loss = 0.18883582949638367, lr = 0.000125
2025-09-19 10:34:04 INFO     Epoch 1072 [10/32]: loss = 0.18883582949638367, lr = 0.000125
2025-09-19 10:34:04 INFO     Epoch 1072 [10/32]: loss = 0.18883582949638367, lr = 0.000125
2025-09-19 10:34:04 INFO     Epoch 1072 [10/32]: loss = 0.18883582949638367, lr = 0.000125
2025-09-19 10:34:15 INFO     Epoch 1072 [20/32]: loss = 0.14428755640983582, lr = 0.000125
2025-09-19 10:34:15 INFO     Epoch 1072 [20/32]: loss = 0.14428755640983582, lr = 0.000125
2025-09-19 10:34:15 INFO     Epoch 1072 [20/32]: loss = 0.14428755640983582, lr = 0.000125
2025-09-19 10:34:15 INFO     Epoch 1072 [20/32]: loss = 0.14428755640983582, lr = 0.000125
2025-09-19 10:34:27 INFO     Epoch 1072 [30/32]: loss = 0.155045747756958, lr = 0.000125
2025-09-19 10:34:27 INFO     Epoch 1072 [30/32]: loss = 0.155045747756958, lr = 0.000125
2025-09-19 10:34:27 INFO     Epoch 1072 [30/32]: loss = 0.155045747756958, lr = 0.000125
2025-09-19 10:34:27 INFO     Epoch 1072 [30/32]: loss = 0.155045747756958, lr = 0.000125
2025-09-19 10:34:30 INFO     Epoch 1073 [0/32]: loss = 0.14736971259117126, lr = 0.000125
2025-09-19 10:34:30 INFO     Epoch 1073 [0/32]: loss = 0.14736971259117126, lr = 0.000125
2025-09-19 10:34:30 INFO     Epoch 1073 [0/32]: loss = 0.14736971259117126, lr = 0.000125
2025-09-19 10:34:30 INFO     Epoch 1073 [0/32]: loss = 0.14736971259117126, lr = 0.000125
2025-09-19 10:34:42 INFO     Epoch 1073 [10/32]: loss = 0.13080093264579773, lr = 0.000125
2025-09-19 10:34:42 INFO     Epoch 1073 [10/32]: loss = 0.13080093264579773, lr = 0.000125
2025-09-19 10:34:42 INFO     Epoch 1073 [10/32]: loss = 0.13080093264579773, lr = 0.000125
2025-09-19 10:34:42 INFO     Epoch 1073 [10/32]: loss = 0.13080093264579773, lr = 0.000125
2025-09-19 10:34:54 INFO     Epoch 1073 [20/32]: loss = 0.11355110257863998, lr = 0.000125
2025-09-19 10:34:54 INFO     Epoch 1073 [20/32]: loss = 0.11355110257863998, lr = 0.000125
2025-09-19 10:34:54 INFO     Epoch 1073 [20/32]: loss = 0.11355110257863998, lr = 0.000125
2025-09-19 10:34:54 INFO     Epoch 1073 [20/32]: loss = 0.11355110257863998, lr = 0.000125
2025-09-19 10:35:06 INFO     Epoch 1073 [30/32]: loss = 0.17500394582748413, lr = 0.000125
2025-09-19 10:35:06 INFO     Epoch 1073 [30/32]: loss = 0.17500394582748413, lr = 0.000125
2025-09-19 10:35:06 INFO     Epoch 1073 [30/32]: loss = 0.17500394582748413, lr = 0.000125
2025-09-19 10:35:06 INFO     Epoch 1073 [30/32]: loss = 0.17500394582748413, lr = 0.000125
2025-09-19 10:35:09 INFO     Epoch 1074 [0/32]: loss = 0.16231776773929596, lr = 0.000125
2025-09-19 10:35:09 INFO     Epoch 1074 [0/32]: loss = 0.16231776773929596, lr = 0.000125
2025-09-19 10:35:09 INFO     Epoch 1074 [0/32]: loss = 0.16231776773929596, lr = 0.000125
2025-09-19 10:35:09 INFO     Epoch 1074 [0/32]: loss = 0.16231776773929596, lr = 0.000125
2025-09-19 10:35:20 INFO     Epoch 1074 [10/32]: loss = 0.17661413550376892, lr = 0.000125
2025-09-19 10:35:20 INFO     Epoch 1074 [10/32]: loss = 0.17661413550376892, lr = 0.000125
2025-09-19 10:35:20 INFO     Epoch 1074 [10/32]: loss = 0.17661413550376892, lr = 0.000125
2025-09-19 10:35:20 INFO     Epoch 1074 [10/32]: loss = 0.17661413550376892, lr = 0.000125
2025-09-19 10:35:32 INFO     Epoch 1074 [20/32]: loss = 0.17489999532699585, lr = 0.000125
2025-09-19 10:35:32 INFO     Epoch 1074 [20/32]: loss = 0.17489999532699585, lr = 0.000125
2025-09-19 10:35:32 INFO     Epoch 1074 [20/32]: loss = 0.17489999532699585, lr = 0.000125
2025-09-19 10:35:32 INFO     Epoch 1074 [20/32]: loss = 0.17489999532699585, lr = 0.000125
2025-09-19 10:35:44 INFO     Epoch 1074 [30/32]: loss = 0.15163984894752502, lr = 0.000125
2025-09-19 10:35:44 INFO     Epoch 1074 [30/32]: loss = 0.15163984894752502, lr = 0.000125
2025-09-19 10:35:44 INFO     Epoch 1074 [30/32]: loss = 0.15163984894752502, lr = 0.000125
2025-09-19 10:35:44 INFO     Epoch 1074 [30/32]: loss = 0.15163984894752502, lr = 0.000125
2025-09-19 10:35:47 INFO     Epoch 1075 [0/32]: loss = 0.13352070748806, lr = 0.000125
2025-09-19 10:35:47 INFO     Epoch 1075 [0/32]: loss = 0.13352070748806, lr = 0.000125
2025-09-19 10:35:47 INFO     Epoch 1075 [0/32]: loss = 0.13352070748806, lr = 0.000125
2025-09-19 10:35:47 INFO     Epoch 1075 [0/32]: loss = 0.13352070748806, lr = 0.000125
2025-09-19 10:35:59 INFO     Epoch 1075 [10/32]: loss = 0.13919255137443542, lr = 0.000125
2025-09-19 10:35:59 INFO     Epoch 1075 [10/32]: loss = 0.13919255137443542, lr = 0.000125
2025-09-19 10:35:59 INFO     Epoch 1075 [10/32]: loss = 0.13919255137443542, lr = 0.000125
2025-09-19 10:35:59 INFO     Epoch 1075 [10/32]: loss = 0.13919255137443542, lr = 0.000125
2025-09-19 10:36:11 INFO     Epoch 1075 [20/32]: loss = 0.1347009837627411, lr = 0.000125
2025-09-19 10:36:11 INFO     Epoch 1075 [20/32]: loss = 0.1347009837627411, lr = 0.000125
2025-09-19 10:36:11 INFO     Epoch 1075 [20/32]: loss = 0.1347009837627411, lr = 0.000125
2025-09-19 10:36:11 INFO     Epoch 1075 [20/32]: loss = 0.1347009837627411, lr = 0.000125
2025-09-19 10:36:23 INFO     Epoch 1075 [30/32]: loss = 0.1363440454006195, lr = 0.000125
2025-09-19 10:36:23 INFO     Epoch 1075 [30/32]: loss = 0.1363440454006195, lr = 0.000125
2025-09-19 10:36:23 INFO     Epoch 1075 [30/32]: loss = 0.1363440454006195, lr = 0.000125
2025-09-19 10:36:23 INFO     Epoch 1075 [30/32]: loss = 0.1363440454006195, lr = 0.000125
2025-09-19 10:36:26 INFO     Epoch 1076 [0/32]: loss = 0.18213048577308655, lr = 0.000125
2025-09-19 10:36:26 INFO     Epoch 1076 [0/32]: loss = 0.18213048577308655, lr = 0.000125
2025-09-19 10:36:26 INFO     Epoch 1076 [0/32]: loss = 0.18213048577308655, lr = 0.000125
2025-09-19 10:36:26 INFO     Epoch 1076 [0/32]: loss = 0.18213048577308655, lr = 0.000125
2025-09-19 10:36:38 INFO     Epoch 1076 [10/32]: loss = 0.14363941550254822, lr = 0.000125
2025-09-19 10:36:38 INFO     Epoch 1076 [10/32]: loss = 0.14363941550254822, lr = 0.000125
2025-09-19 10:36:38 INFO     Epoch 1076 [10/32]: loss = 0.14363941550254822, lr = 0.000125
2025-09-19 10:36:38 INFO     Epoch 1076 [10/32]: loss = 0.14363941550254822, lr = 0.000125
2025-09-19 10:36:50 INFO     Epoch 1076 [20/32]: loss = 0.14312371611595154, lr = 0.000125
2025-09-19 10:36:50 INFO     Epoch 1076 [20/32]: loss = 0.14312371611595154, lr = 0.000125
2025-09-19 10:36:50 INFO     Epoch 1076 [20/32]: loss = 0.14312371611595154, lr = 0.000125
2025-09-19 10:36:50 INFO     Epoch 1076 [20/32]: loss = 0.14312371611595154, lr = 0.000125
2025-09-19 10:37:02 INFO     Epoch 1076 [30/32]: loss = 0.14898709952831268, lr = 0.000125
2025-09-19 10:37:02 INFO     Epoch 1076 [30/32]: loss = 0.14898709952831268, lr = 0.000125
2025-09-19 10:37:02 INFO     Epoch 1076 [30/32]: loss = 0.14898709952831268, lr = 0.000125
2025-09-19 10:37:02 INFO     Epoch 1076 [30/32]: loss = 0.14898709952831268, lr = 0.000125
2025-09-19 10:37:05 INFO     Epoch 1077 [0/32]: loss = 0.14934265613555908, lr = 0.000125
2025-09-19 10:37:05 INFO     Epoch 1077 [0/32]: loss = 0.14934265613555908, lr = 0.000125
2025-09-19 10:37:05 INFO     Epoch 1077 [0/32]: loss = 0.14934265613555908, lr = 0.000125
2025-09-19 10:37:05 INFO     Epoch 1077 [0/32]: loss = 0.14934265613555908, lr = 0.000125
2025-09-19 10:37:17 INFO     Epoch 1077 [10/32]: loss = 0.14526620507240295, lr = 0.000125
2025-09-19 10:37:17 INFO     Epoch 1077 [10/32]: loss = 0.14526620507240295, lr = 0.000125
2025-09-19 10:37:17 INFO     Epoch 1077 [10/32]: loss = 0.14526620507240295, lr = 0.000125
2025-09-19 10:37:17 INFO     Epoch 1077 [10/32]: loss = 0.14526620507240295, lr = 0.000125
2025-09-19 10:37:29 INFO     Epoch 1077 [20/32]: loss = 0.16070909798145294, lr = 0.000125
2025-09-19 10:37:29 INFO     Epoch 1077 [20/32]: loss = 0.16070909798145294, lr = 0.000125
2025-09-19 10:37:29 INFO     Epoch 1077 [20/32]: loss = 0.16070909798145294, lr = 0.000125
2025-09-19 10:37:29 INFO     Epoch 1077 [20/32]: loss = 0.16070909798145294, lr = 0.000125
2025-09-19 10:37:41 INFO     Epoch 1077 [30/32]: loss = 0.12493970990180969, lr = 0.000125
2025-09-19 10:37:41 INFO     Epoch 1077 [30/32]: loss = 0.12493970990180969, lr = 0.000125
2025-09-19 10:37:41 INFO     Epoch 1077 [30/32]: loss = 0.12493970990180969, lr = 0.000125
2025-09-19 10:37:41 INFO     Epoch 1077 [30/32]: loss = 0.12493970990180969, lr = 0.000125
2025-09-19 10:37:44 INFO     Epoch 1078 [0/32]: loss = 0.15503188967704773, lr = 0.000125
2025-09-19 10:37:44 INFO     Epoch 1078 [0/32]: loss = 0.15503188967704773, lr = 0.000125
2025-09-19 10:37:44 INFO     Epoch 1078 [0/32]: loss = 0.15503188967704773, lr = 0.000125
2025-09-19 10:37:44 INFO     Epoch 1078 [0/32]: loss = 0.15503188967704773, lr = 0.000125
2025-09-19 10:37:56 INFO     Epoch 1078 [10/32]: loss = 0.1658317893743515, lr = 0.000125
2025-09-19 10:37:56 INFO     Epoch 1078 [10/32]: loss = 0.1658317893743515, lr = 0.000125
2025-09-19 10:37:56 INFO     Epoch 1078 [10/32]: loss = 0.1658317893743515, lr = 0.000125
2025-09-19 10:37:56 INFO     Epoch 1078 [10/32]: loss = 0.1658317893743515, lr = 0.000125
2025-09-19 10:38:08 INFO     Epoch 1078 [20/32]: loss = 0.12359067797660828, lr = 0.000125
2025-09-19 10:38:08 INFO     Epoch 1078 [20/32]: loss = 0.12359067797660828, lr = 0.000125
2025-09-19 10:38:08 INFO     Epoch 1078 [20/32]: loss = 0.12359067797660828, lr = 0.000125
2025-09-19 10:38:08 INFO     Epoch 1078 [20/32]: loss = 0.12359067797660828, lr = 0.000125
2025-09-19 10:38:19 INFO     Epoch 1078 [30/32]: loss = 0.1464848816394806, lr = 0.000125
2025-09-19 10:38:19 INFO     Epoch 1078 [30/32]: loss = 0.1464848816394806, lr = 0.000125
2025-09-19 10:38:19 INFO     Epoch 1078 [30/32]: loss = 0.1464848816394806, lr = 0.000125
2025-09-19 10:38:19 INFO     Epoch 1078 [30/32]: loss = 0.1464848816394806, lr = 0.000125
2025-09-19 10:38:22 INFO     Epoch 1079 [0/32]: loss = 0.1687074899673462, lr = 0.000125
2025-09-19 10:38:22 INFO     Epoch 1079 [0/32]: loss = 0.1687074899673462, lr = 0.000125
2025-09-19 10:38:22 INFO     Epoch 1079 [0/32]: loss = 0.1687074899673462, lr = 0.000125
2025-09-19 10:38:22 INFO     Epoch 1079 [0/32]: loss = 0.1687074899673462, lr = 0.000125
2025-09-19 10:38:34 INFO     Epoch 1079 [10/32]: loss = 0.15716074407100677, lr = 0.000125
2025-09-19 10:38:34 INFO     Epoch 1079 [10/32]: loss = 0.15716074407100677, lr = 0.000125
2025-09-19 10:38:34 INFO     Epoch 1079 [10/32]: loss = 0.15716074407100677, lr = 0.000125
2025-09-19 10:38:34 INFO     Epoch 1079 [10/32]: loss = 0.15716074407100677, lr = 0.000125
2025-09-19 10:38:46 INFO     Epoch 1079 [20/32]: loss = 0.14826107025146484, lr = 0.000125
2025-09-19 10:38:46 INFO     Epoch 1079 [20/32]: loss = 0.14826107025146484, lr = 0.000125
2025-09-19 10:38:46 INFO     Epoch 1079 [20/32]: loss = 0.14826107025146484, lr = 0.000125
2025-09-19 10:38:46 INFO     Epoch 1079 [20/32]: loss = 0.14826107025146484, lr = 0.000125
2025-09-19 10:38:58 INFO     Epoch 1079 [30/32]: loss = 0.14565670490264893, lr = 0.000125
2025-09-19 10:38:58 INFO     Epoch 1079 [30/32]: loss = 0.14565670490264893, lr = 0.000125
2025-09-19 10:38:58 INFO     Epoch 1079 [30/32]: loss = 0.14565670490264893, lr = 0.000125
2025-09-19 10:38:58 INFO     Epoch 1079 [30/32]: loss = 0.14565670490264893, lr = 0.000125
2025-09-19 10:39:01 INFO     Epoch 1080 [0/32]: loss = 0.20594102144241333, lr = 0.000125
2025-09-19 10:39:01 INFO     Epoch 1080 [0/32]: loss = 0.20594102144241333, lr = 0.000125
2025-09-19 10:39:01 INFO     Epoch 1080 [0/32]: loss = 0.20594102144241333, lr = 0.000125
2025-09-19 10:39:01 INFO     Epoch 1080 [0/32]: loss = 0.20594102144241333, lr = 0.000125
2025-09-19 10:39:13 INFO     Epoch 1080 [10/32]: loss = 0.12596815824508667, lr = 0.000125
2025-09-19 10:39:13 INFO     Epoch 1080 [10/32]: loss = 0.12596815824508667, lr = 0.000125
2025-09-19 10:39:13 INFO     Epoch 1080 [10/32]: loss = 0.12596815824508667, lr = 0.000125
2025-09-19 10:39:13 INFO     Epoch 1080 [10/32]: loss = 0.12596815824508667, lr = 0.000125
2025-09-19 10:39:24 INFO     Epoch 1080 [20/32]: loss = 0.11834399402141571, lr = 0.000125
2025-09-19 10:39:24 INFO     Epoch 1080 [20/32]: loss = 0.11834399402141571, lr = 0.000125
2025-09-19 10:39:24 INFO     Epoch 1080 [20/32]: loss = 0.11834399402141571, lr = 0.000125
2025-09-19 10:39:24 INFO     Epoch 1080 [20/32]: loss = 0.11834399402141571, lr = 0.000125
2025-09-19 10:39:36 INFO     Epoch 1080 [30/32]: loss = 0.18928924202919006, lr = 0.000125
2025-09-19 10:39:36 INFO     Epoch 1080 [30/32]: loss = 0.18928924202919006, lr = 0.000125
2025-09-19 10:39:36 INFO     Epoch 1080 [30/32]: loss = 0.18928924202919006, lr = 0.000125
2025-09-19 10:39:36 INFO     Epoch 1080 [30/32]: loss = 0.18928924202919006, lr = 0.000125
2025-09-19 10:39:39 INFO     Epoch 1081 [0/32]: loss = 0.16521808505058289, lr = 0.000125
2025-09-19 10:39:39 INFO     Epoch 1081 [0/32]: loss = 0.16521808505058289, lr = 0.000125
2025-09-19 10:39:39 INFO     Epoch 1081 [0/32]: loss = 0.16521808505058289, lr = 0.000125
2025-09-19 10:39:39 INFO     Epoch 1081 [0/32]: loss = 0.16521808505058289, lr = 0.000125
2025-09-19 10:39:51 INFO     Epoch 1081 [10/32]: loss = 0.1698392629623413, lr = 0.000125
2025-09-19 10:39:51 INFO     Epoch 1081 [10/32]: loss = 0.1698392629623413, lr = 0.000125
2025-09-19 10:39:51 INFO     Epoch 1081 [10/32]: loss = 0.1698392629623413, lr = 0.000125
2025-09-19 10:39:51 INFO     Epoch 1081 [10/32]: loss = 0.1698392629623413, lr = 0.000125
2025-09-19 10:40:03 INFO     Epoch 1081 [20/32]: loss = 0.19037257134914398, lr = 0.000125
2025-09-19 10:40:03 INFO     Epoch 1081 [20/32]: loss = 0.19037257134914398, lr = 0.000125
2025-09-19 10:40:03 INFO     Epoch 1081 [20/32]: loss = 0.19037257134914398, lr = 0.000125
2025-09-19 10:40:03 INFO     Epoch 1081 [20/32]: loss = 0.19037257134914398, lr = 0.000125
2025-09-19 10:40:15 INFO     Epoch 1081 [30/32]: loss = 0.15858641266822815, lr = 0.000125
2025-09-19 10:40:15 INFO     Epoch 1081 [30/32]: loss = 0.15858641266822815, lr = 0.000125
2025-09-19 10:40:15 INFO     Epoch 1081 [30/32]: loss = 0.15858641266822815, lr = 0.000125
2025-09-19 10:40:15 INFO     Epoch 1081 [30/32]: loss = 0.15858641266822815, lr = 0.000125
2025-09-19 10:40:18 INFO     Epoch 1082 [0/32]: loss = 6.656830310821533, lr = 0.000125
2025-09-19 10:40:18 INFO     Epoch 1082 [0/32]: loss = 6.656830310821533, lr = 0.000125
2025-09-19 10:40:18 INFO     Epoch 1082 [0/32]: loss = 6.656830310821533, lr = 0.000125
2025-09-19 10:40:18 INFO     Epoch 1082 [0/32]: loss = 6.656830310821533, lr = 0.000125
2025-09-19 10:40:30 INFO     Epoch 1082 [10/32]: loss = 3.370201826095581, lr = 0.000125
2025-09-19 10:40:30 INFO     Epoch 1082 [10/32]: loss = 3.370201826095581, lr = 0.000125
2025-09-19 10:40:30 INFO     Epoch 1082 [10/32]: loss = 3.370201826095581, lr = 0.000125
2025-09-19 10:40:30 INFO     Epoch 1082 [10/32]: loss = 3.370201826095581, lr = 0.000125
2025-09-19 10:40:42 INFO     Epoch 1082 [20/32]: loss = 1.2933478355407715, lr = 0.000125
2025-09-19 10:40:42 INFO     Epoch 1082 [20/32]: loss = 1.2933478355407715, lr = 0.000125
2025-09-19 10:40:42 INFO     Epoch 1082 [20/32]: loss = 1.2933478355407715, lr = 0.000125
2025-09-19 10:40:42 INFO     Epoch 1082 [20/32]: loss = 1.2933478355407715, lr = 0.000125
2025-09-19 10:40:54 INFO     Epoch 1082 [30/32]: loss = 0.2610732913017273, lr = 0.000125
2025-09-19 10:40:54 INFO     Epoch 1082 [30/32]: loss = 0.2610732913017273, lr = 0.000125
2025-09-19 10:40:54 INFO     Epoch 1082 [30/32]: loss = 0.2610732913017273, lr = 0.000125
2025-09-19 10:40:54 INFO     Epoch 1082 [30/32]: loss = 0.2610732913017273, lr = 0.000125
2025-09-19 10:40:57 INFO     Epoch 1083 [0/32]: loss = 0.23608554899692535, lr = 0.000125
2025-09-19 10:40:57 INFO     Epoch 1083 [0/32]: loss = 0.23608554899692535, lr = 0.000125
2025-09-19 10:40:57 INFO     Epoch 1083 [0/32]: loss = 0.23608554899692535, lr = 0.000125
2025-09-19 10:40:57 INFO     Epoch 1083 [0/32]: loss = 0.23608554899692535, lr = 0.000125
2025-09-19 10:41:09 INFO     Epoch 1083 [10/32]: loss = 0.194736510515213, lr = 0.000125
2025-09-19 10:41:09 INFO     Epoch 1083 [10/32]: loss = 0.194736510515213, lr = 0.000125
2025-09-19 10:41:09 INFO     Epoch 1083 [10/32]: loss = 0.194736510515213, lr = 0.000125
2025-09-19 10:41:09 INFO     Epoch 1083 [10/32]: loss = 0.194736510515213, lr = 0.000125
2025-09-19 10:41:21 INFO     Epoch 1083 [20/32]: loss = 0.2005271315574646, lr = 0.000125
2025-09-19 10:41:21 INFO     Epoch 1083 [20/32]: loss = 0.2005271315574646, lr = 0.000125
2025-09-19 10:41:21 INFO     Epoch 1083 [20/32]: loss = 0.2005271315574646, lr = 0.000125
2025-09-19 10:41:21 INFO     Epoch 1083 [20/32]: loss = 0.2005271315574646, lr = 0.000125
2025-09-19 10:41:33 INFO     Epoch 1083 [30/32]: loss = 0.1938847303390503, lr = 0.000125
2025-09-19 10:41:33 INFO     Epoch 1083 [30/32]: loss = 0.1938847303390503, lr = 0.000125
2025-09-19 10:41:33 INFO     Epoch 1083 [30/32]: loss = 0.1938847303390503, lr = 0.000125
2025-09-19 10:41:33 INFO     Epoch 1083 [30/32]: loss = 0.1938847303390503, lr = 0.000125
2025-09-19 10:41:36 INFO     Epoch 1084 [0/32]: loss = 0.22592075169086456, lr = 0.000125
2025-09-19 10:41:36 INFO     Epoch 1084 [0/32]: loss = 0.22592075169086456, lr = 0.000125
2025-09-19 10:41:36 INFO     Epoch 1084 [0/32]: loss = 0.22592075169086456, lr = 0.000125
2025-09-19 10:41:36 INFO     Epoch 1084 [0/32]: loss = 0.22592075169086456, lr = 0.000125
2025-09-19 10:41:48 INFO     Epoch 1084 [10/32]: loss = 0.14347638189792633, lr = 0.000125
2025-09-19 10:41:48 INFO     Epoch 1084 [10/32]: loss = 0.14347638189792633, lr = 0.000125
2025-09-19 10:41:48 INFO     Epoch 1084 [10/32]: loss = 0.14347638189792633, lr = 0.000125
2025-09-19 10:41:48 INFO     Epoch 1084 [10/32]: loss = 0.14347638189792633, lr = 0.000125
2025-09-19 10:42:00 INFO     Epoch 1084 [20/32]: loss = 0.18718862533569336, lr = 0.000125
2025-09-19 10:42:00 INFO     Epoch 1084 [20/32]: loss = 0.18718862533569336, lr = 0.000125
2025-09-19 10:42:00 INFO     Epoch 1084 [20/32]: loss = 0.18718862533569336, lr = 0.000125
2025-09-19 10:42:00 INFO     Epoch 1084 [20/32]: loss = 0.18718862533569336, lr = 0.000125
2025-09-19 10:42:11 INFO     Epoch 1084 [30/32]: loss = 0.13457831740379333, lr = 0.000125
2025-09-19 10:42:11 INFO     Epoch 1084 [30/32]: loss = 0.13457831740379333, lr = 0.000125
2025-09-19 10:42:11 INFO     Epoch 1084 [30/32]: loss = 0.13457831740379333, lr = 0.000125
2025-09-19 10:42:11 INFO     Epoch 1084 [30/32]: loss = 0.13457831740379333, lr = 0.000125
2025-09-19 10:42:14 INFO     Epoch 1085 [0/32]: loss = 0.16913318634033203, lr = 0.000125
2025-09-19 10:42:14 INFO     Epoch 1085 [0/32]: loss = 0.16913318634033203, lr = 0.000125
2025-09-19 10:42:14 INFO     Epoch 1085 [0/32]: loss = 0.16913318634033203, lr = 0.000125
2025-09-19 10:42:14 INFO     Epoch 1085 [0/32]: loss = 0.16913318634033203, lr = 0.000125
2025-09-19 10:42:26 INFO     Epoch 1085 [10/32]: loss = 0.14861340820789337, lr = 0.000125
2025-09-19 10:42:26 INFO     Epoch 1085 [10/32]: loss = 0.14861340820789337, lr = 0.000125
2025-09-19 10:42:26 INFO     Epoch 1085 [10/32]: loss = 0.14861340820789337, lr = 0.000125
2025-09-19 10:42:26 INFO     Epoch 1085 [10/32]: loss = 0.14861340820789337, lr = 0.000125
2025-09-19 10:42:38 INFO     Epoch 1085 [20/32]: loss = 0.16106149554252625, lr = 0.000125
2025-09-19 10:42:38 INFO     Epoch 1085 [20/32]: loss = 0.16106149554252625, lr = 0.000125
2025-09-19 10:42:38 INFO     Epoch 1085 [20/32]: loss = 0.16106149554252625, lr = 0.000125
2025-09-19 10:42:38 INFO     Epoch 1085 [20/32]: loss = 0.16106149554252625, lr = 0.000125
2025-09-19 10:42:50 INFO     Epoch 1085 [30/32]: loss = 0.13961373269557953, lr = 0.000125
2025-09-19 10:42:50 INFO     Epoch 1085 [30/32]: loss = 0.13961373269557953, lr = 0.000125
2025-09-19 10:42:50 INFO     Epoch 1085 [30/32]: loss = 0.13961373269557953, lr = 0.000125
2025-09-19 10:42:50 INFO     Epoch 1085 [30/32]: loss = 0.13961373269557953, lr = 0.000125
2025-09-19 10:42:53 INFO     Epoch 1086 [0/32]: loss = 0.16352757811546326, lr = 0.000125
2025-09-19 10:42:53 INFO     Epoch 1086 [0/32]: loss = 0.16352757811546326, lr = 0.000125
2025-09-19 10:42:53 INFO     Epoch 1086 [0/32]: loss = 0.16352757811546326, lr = 0.000125
2025-09-19 10:42:53 INFO     Epoch 1086 [0/32]: loss = 0.16352757811546326, lr = 0.000125
2025-09-19 10:43:05 INFO     Epoch 1086 [10/32]: loss = 0.14596551656723022, lr = 0.000125
2025-09-19 10:43:05 INFO     Epoch 1086 [10/32]: loss = 0.14596551656723022, lr = 0.000125
2025-09-19 10:43:05 INFO     Epoch 1086 [10/32]: loss = 0.14596551656723022, lr = 0.000125
2025-09-19 10:43:05 INFO     Epoch 1086 [10/32]: loss = 0.14596551656723022, lr = 0.000125
2025-09-19 10:43:16 INFO     Epoch 1086 [20/32]: loss = 0.13920781016349792, lr = 0.000125
2025-09-19 10:43:16 INFO     Epoch 1086 [20/32]: loss = 0.13920781016349792, lr = 0.000125
2025-09-19 10:43:16 INFO     Epoch 1086 [20/32]: loss = 0.13920781016349792, lr = 0.000125
2025-09-19 10:43:16 INFO     Epoch 1086 [20/32]: loss = 0.13920781016349792, lr = 0.000125
2025-09-19 10:43:28 INFO     Epoch 1086 [30/32]: loss = 0.1431759148836136, lr = 0.000125
2025-09-19 10:43:28 INFO     Epoch 1086 [30/32]: loss = 0.1431759148836136, lr = 0.000125
2025-09-19 10:43:28 INFO     Epoch 1086 [30/32]: loss = 0.1431759148836136, lr = 0.000125
2025-09-19 10:43:28 INFO     Epoch 1086 [30/32]: loss = 0.1431759148836136, lr = 0.000125
2025-09-19 10:43:31 INFO     Epoch 1087 [0/32]: loss = 0.1594715416431427, lr = 0.000125
2025-09-19 10:43:31 INFO     Epoch 1087 [0/32]: loss = 0.1594715416431427, lr = 0.000125
2025-09-19 10:43:31 INFO     Epoch 1087 [0/32]: loss = 0.1594715416431427, lr = 0.000125
2025-09-19 10:43:31 INFO     Epoch 1087 [0/32]: loss = 0.1594715416431427, lr = 0.000125
2025-09-19 10:43:43 INFO     Epoch 1087 [10/32]: loss = 0.156935915350914, lr = 0.000125
2025-09-19 10:43:43 INFO     Epoch 1087 [10/32]: loss = 0.156935915350914, lr = 0.000125
2025-09-19 10:43:43 INFO     Epoch 1087 [10/32]: loss = 0.156935915350914, lr = 0.000125
2025-09-19 10:43:43 INFO     Epoch 1087 [10/32]: loss = 0.156935915350914, lr = 0.000125
2025-09-19 10:43:55 INFO     Epoch 1087 [20/32]: loss = 0.15231755375862122, lr = 0.000125
2025-09-19 10:43:55 INFO     Epoch 1087 [20/32]: loss = 0.15231755375862122, lr = 0.000125
2025-09-19 10:43:55 INFO     Epoch 1087 [20/32]: loss = 0.15231755375862122, lr = 0.000125
2025-09-19 10:43:55 INFO     Epoch 1087 [20/32]: loss = 0.15231755375862122, lr = 0.000125
2025-09-19 10:44:07 INFO     Epoch 1087 [30/32]: loss = 0.1784970760345459, lr = 0.000125
2025-09-19 10:44:07 INFO     Epoch 1087 [30/32]: loss = 0.1784970760345459, lr = 0.000125
2025-09-19 10:44:07 INFO     Epoch 1087 [30/32]: loss = 0.1784970760345459, lr = 0.000125
2025-09-19 10:44:07 INFO     Epoch 1087 [30/32]: loss = 0.1784970760345459, lr = 0.000125
2025-09-19 10:44:10 INFO     Epoch 1088 [0/32]: loss = 0.1317565143108368, lr = 0.000125
2025-09-19 10:44:10 INFO     Epoch 1088 [0/32]: loss = 0.1317565143108368, lr = 0.000125
2025-09-19 10:44:10 INFO     Epoch 1088 [0/32]: loss = 0.1317565143108368, lr = 0.000125
2025-09-19 10:44:10 INFO     Epoch 1088 [0/32]: loss = 0.1317565143108368, lr = 0.000125
2025-09-19 10:44:22 INFO     Epoch 1088 [10/32]: loss = 0.13312318921089172, lr = 0.000125
2025-09-19 10:44:22 INFO     Epoch 1088 [10/32]: loss = 0.13312318921089172, lr = 0.000125
2025-09-19 10:44:22 INFO     Epoch 1088 [10/32]: loss = 0.13312318921089172, lr = 0.000125
2025-09-19 10:44:22 INFO     Epoch 1088 [10/32]: loss = 0.13312318921089172, lr = 0.000125
2025-09-19 10:44:34 INFO     Epoch 1088 [20/32]: loss = 0.13358339667320251, lr = 0.000125
2025-09-19 10:44:34 INFO     Epoch 1088 [20/32]: loss = 0.13358339667320251, lr = 0.000125
2025-09-19 10:44:34 INFO     Epoch 1088 [20/32]: loss = 0.13358339667320251, lr = 0.000125
2025-09-19 10:44:34 INFO     Epoch 1088 [20/32]: loss = 0.13358339667320251, lr = 0.000125
2025-09-19 10:44:46 INFO     Epoch 1088 [30/32]: loss = 0.16829915344715118, lr = 0.000125
2025-09-19 10:44:46 INFO     Epoch 1088 [30/32]: loss = 0.16829915344715118, lr = 0.000125
2025-09-19 10:44:46 INFO     Epoch 1088 [30/32]: loss = 0.16829915344715118, lr = 0.000125
2025-09-19 10:44:46 INFO     Epoch 1088 [30/32]: loss = 0.16829915344715118, lr = 0.000125
2025-09-19 10:44:49 INFO     Epoch 1089 [0/32]: loss = 0.14676475524902344, lr = 0.000125
2025-09-19 10:44:49 INFO     Epoch 1089 [0/32]: loss = 0.14676475524902344, lr = 0.000125
2025-09-19 10:44:49 INFO     Epoch 1089 [0/32]: loss = 0.14676475524902344, lr = 0.000125
2025-09-19 10:44:49 INFO     Epoch 1089 [0/32]: loss = 0.14676475524902344, lr = 0.000125
2025-09-19 10:45:01 INFO     Epoch 1089 [10/32]: loss = 0.14974325895309448, lr = 0.000125
2025-09-19 10:45:01 INFO     Epoch 1089 [10/32]: loss = 0.14974325895309448, lr = 0.000125
2025-09-19 10:45:01 INFO     Epoch 1089 [10/32]: loss = 0.14974325895309448, lr = 0.000125
2025-09-19 10:45:01 INFO     Epoch 1089 [10/32]: loss = 0.14974325895309448, lr = 0.000125
2025-09-19 10:45:12 INFO     Epoch 1089 [20/32]: loss = 0.1807282269001007, lr = 0.000125
2025-09-19 10:45:12 INFO     Epoch 1089 [20/32]: loss = 0.1807282269001007, lr = 0.000125
2025-09-19 10:45:12 INFO     Epoch 1089 [20/32]: loss = 0.1807282269001007, lr = 0.000125
2025-09-19 10:45:12 INFO     Epoch 1089 [20/32]: loss = 0.1807282269001007, lr = 0.000125
2025-09-19 10:45:24 INFO     Epoch 1089 [30/32]: loss = 0.17537933588027954, lr = 0.000125
2025-09-19 10:45:24 INFO     Epoch 1089 [30/32]: loss = 0.17537933588027954, lr = 0.000125
2025-09-19 10:45:24 INFO     Epoch 1089 [30/32]: loss = 0.17537933588027954, lr = 0.000125
2025-09-19 10:45:24 INFO     Epoch 1089 [30/32]: loss = 0.17537933588027954, lr = 0.000125
2025-09-19 10:45:27 INFO     Epoch 1090 [0/32]: loss = 0.11586834490299225, lr = 0.000125
2025-09-19 10:45:27 INFO     Epoch 1090 [0/32]: loss = 0.11586834490299225, lr = 0.000125
2025-09-19 10:45:27 INFO     Epoch 1090 [0/32]: loss = 0.11586834490299225, lr = 0.000125
2025-09-19 10:45:27 INFO     Epoch 1090 [0/32]: loss = 0.11586834490299225, lr = 0.000125
2025-09-19 10:45:39 INFO     Epoch 1090 [10/32]: loss = 0.14473794400691986, lr = 0.000125
2025-09-19 10:45:39 INFO     Epoch 1090 [10/32]: loss = 0.14473794400691986, lr = 0.000125
2025-09-19 10:45:39 INFO     Epoch 1090 [10/32]: loss = 0.14473794400691986, lr = 0.000125
2025-09-19 10:45:39 INFO     Epoch 1090 [10/32]: loss = 0.14473794400691986, lr = 0.000125
2025-09-19 10:45:51 INFO     Epoch 1090 [20/32]: loss = 0.17240206897258759, lr = 0.000125
2025-09-19 10:45:51 INFO     Epoch 1090 [20/32]: loss = 0.17240206897258759, lr = 0.000125
2025-09-19 10:45:51 INFO     Epoch 1090 [20/32]: loss = 0.17240206897258759, lr = 0.000125
2025-09-19 10:45:51 INFO     Epoch 1090 [20/32]: loss = 0.17240206897258759, lr = 0.000125
2025-09-19 10:46:03 INFO     Epoch 1090 [30/32]: loss = 0.13177543878555298, lr = 0.000125
2025-09-19 10:46:03 INFO     Epoch 1090 [30/32]: loss = 0.13177543878555298, lr = 0.000125
2025-09-19 10:46:03 INFO     Epoch 1090 [30/32]: loss = 0.13177543878555298, lr = 0.000125
2025-09-19 10:46:03 INFO     Epoch 1090 [30/32]: loss = 0.13177543878555298, lr = 0.000125
2025-09-19 10:46:06 INFO     Epoch 1091 [0/32]: loss = 0.17177237570285797, lr = 0.000125
2025-09-19 10:46:06 INFO     Epoch 1091 [0/32]: loss = 0.17177237570285797, lr = 0.000125
2025-09-19 10:46:06 INFO     Epoch 1091 [0/32]: loss = 0.17177237570285797, lr = 0.000125
2025-09-19 10:46:06 INFO     Epoch 1091 [0/32]: loss = 0.17177237570285797, lr = 0.000125
2025-09-19 10:46:18 INFO     Epoch 1091 [10/32]: loss = 0.15407723188400269, lr = 0.000125
2025-09-19 10:46:18 INFO     Epoch 1091 [10/32]: loss = 0.15407723188400269, lr = 0.000125
2025-09-19 10:46:18 INFO     Epoch 1091 [10/32]: loss = 0.15407723188400269, lr = 0.000125
2025-09-19 10:46:18 INFO     Epoch 1091 [10/32]: loss = 0.15407723188400269, lr = 0.000125
2025-09-19 10:46:29 INFO     Epoch 1091 [20/32]: loss = 0.14572609961032867, lr = 0.000125
2025-09-19 10:46:29 INFO     Epoch 1091 [20/32]: loss = 0.14572609961032867, lr = 0.000125
2025-09-19 10:46:29 INFO     Epoch 1091 [20/32]: loss = 0.14572609961032867, lr = 0.000125
2025-09-19 10:46:29 INFO     Epoch 1091 [20/32]: loss = 0.14572609961032867, lr = 0.000125
2025-09-19 10:46:41 INFO     Epoch 1091 [30/32]: loss = 0.193767249584198, lr = 0.000125
2025-09-19 10:46:41 INFO     Epoch 1091 [30/32]: loss = 0.193767249584198, lr = 0.000125
2025-09-19 10:46:41 INFO     Epoch 1091 [30/32]: loss = 0.193767249584198, lr = 0.000125
2025-09-19 10:46:41 INFO     Epoch 1091 [30/32]: loss = 0.193767249584198, lr = 0.000125
2025-09-19 10:46:44 INFO     Epoch 1092 [0/32]: loss = 0.1267988383769989, lr = 0.000125
2025-09-19 10:46:44 INFO     Epoch 1092 [0/32]: loss = 0.1267988383769989, lr = 0.000125
2025-09-19 10:46:44 INFO     Epoch 1092 [0/32]: loss = 0.1267988383769989, lr = 0.000125
2025-09-19 10:46:44 INFO     Epoch 1092 [0/32]: loss = 0.1267988383769989, lr = 0.000125
2025-09-19 10:46:56 INFO     Epoch 1092 [10/32]: loss = 0.12981367111206055, lr = 0.000125
2025-09-19 10:46:56 INFO     Epoch 1092 [10/32]: loss = 0.12981367111206055, lr = 0.000125
2025-09-19 10:46:56 INFO     Epoch 1092 [10/32]: loss = 0.12981367111206055, lr = 0.000125
2025-09-19 10:46:56 INFO     Epoch 1092 [10/32]: loss = 0.12981367111206055, lr = 0.000125
2025-09-19 10:47:08 INFO     Epoch 1092 [20/32]: loss = 0.16188539564609528, lr = 0.000125
2025-09-19 10:47:08 INFO     Epoch 1092 [20/32]: loss = 0.16188539564609528, lr = 0.000125
2025-09-19 10:47:08 INFO     Epoch 1092 [20/32]: loss = 0.16188539564609528, lr = 0.000125
2025-09-19 10:47:08 INFO     Epoch 1092 [20/32]: loss = 0.16188539564609528, lr = 0.000125
2025-09-19 10:47:20 INFO     Epoch 1092 [30/32]: loss = 0.1354183554649353, lr = 0.000125
2025-09-19 10:47:20 INFO     Epoch 1092 [30/32]: loss = 0.1354183554649353, lr = 0.000125
2025-09-19 10:47:20 INFO     Epoch 1092 [30/32]: loss = 0.1354183554649353, lr = 0.000125
2025-09-19 10:47:20 INFO     Epoch 1092 [30/32]: loss = 0.1354183554649353, lr = 0.000125
2025-09-19 10:47:23 INFO     Epoch 1093 [0/32]: loss = 0.12216426432132721, lr = 0.000125
2025-09-19 10:47:23 INFO     Epoch 1093 [0/32]: loss = 0.12216426432132721, lr = 0.000125
2025-09-19 10:47:23 INFO     Epoch 1093 [0/32]: loss = 0.12216426432132721, lr = 0.000125
2025-09-19 10:47:23 INFO     Epoch 1093 [0/32]: loss = 0.12216426432132721, lr = 0.000125
2025-09-19 10:47:35 INFO     Epoch 1093 [10/32]: loss = 0.14221012592315674, lr = 0.000125
2025-09-19 10:47:35 INFO     Epoch 1093 [10/32]: loss = 0.14221012592315674, lr = 0.000125
2025-09-19 10:47:35 INFO     Epoch 1093 [10/32]: loss = 0.14221012592315674, lr = 0.000125
2025-09-19 10:47:35 INFO     Epoch 1093 [10/32]: loss = 0.14221012592315674, lr = 0.000125
2025-09-19 10:47:47 INFO     Epoch 1093 [20/32]: loss = 0.11311058700084686, lr = 0.000125
2025-09-19 10:47:47 INFO     Epoch 1093 [20/32]: loss = 0.11311058700084686, lr = 0.000125
2025-09-19 10:47:47 INFO     Epoch 1093 [20/32]: loss = 0.11311058700084686, lr = 0.000125
2025-09-19 10:47:47 INFO     Epoch 1093 [20/32]: loss = 0.11311058700084686, lr = 0.000125
2025-09-19 10:47:59 INFO     Epoch 1093 [30/32]: loss = 0.0920993834733963, lr = 0.000125
2025-09-19 10:47:59 INFO     Epoch 1093 [30/32]: loss = 0.0920993834733963, lr = 0.000125
2025-09-19 10:47:59 INFO     Epoch 1093 [30/32]: loss = 0.0920993834733963, lr = 0.000125
2025-09-19 10:47:59 INFO     Epoch 1093 [30/32]: loss = 0.0920993834733963, lr = 0.000125
2025-09-19 10:48:02 INFO     Epoch 1094 [0/32]: loss = 0.1221332997083664, lr = 0.000125
2025-09-19 10:48:02 INFO     Epoch 1094 [0/32]: loss = 0.1221332997083664, lr = 0.000125
2025-09-19 10:48:02 INFO     Epoch 1094 [0/32]: loss = 0.1221332997083664, lr = 0.000125
2025-09-19 10:48:02 INFO     Epoch 1094 [0/32]: loss = 0.1221332997083664, lr = 0.000125
2025-09-19 10:48:14 INFO     Epoch 1094 [10/32]: loss = 0.1393265426158905, lr = 0.000125
2025-09-19 10:48:14 INFO     Epoch 1094 [10/32]: loss = 0.1393265426158905, lr = 0.000125
2025-09-19 10:48:14 INFO     Epoch 1094 [10/32]: loss = 0.1393265426158905, lr = 0.000125
2025-09-19 10:48:14 INFO     Epoch 1094 [10/32]: loss = 0.1393265426158905, lr = 0.000125
2025-09-19 10:48:25 INFO     Epoch 1094 [20/32]: loss = 0.14965224266052246, lr = 0.000125
2025-09-19 10:48:25 INFO     Epoch 1094 [20/32]: loss = 0.14965224266052246, lr = 0.000125
2025-09-19 10:48:25 INFO     Epoch 1094 [20/32]: loss = 0.14965224266052246, lr = 0.000125
2025-09-19 10:48:25 INFO     Epoch 1094 [20/32]: loss = 0.14965224266052246, lr = 0.000125
2025-09-19 10:48:37 INFO     Epoch 1094 [30/32]: loss = 0.11325305700302124, lr = 0.000125
2025-09-19 10:48:37 INFO     Epoch 1094 [30/32]: loss = 0.11325305700302124, lr = 0.000125
2025-09-19 10:48:37 INFO     Epoch 1094 [30/32]: loss = 0.11325305700302124, lr = 0.000125
2025-09-19 10:48:37 INFO     Epoch 1094 [30/32]: loss = 0.11325305700302124, lr = 0.000125
2025-09-19 10:48:40 INFO     Epoch 1095 [0/32]: loss = 0.13415487110614777, lr = 0.000125
2025-09-19 10:48:40 INFO     Epoch 1095 [0/32]: loss = 0.13415487110614777, lr = 0.000125
2025-09-19 10:48:40 INFO     Epoch 1095 [0/32]: loss = 0.13415487110614777, lr = 0.000125
2025-09-19 10:48:40 INFO     Epoch 1095 [0/32]: loss = 0.13415487110614777, lr = 0.000125
2025-09-19 10:48:52 INFO     Epoch 1095 [10/32]: loss = 0.12942177057266235, lr = 0.000125
2025-09-19 10:48:52 INFO     Epoch 1095 [10/32]: loss = 0.12942177057266235, lr = 0.000125
2025-09-19 10:48:52 INFO     Epoch 1095 [10/32]: loss = 0.12942177057266235, lr = 0.000125
2025-09-19 10:48:52 INFO     Epoch 1095 [10/32]: loss = 0.12942177057266235, lr = 0.000125
2025-09-19 10:49:04 INFO     Epoch 1095 [20/32]: loss = 0.1273210644721985, lr = 0.000125
2025-09-19 10:49:04 INFO     Epoch 1095 [20/32]: loss = 0.1273210644721985, lr = 0.000125
2025-09-19 10:49:04 INFO     Epoch 1095 [20/32]: loss = 0.1273210644721985, lr = 0.000125
2025-09-19 10:49:04 INFO     Epoch 1095 [20/32]: loss = 0.1273210644721985, lr = 0.000125
2025-09-19 10:49:16 INFO     Epoch 1095 [30/32]: loss = 0.15200157463550568, lr = 0.000125
2025-09-19 10:49:16 INFO     Epoch 1095 [30/32]: loss = 0.15200157463550568, lr = 0.000125
2025-09-19 10:49:16 INFO     Epoch 1095 [30/32]: loss = 0.15200157463550568, lr = 0.000125
2025-09-19 10:49:16 INFO     Epoch 1095 [30/32]: loss = 0.15200157463550568, lr = 0.000125
2025-09-19 10:49:19 INFO     Epoch 1096 [0/32]: loss = 0.08154717087745667, lr = 0.000125
2025-09-19 10:49:19 INFO     Epoch 1096 [0/32]: loss = 0.08154717087745667, lr = 0.000125
2025-09-19 10:49:19 INFO     Epoch 1096 [0/32]: loss = 0.08154717087745667, lr = 0.000125
2025-09-19 10:49:19 INFO     Epoch 1096 [0/32]: loss = 0.08154717087745667, lr = 0.000125
2025-09-19 10:49:31 INFO     Epoch 1096 [10/32]: loss = 0.11284224689006805, lr = 0.000125
2025-09-19 10:49:31 INFO     Epoch 1096 [10/32]: loss = 0.11284224689006805, lr = 0.000125
2025-09-19 10:49:31 INFO     Epoch 1096 [10/32]: loss = 0.11284224689006805, lr = 0.000125
2025-09-19 10:49:31 INFO     Epoch 1096 [10/32]: loss = 0.11284224689006805, lr = 0.000125
2025-09-19 10:49:43 INFO     Epoch 1096 [20/32]: loss = 0.13091300427913666, lr = 0.000125
2025-09-19 10:49:43 INFO     Epoch 1096 [20/32]: loss = 0.13091300427913666, lr = 0.000125
2025-09-19 10:49:43 INFO     Epoch 1096 [20/32]: loss = 0.13091300427913666, lr = 0.000125
2025-09-19 10:49:43 INFO     Epoch 1096 [20/32]: loss = 0.13091300427913666, lr = 0.000125
2025-09-19 10:49:55 INFO     Epoch 1096 [30/32]: loss = 0.12605805695056915, lr = 0.000125
2025-09-19 10:49:55 INFO     Epoch 1096 [30/32]: loss = 0.12605805695056915, lr = 0.000125
2025-09-19 10:49:55 INFO     Epoch 1096 [30/32]: loss = 0.12605805695056915, lr = 0.000125
2025-09-19 10:49:55 INFO     Epoch 1096 [30/32]: loss = 0.12605805695056915, lr = 0.000125
2025-09-19 10:49:58 INFO     Epoch 1097 [0/32]: loss = 0.13429106771945953, lr = 0.000125
2025-09-19 10:49:58 INFO     Epoch 1097 [0/32]: loss = 0.13429106771945953, lr = 0.000125
2025-09-19 10:49:58 INFO     Epoch 1097 [0/32]: loss = 0.13429106771945953, lr = 0.000125
2025-09-19 10:49:58 INFO     Epoch 1097 [0/32]: loss = 0.13429106771945953, lr = 0.000125
2025-09-19 10:50:10 INFO     Epoch 1097 [10/32]: loss = 0.144124835729599, lr = 0.000125
2025-09-19 10:50:10 INFO     Epoch 1097 [10/32]: loss = 0.144124835729599, lr = 0.000125
2025-09-19 10:50:10 INFO     Epoch 1097 [10/32]: loss = 0.144124835729599, lr = 0.000125
2025-09-19 10:50:10 INFO     Epoch 1097 [10/32]: loss = 0.144124835729599, lr = 0.000125
2025-09-19 10:50:22 INFO     Epoch 1097 [20/32]: loss = 0.11778853088617325, lr = 0.000125
2025-09-19 10:50:22 INFO     Epoch 1097 [20/32]: loss = 0.11778853088617325, lr = 0.000125
2025-09-19 10:50:22 INFO     Epoch 1097 [20/32]: loss = 0.11778853088617325, lr = 0.000125
2025-09-19 10:50:22 INFO     Epoch 1097 [20/32]: loss = 0.11778853088617325, lr = 0.000125
2025-09-19 10:50:33 INFO     Epoch 1097 [30/32]: loss = 0.12959088385105133, lr = 0.000125
2025-09-19 10:50:33 INFO     Epoch 1097 [30/32]: loss = 0.12959088385105133, lr = 0.000125
2025-09-19 10:50:33 INFO     Epoch 1097 [30/32]: loss = 0.12959088385105133, lr = 0.000125
2025-09-19 10:50:33 INFO     Epoch 1097 [30/32]: loss = 0.12959088385105133, lr = 0.000125
2025-09-19 10:50:37 INFO     Epoch 1098 [0/32]: loss = 0.14500030875205994, lr = 0.000125
2025-09-19 10:50:37 INFO     Epoch 1098 [0/32]: loss = 0.14500030875205994, lr = 0.000125
2025-09-19 10:50:37 INFO     Epoch 1098 [0/32]: loss = 0.14500030875205994, lr = 0.000125
2025-09-19 10:50:37 INFO     Epoch 1098 [0/32]: loss = 0.14500030875205994, lr = 0.000125
2025-09-19 10:50:48 INFO     Epoch 1098 [10/32]: loss = 0.13254141807556152, lr = 0.000125
2025-09-19 10:50:48 INFO     Epoch 1098 [10/32]: loss = 0.13254141807556152, lr = 0.000125
2025-09-19 10:50:48 INFO     Epoch 1098 [10/32]: loss = 0.13254141807556152, lr = 0.000125
2025-09-19 10:50:48 INFO     Epoch 1098 [10/32]: loss = 0.13254141807556152, lr = 0.000125
2025-09-19 10:51:00 INFO     Epoch 1098 [20/32]: loss = 0.1550934612751007, lr = 0.000125
2025-09-19 10:51:00 INFO     Epoch 1098 [20/32]: loss = 0.1550934612751007, lr = 0.000125
2025-09-19 10:51:00 INFO     Epoch 1098 [20/32]: loss = 0.1550934612751007, lr = 0.000125
2025-09-19 10:51:00 INFO     Epoch 1098 [20/32]: loss = 0.1550934612751007, lr = 0.000125
2025-09-19 10:51:12 INFO     Epoch 1098 [30/32]: loss = 0.16164693236351013, lr = 0.000125
2025-09-19 10:51:12 INFO     Epoch 1098 [30/32]: loss = 0.16164693236351013, lr = 0.000125
2025-09-19 10:51:12 INFO     Epoch 1098 [30/32]: loss = 0.16164693236351013, lr = 0.000125
2025-09-19 10:51:12 INFO     Epoch 1098 [30/32]: loss = 0.16164693236351013, lr = 0.000125
2025-09-19 10:51:15 INFO     Epoch 1099 [0/32]: loss = 0.16023723781108856, lr = 0.000125
2025-09-19 10:51:15 INFO     Epoch 1099 [0/32]: loss = 0.16023723781108856, lr = 0.000125
2025-09-19 10:51:15 INFO     Epoch 1099 [0/32]: loss = 0.16023723781108856, lr = 0.000125
2025-09-19 10:51:15 INFO     Epoch 1099 [0/32]: loss = 0.16023723781108856, lr = 0.000125
2025-09-19 10:51:27 INFO     Epoch 1099 [10/32]: loss = 0.13482731580734253, lr = 0.000125
2025-09-19 10:51:27 INFO     Epoch 1099 [10/32]: loss = 0.13482731580734253, lr = 0.000125
2025-09-19 10:51:27 INFO     Epoch 1099 [10/32]: loss = 0.13482731580734253, lr = 0.000125
2025-09-19 10:51:27 INFO     Epoch 1099 [10/32]: loss = 0.13482731580734253, lr = 0.000125
2025-09-19 10:51:39 INFO     Epoch 1099 [20/32]: loss = 0.11612093448638916, lr = 0.000125
2025-09-19 10:51:39 INFO     Epoch 1099 [20/32]: loss = 0.11612093448638916, lr = 0.000125
2025-09-19 10:51:39 INFO     Epoch 1099 [20/32]: loss = 0.11612093448638916, lr = 0.000125
2025-09-19 10:51:39 INFO     Epoch 1099 [20/32]: loss = 0.11612093448638916, lr = 0.000125
2025-09-19 10:51:51 INFO     Epoch 1099 [30/32]: loss = 0.14416299760341644, lr = 0.000125
2025-09-19 10:51:51 INFO     Epoch 1099 [30/32]: loss = 0.14416299760341644, lr = 0.000125
2025-09-19 10:51:51 INFO     Epoch 1099 [30/32]: loss = 0.14416299760341644, lr = 0.000125
2025-09-19 10:51:51 INFO     Epoch 1099 [30/32]: loss = 0.14416299760341644, lr = 0.000125
2025-09-19 10:59:02 INFO     384 samples generated in 1024 evaluations.
2025-09-19 10:59:08 INFO     384 samples generated in 1024 evaluations.
2025-09-19 10:59:10 INFO     384 samples generated in 1024 evaluations.
2025-09-19 10:59:12 INFO     384 samples generated in 1024 evaluations.
2025-09-19 10:59:15 INFO     Evaluating [0/32] samples generated [250/250] running fid 288.6444091796875
2025-09-19 10:59:15 INFO     Evaluating [0/32] samples generated [250/250] running fid 288.6444091796875
2025-09-19 10:59:15 INFO     Evaluating [0/32] samples generated [250/250] running fid 288.6444091796875
2025-09-19 10:59:15 INFO     Evaluating [0/32] samples generated [250/250] running fid 288.6444091796875
2025-09-19 10:59:25 INFO     Epoch 1100 [0/32]: loss = 0.1347072720527649, lr = 0.000125
2025-09-19 10:59:25 INFO     Epoch 1100 [0/32]: loss = 0.1347072720527649, lr = 0.000125
2025-09-19 10:59:25 INFO     Epoch 1100 [0/32]: loss = 0.1347072720527649, lr = 0.000125
2025-09-19 10:59:25 INFO     Epoch 1100 [0/32]: loss = 0.1347072720527649, lr = 0.000125
2025-09-19 10:59:37 INFO     Epoch 1100 [10/32]: loss = 0.09199686348438263, lr = 0.000125
2025-09-19 10:59:37 INFO     Epoch 1100 [10/32]: loss = 0.09199686348438263, lr = 0.000125
2025-09-19 10:59:37 INFO     Epoch 1100 [10/32]: loss = 0.09199686348438263, lr = 0.000125
2025-09-19 10:59:37 INFO     Epoch 1100 [10/32]: loss = 0.09199686348438263, lr = 0.000125
2025-09-19 10:59:48 INFO     Epoch 1100 [20/32]: loss = 0.14285898208618164, lr = 0.000125
2025-09-19 10:59:48 INFO     Epoch 1100 [20/32]: loss = 0.14285898208618164, lr = 0.000125
2025-09-19 10:59:48 INFO     Epoch 1100 [20/32]: loss = 0.14285898208618164, lr = 0.000125
2025-09-19 10:59:48 INFO     Epoch 1100 [20/32]: loss = 0.14285898208618164, lr = 0.000125
2025-09-19 11:00:00 INFO     Epoch 1100 [30/32]: loss = 0.12616083025932312, lr = 0.000125
2025-09-19 11:00:00 INFO     Epoch 1100 [30/32]: loss = 0.12616083025932312, lr = 0.000125
2025-09-19 11:00:00 INFO     Epoch 1100 [30/32]: loss = 0.12616083025932312, lr = 0.000125
2025-09-19 11:00:00 INFO     Epoch 1100 [30/32]: loss = 0.12616083025932312, lr = 0.000125
2025-09-19 11:00:03 INFO     Epoch 1101 [0/32]: loss = 0.13885627686977386, lr = 0.000125
2025-09-19 11:00:03 INFO     Epoch 1101 [0/32]: loss = 0.13885627686977386, lr = 0.000125
2025-09-19 11:00:03 INFO     Epoch 1101 [0/32]: loss = 0.13885627686977386, lr = 0.000125
2025-09-19 11:00:03 INFO     Epoch 1101 [0/32]: loss = 0.13885627686977386, lr = 0.000125
2025-09-19 11:00:15 INFO     Epoch 1101 [10/32]: loss = 0.09385186433792114, lr = 0.000125
2025-09-19 11:00:15 INFO     Epoch 1101 [10/32]: loss = 0.09385186433792114, lr = 0.000125
2025-09-19 11:00:15 INFO     Epoch 1101 [10/32]: loss = 0.09385186433792114, lr = 0.000125
2025-09-19 11:00:15 INFO     Epoch 1101 [10/32]: loss = 0.09385186433792114, lr = 0.000125
2025-09-19 11:00:27 INFO     Epoch 1101 [20/32]: loss = 0.10410987585783005, lr = 0.000125
2025-09-19 11:00:27 INFO     Epoch 1101 [20/32]: loss = 0.10410987585783005, lr = 0.000125
2025-09-19 11:00:27 INFO     Epoch 1101 [20/32]: loss = 0.10410987585783005, lr = 0.000125
2025-09-19 11:00:27 INFO     Epoch 1101 [20/32]: loss = 0.10410987585783005, lr = 0.000125
2025-09-19 11:00:39 INFO     Epoch 1101 [30/32]: loss = 0.1303621530532837, lr = 0.000125
2025-09-19 11:00:39 INFO     Epoch 1101 [30/32]: loss = 0.1303621530532837, lr = 0.000125
2025-09-19 11:00:39 INFO     Epoch 1101 [30/32]: loss = 0.1303621530532837, lr = 0.000125
2025-09-19 11:00:39 INFO     Epoch 1101 [30/32]: loss = 0.1303621530532837, lr = 0.000125
2025-09-19 11:00:42 INFO     Epoch 1102 [0/32]: loss = 0.12506136298179626, lr = 0.000125
2025-09-19 11:00:42 INFO     Epoch 1102 [0/32]: loss = 0.12506136298179626, lr = 0.000125
2025-09-19 11:00:42 INFO     Epoch 1102 [0/32]: loss = 0.12506136298179626, lr = 0.000125
2025-09-19 11:00:42 INFO     Epoch 1102 [0/32]: loss = 0.12506136298179626, lr = 0.000125
2025-09-19 11:00:54 INFO     Epoch 1102 [10/32]: loss = 0.13550600409507751, lr = 0.000125
2025-09-19 11:00:54 INFO     Epoch 1102 [10/32]: loss = 0.13550600409507751, lr = 0.000125
2025-09-19 11:00:54 INFO     Epoch 1102 [10/32]: loss = 0.13550600409507751, lr = 0.000125
2025-09-19 11:00:54 INFO     Epoch 1102 [10/32]: loss = 0.13550600409507751, lr = 0.000125
2025-09-19 11:01:06 INFO     Epoch 1102 [20/32]: loss = 0.13330498337745667, lr = 0.000125
2025-09-19 11:01:06 INFO     Epoch 1102 [20/32]: loss = 0.13330498337745667, lr = 0.000125
2025-09-19 11:01:06 INFO     Epoch 1102 [20/32]: loss = 0.13330498337745667, lr = 0.000125
2025-09-19 11:01:06 INFO     Epoch 1102 [20/32]: loss = 0.13330498337745667, lr = 0.000125
2025-09-19 11:01:18 INFO     Epoch 1102 [30/32]: loss = 0.11819099634885788, lr = 0.000125
2025-09-19 11:01:18 INFO     Epoch 1102 [30/32]: loss = 0.11819099634885788, lr = 0.000125
2025-09-19 11:01:18 INFO     Epoch 1102 [30/32]: loss = 0.11819099634885788, lr = 0.000125
2025-09-19 11:01:18 INFO     Epoch 1102 [30/32]: loss = 0.11819099634885788, lr = 0.000125
2025-09-19 11:01:21 INFO     Epoch 1103 [0/32]: loss = 0.11522265523672104, lr = 0.000125
2025-09-19 11:01:21 INFO     Epoch 1103 [0/32]: loss = 0.11522265523672104, lr = 0.000125
2025-09-19 11:01:21 INFO     Epoch 1103 [0/32]: loss = 0.11522265523672104, lr = 0.000125
2025-09-19 11:01:21 INFO     Epoch 1103 [0/32]: loss = 0.11522265523672104, lr = 0.000125
2025-09-19 11:01:33 INFO     Epoch 1103 [10/32]: loss = 0.10338979214429855, lr = 0.000125
2025-09-19 11:01:33 INFO     Epoch 1103 [10/32]: loss = 0.10338979214429855, lr = 0.000125
2025-09-19 11:01:33 INFO     Epoch 1103 [10/32]: loss = 0.10338979214429855, lr = 0.000125
2025-09-19 11:01:33 INFO     Epoch 1103 [10/32]: loss = 0.10338979214429855, lr = 0.000125
2025-09-19 11:01:45 INFO     Epoch 1103 [20/32]: loss = 0.15215907990932465, lr = 0.000125
2025-09-19 11:01:45 INFO     Epoch 1103 [20/32]: loss = 0.15215907990932465, lr = 0.000125
2025-09-19 11:01:45 INFO     Epoch 1103 [20/32]: loss = 0.15215907990932465, lr = 0.000125
2025-09-19 11:01:45 INFO     Epoch 1103 [20/32]: loss = 0.15215907990932465, lr = 0.000125
2025-09-19 11:01:56 INFO     Epoch 1103 [30/32]: loss = 0.1167881190776825, lr = 0.000125
2025-09-19 11:01:56 INFO     Epoch 1103 [30/32]: loss = 0.1167881190776825, lr = 0.000125
2025-09-19 11:01:56 INFO     Epoch 1103 [30/32]: loss = 0.1167881190776825, lr = 0.000125
2025-09-19 11:01:56 INFO     Epoch 1103 [30/32]: loss = 0.1167881190776825, lr = 0.000125
2025-09-19 11:01:59 INFO     Epoch 1104 [0/32]: loss = 0.1105818822979927, lr = 0.000125
2025-09-19 11:01:59 INFO     Epoch 1104 [0/32]: loss = 0.1105818822979927, lr = 0.000125
2025-09-19 11:01:59 INFO     Epoch 1104 [0/32]: loss = 0.1105818822979927, lr = 0.000125
2025-09-19 11:01:59 INFO     Epoch 1104 [0/32]: loss = 0.1105818822979927, lr = 0.000125
2025-09-19 11:02:11 INFO     Epoch 1104 [10/32]: loss = 0.1702776849269867, lr = 0.000125
2025-09-19 11:02:11 INFO     Epoch 1104 [10/32]: loss = 0.1702776849269867, lr = 0.000125
2025-09-19 11:02:11 INFO     Epoch 1104 [10/32]: loss = 0.1702776849269867, lr = 0.000125
2025-09-19 11:02:11 INFO     Epoch 1104 [10/32]: loss = 0.1702776849269867, lr = 0.000125
2025-09-19 11:02:23 INFO     Epoch 1104 [20/32]: loss = 0.11895884573459625, lr = 0.000125
2025-09-19 11:02:23 INFO     Epoch 1104 [20/32]: loss = 0.11895884573459625, lr = 0.000125
2025-09-19 11:02:23 INFO     Epoch 1104 [20/32]: loss = 0.11895884573459625, lr = 0.000125
2025-09-19 11:02:23 INFO     Epoch 1104 [20/32]: loss = 0.11895884573459625, lr = 0.000125
2025-09-19 11:02:35 INFO     Epoch 1104 [30/32]: loss = 0.12889176607131958, lr = 0.000125
2025-09-19 11:02:35 INFO     Epoch 1104 [30/32]: loss = 0.12889176607131958, lr = 0.000125
2025-09-19 11:02:35 INFO     Epoch 1104 [30/32]: loss = 0.12889176607131958, lr = 0.000125
2025-09-19 11:02:35 INFO     Epoch 1104 [30/32]: loss = 0.12889176607131958, lr = 0.000125
2025-09-19 11:02:38 INFO     Epoch 1105 [0/32]: loss = 0.10802163183689117, lr = 0.000125
2025-09-19 11:02:38 INFO     Epoch 1105 [0/32]: loss = 0.10802163183689117, lr = 0.000125
2025-09-19 11:02:38 INFO     Epoch 1105 [0/32]: loss = 0.10802163183689117, lr = 0.000125
2025-09-19 11:02:38 INFO     Epoch 1105 [0/32]: loss = 0.10802163183689117, lr = 0.000125
2025-09-19 11:02:50 INFO     Epoch 1105 [10/32]: loss = 0.13441118597984314, lr = 0.000125
2025-09-19 11:02:50 INFO     Epoch 1105 [10/32]: loss = 0.13441118597984314, lr = 0.000125
2025-09-19 11:02:50 INFO     Epoch 1105 [10/32]: loss = 0.13441118597984314, lr = 0.000125
2025-09-19 11:02:50 INFO     Epoch 1105 [10/32]: loss = 0.13441118597984314, lr = 0.000125
2025-09-19 11:03:02 INFO     Epoch 1105 [20/32]: loss = 0.13347595930099487, lr = 0.000125
2025-09-19 11:03:02 INFO     Epoch 1105 [20/32]: loss = 0.13347595930099487, lr = 0.000125
2025-09-19 11:03:02 INFO     Epoch 1105 [20/32]: loss = 0.13347595930099487, lr = 0.000125
2025-09-19 11:03:02 INFO     Epoch 1105 [20/32]: loss = 0.13347595930099487, lr = 0.000125
2025-09-19 11:03:13 INFO     Epoch 1105 [30/32]: loss = 0.1258031576871872, lr = 0.000125
2025-09-19 11:03:13 INFO     Epoch 1105 [30/32]: loss = 0.1258031576871872, lr = 0.000125
2025-09-19 11:03:13 INFO     Epoch 1105 [30/32]: loss = 0.1258031576871872, lr = 0.000125
2025-09-19 11:03:13 INFO     Epoch 1105 [30/32]: loss = 0.1258031576871872, lr = 0.000125
2025-09-19 11:03:17 INFO     Epoch 1106 [0/32]: loss = 0.10746068507432938, lr = 0.000125
2025-09-19 11:03:17 INFO     Epoch 1106 [0/32]: loss = 0.10746068507432938, lr = 0.000125
2025-09-19 11:03:17 INFO     Epoch 1106 [0/32]: loss = 0.10746068507432938, lr = 0.000125
2025-09-19 11:03:17 INFO     Epoch 1106 [0/32]: loss = 0.10746068507432938, lr = 0.000125
2025-09-19 11:03:28 INFO     Epoch 1106 [10/32]: loss = 0.112521693110466, lr = 0.000125
2025-09-19 11:03:28 INFO     Epoch 1106 [10/32]: loss = 0.112521693110466, lr = 0.000125
2025-09-19 11:03:28 INFO     Epoch 1106 [10/32]: loss = 0.112521693110466, lr = 0.000125
2025-09-19 11:03:28 INFO     Epoch 1106 [10/32]: loss = 0.112521693110466, lr = 0.000125
2025-09-19 11:03:40 INFO     Epoch 1106 [20/32]: loss = 0.09340383112430573, lr = 0.000125
2025-09-19 11:03:40 INFO     Epoch 1106 [20/32]: loss = 0.09340383112430573, lr = 0.000125
2025-09-19 11:03:40 INFO     Epoch 1106 [20/32]: loss = 0.09340383112430573, lr = 0.000125
2025-09-19 11:03:40 INFO     Epoch 1106 [20/32]: loss = 0.09340383112430573, lr = 0.000125
2025-09-19 11:03:52 INFO     Epoch 1106 [30/32]: loss = 0.14236389100551605, lr = 0.000125
2025-09-19 11:03:52 INFO     Epoch 1106 [30/32]: loss = 0.14236389100551605, lr = 0.000125
2025-09-19 11:03:52 INFO     Epoch 1106 [30/32]: loss = 0.14236389100551605, lr = 0.000125
2025-09-19 11:03:52 INFO     Epoch 1106 [30/32]: loss = 0.14236389100551605, lr = 0.000125
2025-09-19 11:03:55 INFO     Epoch 1107 [0/32]: loss = 0.1107252687215805, lr = 0.000125
2025-09-19 11:03:55 INFO     Epoch 1107 [0/32]: loss = 0.1107252687215805, lr = 0.000125
2025-09-19 11:03:55 INFO     Epoch 1107 [0/32]: loss = 0.1107252687215805, lr = 0.000125
2025-09-19 11:03:55 INFO     Epoch 1107 [0/32]: loss = 0.1107252687215805, lr = 0.000125
2025-09-19 11:04:07 INFO     Epoch 1107 [10/32]: loss = 0.10067784786224365, lr = 0.000125
2025-09-19 11:04:07 INFO     Epoch 1107 [10/32]: loss = 0.10067784786224365, lr = 0.000125
2025-09-19 11:04:07 INFO     Epoch 1107 [10/32]: loss = 0.10067784786224365, lr = 0.000125
2025-09-19 11:04:07 INFO     Epoch 1107 [10/32]: loss = 0.10067784786224365, lr = 0.000125
2025-09-19 11:04:19 INFO     Epoch 1107 [20/32]: loss = 0.10615028440952301, lr = 0.000125
2025-09-19 11:04:19 INFO     Epoch 1107 [20/32]: loss = 0.10615028440952301, lr = 0.000125
2025-09-19 11:04:19 INFO     Epoch 1107 [20/32]: loss = 0.10615028440952301, lr = 0.000125
2025-09-19 11:04:19 INFO     Epoch 1107 [20/32]: loss = 0.10615028440952301, lr = 0.000125
2025-09-19 11:04:31 INFO     Epoch 1107 [30/32]: loss = 0.12396856397390366, lr = 0.000125
2025-09-19 11:04:31 INFO     Epoch 1107 [30/32]: loss = 0.12396856397390366, lr = 0.000125
2025-09-19 11:04:31 INFO     Epoch 1107 [30/32]: loss = 0.12396856397390366, lr = 0.000125
2025-09-19 11:04:31 INFO     Epoch 1107 [30/32]: loss = 0.12396856397390366, lr = 0.000125
2025-09-19 11:04:34 INFO     Epoch 1108 [0/32]: loss = 0.13280171155929565, lr = 0.000125
2025-09-19 11:04:34 INFO     Epoch 1108 [0/32]: loss = 0.13280171155929565, lr = 0.000125
2025-09-19 11:04:34 INFO     Epoch 1108 [0/32]: loss = 0.13280171155929565, lr = 0.000125
2025-09-19 11:04:34 INFO     Epoch 1108 [0/32]: loss = 0.13280171155929565, lr = 0.000125
2025-09-19 11:04:46 INFO     Epoch 1108 [10/32]: loss = 0.11582452058792114, lr = 0.000125
2025-09-19 11:04:46 INFO     Epoch 1108 [10/32]: loss = 0.11582452058792114, lr = 0.000125
2025-09-19 11:04:46 INFO     Epoch 1108 [10/32]: loss = 0.11582452058792114, lr = 0.000125
2025-09-19 11:04:46 INFO     Epoch 1108 [10/32]: loss = 0.11582452058792114, lr = 0.000125
2025-09-19 11:04:58 INFO     Epoch 1108 [20/32]: loss = 0.10160762071609497, lr = 0.000125
2025-09-19 11:04:58 INFO     Epoch 1108 [20/32]: loss = 0.10160762071609497, lr = 0.000125
2025-09-19 11:04:58 INFO     Epoch 1108 [20/32]: loss = 0.10160762071609497, lr = 0.000125
2025-09-19 11:04:58 INFO     Epoch 1108 [20/32]: loss = 0.10160762071609497, lr = 0.000125
2025-09-19 11:05:10 INFO     Epoch 1108 [30/32]: loss = 0.10713842511177063, lr = 0.000125
2025-09-19 11:05:10 INFO     Epoch 1108 [30/32]: loss = 0.10713842511177063, lr = 0.000125
2025-09-19 11:05:10 INFO     Epoch 1108 [30/32]: loss = 0.10713842511177063, lr = 0.000125
2025-09-19 11:05:10 INFO     Epoch 1108 [30/32]: loss = 0.10713842511177063, lr = 0.000125
2025-09-19 11:05:13 INFO     Epoch 1109 [0/32]: loss = 0.14581923186779022, lr = 0.000125
2025-09-19 11:05:13 INFO     Epoch 1109 [0/32]: loss = 0.14581923186779022, lr = 0.000125
2025-09-19 11:05:13 INFO     Epoch 1109 [0/32]: loss = 0.14581923186779022, lr = 0.000125
2025-09-19 11:05:13 INFO     Epoch 1109 [0/32]: loss = 0.14581923186779022, lr = 0.000125
2025-09-19 11:05:25 INFO     Epoch 1109 [10/32]: loss = 0.08770309388637543, lr = 0.000125
2025-09-19 11:05:25 INFO     Epoch 1109 [10/32]: loss = 0.08770309388637543, lr = 0.000125
2025-09-19 11:05:25 INFO     Epoch 1109 [10/32]: loss = 0.08770309388637543, lr = 0.000125
2025-09-19 11:05:25 INFO     Epoch 1109 [10/32]: loss = 0.08770309388637543, lr = 0.000125
2025-09-19 11:05:37 INFO     Epoch 1109 [20/32]: loss = 0.1109713464975357, lr = 0.000125
2025-09-19 11:05:37 INFO     Epoch 1109 [20/32]: loss = 0.1109713464975357, lr = 0.000125
2025-09-19 11:05:37 INFO     Epoch 1109 [20/32]: loss = 0.1109713464975357, lr = 0.000125
2025-09-19 11:05:37 INFO     Epoch 1109 [20/32]: loss = 0.1109713464975357, lr = 0.000125
2025-09-19 11:05:49 INFO     Epoch 1109 [30/32]: loss = 0.12058849632740021, lr = 0.000125
2025-09-19 11:05:49 INFO     Epoch 1109 [30/32]: loss = 0.12058849632740021, lr = 0.000125
2025-09-19 11:05:49 INFO     Epoch 1109 [30/32]: loss = 0.12058849632740021, lr = 0.000125
2025-09-19 11:05:49 INFO     Epoch 1109 [30/32]: loss = 0.12058849632740021, lr = 0.000125
2025-09-19 11:05:52 INFO     Epoch 1110 [0/32]: loss = 0.1234341412782669, lr = 0.000125
2025-09-19 11:05:52 INFO     Epoch 1110 [0/32]: loss = 0.1234341412782669, lr = 0.000125
2025-09-19 11:05:52 INFO     Epoch 1110 [0/32]: loss = 0.1234341412782669, lr = 0.000125
2025-09-19 11:05:52 INFO     Epoch 1110 [0/32]: loss = 0.1234341412782669, lr = 0.000125
2025-09-19 11:06:03 INFO     Epoch 1110 [10/32]: loss = 0.11539596319198608, lr = 0.000125
2025-09-19 11:06:03 INFO     Epoch 1110 [10/32]: loss = 0.11539596319198608, lr = 0.000125
2025-09-19 11:06:03 INFO     Epoch 1110 [10/32]: loss = 0.11539596319198608, lr = 0.000125
2025-09-19 11:06:03 INFO     Epoch 1110 [10/32]: loss = 0.11539596319198608, lr = 0.000125
2025-09-19 11:06:15 INFO     Epoch 1110 [20/32]: loss = 0.1163509339094162, lr = 0.000125
2025-09-19 11:06:15 INFO     Epoch 1110 [20/32]: loss = 0.1163509339094162, lr = 0.000125
2025-09-19 11:06:15 INFO     Epoch 1110 [20/32]: loss = 0.1163509339094162, lr = 0.000125
2025-09-19 11:06:15 INFO     Epoch 1110 [20/32]: loss = 0.1163509339094162, lr = 0.000125
2025-09-19 11:06:27 INFO     Epoch 1110 [30/32]: loss = 0.10226249694824219, lr = 0.000125
2025-09-19 11:06:27 INFO     Epoch 1110 [30/32]: loss = 0.10226249694824219, lr = 0.000125
2025-09-19 11:06:27 INFO     Epoch 1110 [30/32]: loss = 0.10226249694824219, lr = 0.000125
2025-09-19 11:06:27 INFO     Epoch 1110 [30/32]: loss = 0.10226249694824219, lr = 0.000125
2025-09-19 11:06:30 INFO     Epoch 1111 [0/32]: loss = 0.11206276714801788, lr = 0.000125
2025-09-19 11:06:30 INFO     Epoch 1111 [0/32]: loss = 0.11206276714801788, lr = 0.000125
2025-09-19 11:06:30 INFO     Epoch 1111 [0/32]: loss = 0.11206276714801788, lr = 0.000125
2025-09-19 11:06:30 INFO     Epoch 1111 [0/32]: loss = 0.11206276714801788, lr = 0.000125
2025-09-19 11:06:42 INFO     Epoch 1111 [10/32]: loss = 0.10304784774780273, lr = 0.000125
2025-09-19 11:06:42 INFO     Epoch 1111 [10/32]: loss = 0.10304784774780273, lr = 0.000125
2025-09-19 11:06:42 INFO     Epoch 1111 [10/32]: loss = 0.10304784774780273, lr = 0.000125
2025-09-19 11:06:42 INFO     Epoch 1111 [10/32]: loss = 0.10304784774780273, lr = 0.000125
2025-09-19 11:06:54 INFO     Epoch 1111 [20/32]: loss = 0.11729316413402557, lr = 0.000125
2025-09-19 11:06:54 INFO     Epoch 1111 [20/32]: loss = 0.11729316413402557, lr = 0.000125
2025-09-19 11:06:54 INFO     Epoch 1111 [20/32]: loss = 0.11729316413402557, lr = 0.000125
2025-09-19 11:06:54 INFO     Epoch 1111 [20/32]: loss = 0.11729316413402557, lr = 0.000125
2025-09-19 11:07:06 INFO     Epoch 1111 [30/32]: loss = 0.11652074754238129, lr = 0.000125
2025-09-19 11:07:06 INFO     Epoch 1111 [30/32]: loss = 0.11652074754238129, lr = 0.000125
2025-09-19 11:07:06 INFO     Epoch 1111 [30/32]: loss = 0.11652074754238129, lr = 0.000125
2025-09-19 11:07:06 INFO     Epoch 1111 [30/32]: loss = 0.11652074754238129, lr = 0.000125
2025-09-19 11:07:09 INFO     Epoch 1112 [0/32]: loss = 0.1193193793296814, lr = 0.000125
2025-09-19 11:07:09 INFO     Epoch 1112 [0/32]: loss = 0.1193193793296814, lr = 0.000125
2025-09-19 11:07:09 INFO     Epoch 1112 [0/32]: loss = 0.1193193793296814, lr = 0.000125
2025-09-19 11:07:09 INFO     Epoch 1112 [0/32]: loss = 0.1193193793296814, lr = 0.000125
2025-09-19 11:07:21 INFO     Epoch 1112 [10/32]: loss = 0.11403575539588928, lr = 0.000125
2025-09-19 11:07:21 INFO     Epoch 1112 [10/32]: loss = 0.11403575539588928, lr = 0.000125
2025-09-19 11:07:21 INFO     Epoch 1112 [10/32]: loss = 0.11403575539588928, lr = 0.000125
2025-09-19 11:07:21 INFO     Epoch 1112 [10/32]: loss = 0.11403575539588928, lr = 0.000125
2025-09-19 11:07:33 INFO     Epoch 1112 [20/32]: loss = 0.11220807582139969, lr = 0.000125
2025-09-19 11:07:33 INFO     Epoch 1112 [20/32]: loss = 0.11220807582139969, lr = 0.000125
2025-09-19 11:07:33 INFO     Epoch 1112 [20/32]: loss = 0.11220807582139969, lr = 0.000125
2025-09-19 11:07:33 INFO     Epoch 1112 [20/32]: loss = 0.11220807582139969, lr = 0.000125
2025-09-19 11:07:45 INFO     Epoch 1112 [30/32]: loss = 0.08558973670005798, lr = 0.000125
2025-09-19 11:07:45 INFO     Epoch 1112 [30/32]: loss = 0.08558973670005798, lr = 0.000125
2025-09-19 11:07:45 INFO     Epoch 1112 [30/32]: loss = 0.08558973670005798, lr = 0.000125
2025-09-19 11:07:45 INFO     Epoch 1112 [30/32]: loss = 0.08558973670005798, lr = 0.000125
2025-09-19 11:07:48 INFO     Epoch 1113 [0/32]: loss = 0.13452991843223572, lr = 0.000125
2025-09-19 11:07:48 INFO     Epoch 1113 [0/32]: loss = 0.13452991843223572, lr = 0.000125
2025-09-19 11:07:48 INFO     Epoch 1113 [0/32]: loss = 0.13452991843223572, lr = 0.000125
2025-09-19 11:07:48 INFO     Epoch 1113 [0/32]: loss = 0.13452991843223572, lr = 0.000125
2025-09-19 11:08:00 INFO     Epoch 1113 [10/32]: loss = 0.08613505214452744, lr = 0.000125
2025-09-19 11:08:00 INFO     Epoch 1113 [10/32]: loss = 0.08613505214452744, lr = 0.000125
2025-09-19 11:08:00 INFO     Epoch 1113 [10/32]: loss = 0.08613505214452744, lr = 0.000125
2025-09-19 11:08:00 INFO     Epoch 1113 [10/32]: loss = 0.08613505214452744, lr = 0.000125
2025-09-19 11:08:11 INFO     Epoch 1113 [20/32]: loss = 0.10650563985109329, lr = 0.000125
2025-09-19 11:08:11 INFO     Epoch 1113 [20/32]: loss = 0.10650563985109329, lr = 0.000125
2025-09-19 11:08:11 INFO     Epoch 1113 [20/32]: loss = 0.10650563985109329, lr = 0.000125
2025-09-19 11:08:11 INFO     Epoch 1113 [20/32]: loss = 0.10650563985109329, lr = 0.000125
2025-09-19 11:08:23 INFO     Epoch 1113 [30/32]: loss = 0.11745830625295639, lr = 0.000125
2025-09-19 11:08:23 INFO     Epoch 1113 [30/32]: loss = 0.11745830625295639, lr = 0.000125
2025-09-19 11:08:23 INFO     Epoch 1113 [30/32]: loss = 0.11745830625295639, lr = 0.000125
2025-09-19 11:08:23 INFO     Epoch 1113 [30/32]: loss = 0.11745830625295639, lr = 0.000125
2025-09-19 11:08:26 INFO     Epoch 1114 [0/32]: loss = 0.10816546529531479, lr = 0.000125
2025-09-19 11:08:26 INFO     Epoch 1114 [0/32]: loss = 0.10816546529531479, lr = 0.000125
2025-09-19 11:08:26 INFO     Epoch 1114 [0/32]: loss = 0.10816546529531479, lr = 0.000125
2025-09-19 11:08:26 INFO     Epoch 1114 [0/32]: loss = 0.10816546529531479, lr = 0.000125
2025-09-19 11:08:38 INFO     Epoch 1114 [10/32]: loss = 0.10635052621364594, lr = 0.000125
2025-09-19 11:08:38 INFO     Epoch 1114 [10/32]: loss = 0.10635052621364594, lr = 0.000125
2025-09-19 11:08:38 INFO     Epoch 1114 [10/32]: loss = 0.10635052621364594, lr = 0.000125
2025-09-19 11:08:38 INFO     Epoch 1114 [10/32]: loss = 0.10635052621364594, lr = 0.000125
2025-09-19 11:08:50 INFO     Epoch 1114 [20/32]: loss = 0.08756333589553833, lr = 0.000125
2025-09-19 11:08:50 INFO     Epoch 1114 [20/32]: loss = 0.08756333589553833, lr = 0.000125
2025-09-19 11:08:50 INFO     Epoch 1114 [20/32]: loss = 0.08756333589553833, lr = 0.000125
2025-09-19 11:08:50 INFO     Epoch 1114 [20/32]: loss = 0.08756333589553833, lr = 0.000125
2025-09-19 11:09:02 INFO     Epoch 1114 [30/32]: loss = 0.0831131711602211, lr = 0.000125
2025-09-19 11:09:02 INFO     Epoch 1114 [30/32]: loss = 0.0831131711602211, lr = 0.000125
2025-09-19 11:09:02 INFO     Epoch 1114 [30/32]: loss = 0.0831131711602211, lr = 0.000125
2025-09-19 11:09:02 INFO     Epoch 1114 [30/32]: loss = 0.0831131711602211, lr = 0.000125
2025-09-19 11:09:05 INFO     Epoch 1115 [0/32]: loss = 0.10299122333526611, lr = 0.000125
2025-09-19 11:09:05 INFO     Epoch 1115 [0/32]: loss = 0.10299122333526611, lr = 0.000125
2025-09-19 11:09:05 INFO     Epoch 1115 [0/32]: loss = 0.10299122333526611, lr = 0.000125
2025-09-19 11:09:05 INFO     Epoch 1115 [0/32]: loss = 0.10299122333526611, lr = 0.000125
2025-09-19 11:09:16 INFO     Epoch 1115 [10/32]: loss = 0.12878304719924927, lr = 0.000125
2025-09-19 11:09:16 INFO     Epoch 1115 [10/32]: loss = 0.12878304719924927, lr = 0.000125
2025-09-19 11:09:16 INFO     Epoch 1115 [10/32]: loss = 0.12878304719924927, lr = 0.000125
2025-09-19 11:09:16 INFO     Epoch 1115 [10/32]: loss = 0.12878304719924927, lr = 0.000125
2025-09-19 11:09:28 INFO     Epoch 1115 [20/32]: loss = 0.09270846098661423, lr = 0.000125
2025-09-19 11:09:28 INFO     Epoch 1115 [20/32]: loss = 0.09270846098661423, lr = 0.000125
2025-09-19 11:09:28 INFO     Epoch 1115 [20/32]: loss = 0.09270846098661423, lr = 0.000125
2025-09-19 11:09:28 INFO     Epoch 1115 [20/32]: loss = 0.09270846098661423, lr = 0.000125
2025-09-19 11:09:40 INFO     Epoch 1115 [30/32]: loss = 0.1354174017906189, lr = 0.000125
2025-09-19 11:09:40 INFO     Epoch 1115 [30/32]: loss = 0.1354174017906189, lr = 0.000125
2025-09-19 11:09:40 INFO     Epoch 1115 [30/32]: loss = 0.1354174017906189, lr = 0.000125
2025-09-19 11:09:40 INFO     Epoch 1115 [30/32]: loss = 0.1354174017906189, lr = 0.000125
2025-09-19 11:09:43 INFO     Epoch 1116 [0/32]: loss = 0.10767309367656708, lr = 0.000125
2025-09-19 11:09:43 INFO     Epoch 1116 [0/32]: loss = 0.10767309367656708, lr = 0.000125
2025-09-19 11:09:43 INFO     Epoch 1116 [0/32]: loss = 0.10767309367656708, lr = 0.000125
2025-09-19 11:09:43 INFO     Epoch 1116 [0/32]: loss = 0.10767309367656708, lr = 0.000125
2025-09-19 11:09:55 INFO     Epoch 1116 [10/32]: loss = 0.08706323802471161, lr = 0.000125
2025-09-19 11:09:55 INFO     Epoch 1116 [10/32]: loss = 0.08706323802471161, lr = 0.000125
2025-09-19 11:09:55 INFO     Epoch 1116 [10/32]: loss = 0.08706323802471161, lr = 0.000125
2025-09-19 11:09:55 INFO     Epoch 1116 [10/32]: loss = 0.08706323802471161, lr = 0.000125
2025-09-19 11:10:07 INFO     Epoch 1116 [20/32]: loss = 0.12150838226079941, lr = 0.000125
2025-09-19 11:10:07 INFO     Epoch 1116 [20/32]: loss = 0.12150838226079941, lr = 0.000125
2025-09-19 11:10:07 INFO     Epoch 1116 [20/32]: loss = 0.12150838226079941, lr = 0.000125
2025-09-19 11:10:07 INFO     Epoch 1116 [20/32]: loss = 0.12150838226079941, lr = 0.000125
2025-09-19 11:10:19 INFO     Epoch 1116 [30/32]: loss = 0.11510053277015686, lr = 0.000125
2025-09-19 11:10:19 INFO     Epoch 1116 [30/32]: loss = 0.11510053277015686, lr = 0.000125
2025-09-19 11:10:19 INFO     Epoch 1116 [30/32]: loss = 0.11510053277015686, lr = 0.000125
2025-09-19 11:10:19 INFO     Epoch 1116 [30/32]: loss = 0.11510053277015686, lr = 0.000125
2025-09-19 11:10:22 INFO     Epoch 1117 [0/32]: loss = 0.13993969559669495, lr = 0.000125
2025-09-19 11:10:22 INFO     Epoch 1117 [0/32]: loss = 0.13993969559669495, lr = 0.000125
2025-09-19 11:10:22 INFO     Epoch 1117 [0/32]: loss = 0.13993969559669495, lr = 0.000125
2025-09-19 11:10:22 INFO     Epoch 1117 [0/32]: loss = 0.13993969559669495, lr = 0.000125
2025-09-19 11:10:34 INFO     Epoch 1117 [10/32]: loss = 0.10112491250038147, lr = 0.000125
2025-09-19 11:10:34 INFO     Epoch 1117 [10/32]: loss = 0.10112491250038147, lr = 0.000125
2025-09-19 11:10:34 INFO     Epoch 1117 [10/32]: loss = 0.10112491250038147, lr = 0.000125
2025-09-19 11:10:34 INFO     Epoch 1117 [10/32]: loss = 0.10112491250038147, lr = 0.000125
2025-09-19 11:10:46 INFO     Epoch 1117 [20/32]: loss = 0.0839061588048935, lr = 0.000125
2025-09-19 11:10:46 INFO     Epoch 1117 [20/32]: loss = 0.0839061588048935, lr = 0.000125
2025-09-19 11:10:46 INFO     Epoch 1117 [20/32]: loss = 0.0839061588048935, lr = 0.000125
2025-09-19 11:10:46 INFO     Epoch 1117 [20/32]: loss = 0.0839061588048935, lr = 0.000125
2025-09-19 11:10:58 INFO     Epoch 1117 [30/32]: loss = 0.13047705590724945, lr = 0.000125
2025-09-19 11:10:58 INFO     Epoch 1117 [30/32]: loss = 0.13047705590724945, lr = 0.000125
2025-09-19 11:10:58 INFO     Epoch 1117 [30/32]: loss = 0.13047705590724945, lr = 0.000125
2025-09-19 11:10:58 INFO     Epoch 1117 [30/32]: loss = 0.13047705590724945, lr = 0.000125
2025-09-19 11:11:01 INFO     Epoch 1118 [0/32]: loss = 0.11288928985595703, lr = 0.000125
2025-09-19 11:11:01 INFO     Epoch 1118 [0/32]: loss = 0.11288928985595703, lr = 0.000125
2025-09-19 11:11:01 INFO     Epoch 1118 [0/32]: loss = 0.11288928985595703, lr = 0.000125
2025-09-19 11:11:01 INFO     Epoch 1118 [0/32]: loss = 0.11288928985595703, lr = 0.000125
2025-09-19 11:11:13 INFO     Epoch 1118 [10/32]: loss = 0.11193390935659409, lr = 0.000125
2025-09-19 11:11:13 INFO     Epoch 1118 [10/32]: loss = 0.11193390935659409, lr = 0.000125
2025-09-19 11:11:13 INFO     Epoch 1118 [10/32]: loss = 0.11193390935659409, lr = 0.000125
2025-09-19 11:11:13 INFO     Epoch 1118 [10/32]: loss = 0.11193390935659409, lr = 0.000125
2025-09-19 11:11:25 INFO     Epoch 1118 [20/32]: loss = 0.11176521331071854, lr = 0.000125
2025-09-19 11:11:25 INFO     Epoch 1118 [20/32]: loss = 0.11176521331071854, lr = 0.000125
2025-09-19 11:11:25 INFO     Epoch 1118 [20/32]: loss = 0.11176521331071854, lr = 0.000125
2025-09-19 11:11:25 INFO     Epoch 1118 [20/32]: loss = 0.11176521331071854, lr = 0.000125
2025-09-19 11:11:36 INFO     Epoch 1118 [30/32]: loss = 0.07194899022579193, lr = 0.000125
2025-09-19 11:11:36 INFO     Epoch 1118 [30/32]: loss = 0.07194899022579193, lr = 0.000125
2025-09-19 11:11:36 INFO     Epoch 1118 [30/32]: loss = 0.07194899022579193, lr = 0.000125
2025-09-19 11:11:36 INFO     Epoch 1118 [30/32]: loss = 0.07194899022579193, lr = 0.000125
2025-09-19 11:11:39 INFO     Epoch 1119 [0/32]: loss = 0.0724819004535675, lr = 0.000125
2025-09-19 11:11:39 INFO     Epoch 1119 [0/32]: loss = 0.0724819004535675, lr = 0.000125
2025-09-19 11:11:39 INFO     Epoch 1119 [0/32]: loss = 0.0724819004535675, lr = 0.000125
2025-09-19 11:11:39 INFO     Epoch 1119 [0/32]: loss = 0.0724819004535675, lr = 0.000125
2025-09-19 11:11:51 INFO     Epoch 1119 [10/32]: loss = 0.10297348350286484, lr = 0.000125
2025-09-19 11:11:51 INFO     Epoch 1119 [10/32]: loss = 0.10297348350286484, lr = 0.000125
2025-09-19 11:11:51 INFO     Epoch 1119 [10/32]: loss = 0.10297348350286484, lr = 0.000125
2025-09-19 11:11:51 INFO     Epoch 1119 [10/32]: loss = 0.10297348350286484, lr = 0.000125
2025-09-19 11:12:03 INFO     Epoch 1119 [20/32]: loss = 0.0932927206158638, lr = 0.000125
2025-09-19 11:12:03 INFO     Epoch 1119 [20/32]: loss = 0.0932927206158638, lr = 0.000125
2025-09-19 11:12:03 INFO     Epoch 1119 [20/32]: loss = 0.0932927206158638, lr = 0.000125
2025-09-19 11:12:03 INFO     Epoch 1119 [20/32]: loss = 0.0932927206158638, lr = 0.000125
2025-09-19 11:12:15 INFO     Epoch 1119 [30/32]: loss = 0.08893553912639618, lr = 0.000125
2025-09-19 11:12:15 INFO     Epoch 1119 [30/32]: loss = 0.08893553912639618, lr = 0.000125
2025-09-19 11:12:15 INFO     Epoch 1119 [30/32]: loss = 0.08893553912639618, lr = 0.000125
2025-09-19 11:12:15 INFO     Epoch 1119 [30/32]: loss = 0.08893553912639618, lr = 0.000125
2025-09-19 11:12:18 INFO     Epoch 1120 [0/32]: loss = 0.1223219782114029, lr = 0.000125
2025-09-19 11:12:18 INFO     Epoch 1120 [0/32]: loss = 0.1223219782114029, lr = 0.000125
2025-09-19 11:12:18 INFO     Epoch 1120 [0/32]: loss = 0.1223219782114029, lr = 0.000125
2025-09-19 11:12:18 INFO     Epoch 1120 [0/32]: loss = 0.1223219782114029, lr = 0.000125
2025-09-19 11:12:30 INFO     Epoch 1120 [10/32]: loss = 0.0842064619064331, lr = 0.000125
2025-09-19 11:12:30 INFO     Epoch 1120 [10/32]: loss = 0.0842064619064331, lr = 0.000125
2025-09-19 11:12:30 INFO     Epoch 1120 [10/32]: loss = 0.0842064619064331, lr = 0.000125
2025-09-19 11:12:30 INFO     Epoch 1120 [10/32]: loss = 0.0842064619064331, lr = 0.000125
2025-09-19 11:12:42 INFO     Epoch 1120 [20/32]: loss = 0.1112285628914833, lr = 0.000125
2025-09-19 11:12:42 INFO     Epoch 1120 [20/32]: loss = 0.1112285628914833, lr = 0.000125
2025-09-19 11:12:42 INFO     Epoch 1120 [20/32]: loss = 0.1112285628914833, lr = 0.000125
2025-09-19 11:12:42 INFO     Epoch 1120 [20/32]: loss = 0.1112285628914833, lr = 0.000125
2025-09-19 11:12:54 INFO     Epoch 1120 [30/32]: loss = 0.11312725394964218, lr = 0.000125
2025-09-19 11:12:54 INFO     Epoch 1120 [30/32]: loss = 0.11312725394964218, lr = 0.000125
2025-09-19 11:12:54 INFO     Epoch 1120 [30/32]: loss = 0.11312725394964218, lr = 0.000125
2025-09-19 11:12:54 INFO     Epoch 1120 [30/32]: loss = 0.11312725394964218, lr = 0.000125
2025-09-19 11:12:57 INFO     Epoch 1121 [0/32]: loss = 0.1028338298201561, lr = 0.000125
2025-09-19 11:12:57 INFO     Epoch 1121 [0/32]: loss = 0.1028338298201561, lr = 0.000125
2025-09-19 11:12:57 INFO     Epoch 1121 [0/32]: loss = 0.1028338298201561, lr = 0.000125
2025-09-19 11:12:57 INFO     Epoch 1121 [0/32]: loss = 0.1028338298201561, lr = 0.000125
2025-09-19 11:13:09 INFO     Epoch 1121 [10/32]: loss = 0.10498544573783875, lr = 0.000125
2025-09-19 11:13:09 INFO     Epoch 1121 [10/32]: loss = 0.10498544573783875, lr = 0.000125
2025-09-19 11:13:09 INFO     Epoch 1121 [10/32]: loss = 0.10498544573783875, lr = 0.000125
2025-09-19 11:13:09 INFO     Epoch 1121 [10/32]: loss = 0.10498544573783875, lr = 0.000125
2025-09-19 11:13:20 INFO     Epoch 1121 [20/32]: loss = 0.09819678962230682, lr = 0.000125
2025-09-19 11:13:20 INFO     Epoch 1121 [20/32]: loss = 0.09819678962230682, lr = 0.000125
2025-09-19 11:13:20 INFO     Epoch 1121 [20/32]: loss = 0.09819678962230682, lr = 0.000125
2025-09-19 11:13:20 INFO     Epoch 1121 [20/32]: loss = 0.09819678962230682, lr = 0.000125
2025-09-19 11:13:32 INFO     Epoch 1121 [30/32]: loss = 0.09913364052772522, lr = 0.000125
2025-09-19 11:13:32 INFO     Epoch 1121 [30/32]: loss = 0.09913364052772522, lr = 0.000125
2025-09-19 11:13:32 INFO     Epoch 1121 [30/32]: loss = 0.09913364052772522, lr = 0.000125
2025-09-19 11:13:32 INFO     Epoch 1121 [30/32]: loss = 0.09913364052772522, lr = 0.000125
2025-09-19 11:13:35 INFO     Epoch 1122 [0/32]: loss = 0.07956237345933914, lr = 0.000125
2025-09-19 11:13:35 INFO     Epoch 1122 [0/32]: loss = 0.07956237345933914, lr = 0.000125
2025-09-19 11:13:35 INFO     Epoch 1122 [0/32]: loss = 0.07956237345933914, lr = 0.000125
2025-09-19 11:13:35 INFO     Epoch 1122 [0/32]: loss = 0.07956237345933914, lr = 0.000125
2025-09-19 11:13:47 INFO     Epoch 1122 [10/32]: loss = 0.08180756866931915, lr = 0.000125
2025-09-19 11:13:47 INFO     Epoch 1122 [10/32]: loss = 0.08180756866931915, lr = 0.000125
2025-09-19 11:13:47 INFO     Epoch 1122 [10/32]: loss = 0.08180756866931915, lr = 0.000125
2025-09-19 11:13:47 INFO     Epoch 1122 [10/32]: loss = 0.08180756866931915, lr = 0.000125
2025-09-19 11:13:59 INFO     Epoch 1122 [20/32]: loss = 0.07925159484148026, lr = 0.000125
2025-09-19 11:13:59 INFO     Epoch 1122 [20/32]: loss = 0.07925159484148026, lr = 0.000125
2025-09-19 11:13:59 INFO     Epoch 1122 [20/32]: loss = 0.07925159484148026, lr = 0.000125
2025-09-19 11:13:59 INFO     Epoch 1122 [20/32]: loss = 0.07925159484148026, lr = 0.000125
2025-09-19 11:14:11 INFO     Epoch 1122 [30/32]: loss = 0.10122509300708771, lr = 0.000125
2025-09-19 11:14:11 INFO     Epoch 1122 [30/32]: loss = 0.10122509300708771, lr = 0.000125
2025-09-19 11:14:11 INFO     Epoch 1122 [30/32]: loss = 0.10122509300708771, lr = 0.000125
2025-09-19 11:14:11 INFO     Epoch 1122 [30/32]: loss = 0.10122509300708771, lr = 0.000125
2025-09-19 11:14:14 INFO     Epoch 1123 [0/32]: loss = 0.08968526124954224, lr = 0.000125
2025-09-19 11:14:14 INFO     Epoch 1123 [0/32]: loss = 0.08968526124954224, lr = 0.000125
2025-09-19 11:14:14 INFO     Epoch 1123 [0/32]: loss = 0.08968526124954224, lr = 0.000125
2025-09-19 11:14:14 INFO     Epoch 1123 [0/32]: loss = 0.08968526124954224, lr = 0.000125
2025-09-19 11:14:26 INFO     Epoch 1123 [10/32]: loss = 0.10466112196445465, lr = 0.000125
2025-09-19 11:14:26 INFO     Epoch 1123 [10/32]: loss = 0.10466112196445465, lr = 0.000125
2025-09-19 11:14:26 INFO     Epoch 1123 [10/32]: loss = 0.10466112196445465, lr = 0.000125
2025-09-19 11:14:26 INFO     Epoch 1123 [10/32]: loss = 0.10466112196445465, lr = 0.000125
2025-09-19 11:14:38 INFO     Epoch 1123 [20/32]: loss = 0.06932270526885986, lr = 0.000125
2025-09-19 11:14:38 INFO     Epoch 1123 [20/32]: loss = 0.06932270526885986, lr = 0.000125
2025-09-19 11:14:38 INFO     Epoch 1123 [20/32]: loss = 0.06932270526885986, lr = 0.000125
2025-09-19 11:14:38 INFO     Epoch 1123 [20/32]: loss = 0.06932270526885986, lr = 0.000125
2025-09-19 11:14:50 INFO     Epoch 1123 [30/32]: loss = 0.12923049926757812, lr = 0.000125
2025-09-19 11:14:50 INFO     Epoch 1123 [30/32]: loss = 0.12923049926757812, lr = 0.000125
2025-09-19 11:14:50 INFO     Epoch 1123 [30/32]: loss = 0.12923049926757812, lr = 0.000125
2025-09-19 11:14:50 INFO     Epoch 1123 [30/32]: loss = 0.12923049926757812, lr = 0.000125
2025-09-19 11:14:53 INFO     Epoch 1124 [0/32]: loss = 0.07340531051158905, lr = 0.000125
2025-09-19 11:14:53 INFO     Epoch 1124 [0/32]: loss = 0.07340531051158905, lr = 0.000125
2025-09-19 11:14:53 INFO     Epoch 1124 [0/32]: loss = 0.07340531051158905, lr = 0.000125
2025-09-19 11:14:53 INFO     Epoch 1124 [0/32]: loss = 0.07340531051158905, lr = 0.000125
2025-09-19 11:15:05 INFO     Epoch 1124 [10/32]: loss = 0.11580108106136322, lr = 0.000125
2025-09-19 11:15:05 INFO     Epoch 1124 [10/32]: loss = 0.11580108106136322, lr = 0.000125
2025-09-19 11:15:05 INFO     Epoch 1124 [10/32]: loss = 0.11580108106136322, lr = 0.000125
2025-09-19 11:15:05 INFO     Epoch 1124 [10/32]: loss = 0.11580108106136322, lr = 0.000125
2025-09-19 11:15:16 INFO     Epoch 1124 [20/32]: loss = 0.09976591169834137, lr = 0.000125
2025-09-19 11:15:16 INFO     Epoch 1124 [20/32]: loss = 0.09976591169834137, lr = 0.000125
2025-09-19 11:15:16 INFO     Epoch 1124 [20/32]: loss = 0.09976591169834137, lr = 0.000125
2025-09-19 11:15:16 INFO     Epoch 1124 [20/32]: loss = 0.09976591169834137, lr = 0.000125
2025-09-19 11:15:28 INFO     Epoch 1124 [30/32]: loss = 0.09103599190711975, lr = 0.000125
2025-09-19 11:15:28 INFO     Epoch 1124 [30/32]: loss = 0.09103599190711975, lr = 0.000125
2025-09-19 11:15:28 INFO     Epoch 1124 [30/32]: loss = 0.09103599190711975, lr = 0.000125
2025-09-19 11:15:28 INFO     Epoch 1124 [30/32]: loss = 0.09103599190711975, lr = 0.000125
2025-09-19 11:15:32 INFO     Epoch 1125 [0/32]: loss = 0.09678604453802109, lr = 0.000125
2025-09-19 11:15:32 INFO     Epoch 1125 [0/32]: loss = 0.09678604453802109, lr = 0.000125
2025-09-19 11:15:32 INFO     Epoch 1125 [0/32]: loss = 0.09678604453802109, lr = 0.000125
2025-09-19 11:15:32 INFO     Epoch 1125 [0/32]: loss = 0.09678604453802109, lr = 0.000125
2025-09-19 11:15:43 INFO     Epoch 1125 [10/32]: loss = 0.10729324817657471, lr = 0.000125
2025-09-19 11:15:43 INFO     Epoch 1125 [10/32]: loss = 0.10729324817657471, lr = 0.000125
2025-09-19 11:15:43 INFO     Epoch 1125 [10/32]: loss = 0.10729324817657471, lr = 0.000125
2025-09-19 11:15:43 INFO     Epoch 1125 [10/32]: loss = 0.10729324817657471, lr = 0.000125
2025-09-19 11:15:55 INFO     Epoch 1125 [20/32]: loss = 0.0890260562300682, lr = 0.000125
2025-09-19 11:15:55 INFO     Epoch 1125 [20/32]: loss = 0.0890260562300682, lr = 0.000125
2025-09-19 11:15:55 INFO     Epoch 1125 [20/32]: loss = 0.0890260562300682, lr = 0.000125
2025-09-19 11:15:55 INFO     Epoch 1125 [20/32]: loss = 0.0890260562300682, lr = 0.000125
2025-09-19 11:16:07 INFO     Epoch 1125 [30/32]: loss = 0.08343805372714996, lr = 0.000125
2025-09-19 11:16:07 INFO     Epoch 1125 [30/32]: loss = 0.08343805372714996, lr = 0.000125
2025-09-19 11:16:07 INFO     Epoch 1125 [30/32]: loss = 0.08343805372714996, lr = 0.000125
2025-09-19 11:16:07 INFO     Epoch 1125 [30/32]: loss = 0.08343805372714996, lr = 0.000125
2025-09-19 11:16:10 INFO     Epoch 1126 [0/32]: loss = 0.08085182309150696, lr = 0.000125
2025-09-19 11:16:10 INFO     Epoch 1126 [0/32]: loss = 0.08085182309150696, lr = 0.000125
2025-09-19 11:16:10 INFO     Epoch 1126 [0/32]: loss = 0.08085182309150696, lr = 0.000125
2025-09-19 11:16:10 INFO     Epoch 1126 [0/32]: loss = 0.08085182309150696, lr = 0.000125
2025-09-19 11:16:22 INFO     Epoch 1126 [10/32]: loss = 0.11071722954511642, lr = 0.000125
2025-09-19 11:16:22 INFO     Epoch 1126 [10/32]: loss = 0.11071722954511642, lr = 0.000125
2025-09-19 11:16:22 INFO     Epoch 1126 [10/32]: loss = 0.11071722954511642, lr = 0.000125
2025-09-19 11:16:22 INFO     Epoch 1126 [10/32]: loss = 0.11071722954511642, lr = 0.000125
2025-09-19 11:16:34 INFO     Epoch 1126 [20/32]: loss = 0.0881890207529068, lr = 0.000125
2025-09-19 11:16:34 INFO     Epoch 1126 [20/32]: loss = 0.0881890207529068, lr = 0.000125
2025-09-19 11:16:34 INFO     Epoch 1126 [20/32]: loss = 0.0881890207529068, lr = 0.000125
2025-09-19 11:16:34 INFO     Epoch 1126 [20/32]: loss = 0.0881890207529068, lr = 0.000125
2025-09-19 11:16:46 INFO     Epoch 1126 [30/32]: loss = 0.09586945176124573, lr = 0.000125
2025-09-19 11:16:46 INFO     Epoch 1126 [30/32]: loss = 0.09586945176124573, lr = 0.000125
2025-09-19 11:16:46 INFO     Epoch 1126 [30/32]: loss = 0.09586945176124573, lr = 0.000125
2025-09-19 11:16:46 INFO     Epoch 1126 [30/32]: loss = 0.09586945176124573, lr = 0.000125
2025-09-19 11:16:49 INFO     Epoch 1127 [0/32]: loss = 0.07171523571014404, lr = 0.000125
2025-09-19 11:16:49 INFO     Epoch 1127 [0/32]: loss = 0.07171523571014404, lr = 0.000125
2025-09-19 11:16:49 INFO     Epoch 1127 [0/32]: loss = 0.07171523571014404, lr = 0.000125
2025-09-19 11:16:49 INFO     Epoch 1127 [0/32]: loss = 0.07171523571014404, lr = 0.000125
2025-09-19 11:17:01 INFO     Epoch 1127 [10/32]: loss = 0.07056306302547455, lr = 0.000125
2025-09-19 11:17:01 INFO     Epoch 1127 [10/32]: loss = 0.07056306302547455, lr = 0.000125
2025-09-19 11:17:01 INFO     Epoch 1127 [10/32]: loss = 0.07056306302547455, lr = 0.000125
2025-09-19 11:17:01 INFO     Epoch 1127 [10/32]: loss = 0.07056306302547455, lr = 0.000125
2025-09-19 11:17:12 INFO     Epoch 1127 [20/32]: loss = 0.0982552319765091, lr = 0.000125
2025-09-19 11:17:12 INFO     Epoch 1127 [20/32]: loss = 0.0982552319765091, lr = 0.000125
2025-09-19 11:17:12 INFO     Epoch 1127 [20/32]: loss = 0.0982552319765091, lr = 0.000125
2025-09-19 11:17:12 INFO     Epoch 1127 [20/32]: loss = 0.0982552319765091, lr = 0.000125
2025-09-19 11:17:24 INFO     Epoch 1127 [30/32]: loss = 0.09439192712306976, lr = 0.000125
2025-09-19 11:17:24 INFO     Epoch 1127 [30/32]: loss = 0.09439192712306976, lr = 0.000125
2025-09-19 11:17:24 INFO     Epoch 1127 [30/32]: loss = 0.09439192712306976, lr = 0.000125
2025-09-19 11:17:24 INFO     Epoch 1127 [30/32]: loss = 0.09439192712306976, lr = 0.000125
2025-09-19 11:17:27 INFO     Epoch 1128 [0/32]: loss = 0.08991996943950653, lr = 0.000125
2025-09-19 11:17:27 INFO     Epoch 1128 [0/32]: loss = 0.08991996943950653, lr = 0.000125
2025-09-19 11:17:27 INFO     Epoch 1128 [0/32]: loss = 0.08991996943950653, lr = 0.000125
2025-09-19 11:17:27 INFO     Epoch 1128 [0/32]: loss = 0.08991996943950653, lr = 0.000125
2025-09-19 11:17:39 INFO     Epoch 1128 [10/32]: loss = 0.0904286652803421, lr = 0.000125
2025-09-19 11:17:39 INFO     Epoch 1128 [10/32]: loss = 0.0904286652803421, lr = 0.000125
2025-09-19 11:17:39 INFO     Epoch 1128 [10/32]: loss = 0.0904286652803421, lr = 0.000125
2025-09-19 11:17:39 INFO     Epoch 1128 [10/32]: loss = 0.0904286652803421, lr = 0.000125
2025-09-19 11:17:51 INFO     Epoch 1128 [20/32]: loss = 0.09793516993522644, lr = 0.000125
2025-09-19 11:17:51 INFO     Epoch 1128 [20/32]: loss = 0.09793516993522644, lr = 0.000125
2025-09-19 11:17:51 INFO     Epoch 1128 [20/32]: loss = 0.09793516993522644, lr = 0.000125
2025-09-19 11:17:51 INFO     Epoch 1128 [20/32]: loss = 0.09793516993522644, lr = 0.000125
2025-09-19 11:18:03 INFO     Epoch 1128 [30/32]: loss = 0.09145696461200714, lr = 0.000125
2025-09-19 11:18:03 INFO     Epoch 1128 [30/32]: loss = 0.09145696461200714, lr = 0.000125
2025-09-19 11:18:03 INFO     Epoch 1128 [30/32]: loss = 0.09145696461200714, lr = 0.000125
2025-09-19 11:18:03 INFO     Epoch 1128 [30/32]: loss = 0.09145696461200714, lr = 0.000125
2025-09-19 11:18:06 INFO     Epoch 1129 [0/32]: loss = 0.08446722477674484, lr = 0.000125
2025-09-19 11:18:06 INFO     Epoch 1129 [0/32]: loss = 0.08446722477674484, lr = 0.000125
2025-09-19 11:18:06 INFO     Epoch 1129 [0/32]: loss = 0.08446722477674484, lr = 0.000125
2025-09-19 11:18:06 INFO     Epoch 1129 [0/32]: loss = 0.08446722477674484, lr = 0.000125
2025-09-19 11:18:18 INFO     Epoch 1129 [10/32]: loss = 0.1154773086309433, lr = 0.000125
2025-09-19 11:18:18 INFO     Epoch 1129 [10/32]: loss = 0.1154773086309433, lr = 0.000125
2025-09-19 11:18:18 INFO     Epoch 1129 [10/32]: loss = 0.1154773086309433, lr = 0.000125
2025-09-19 11:18:18 INFO     Epoch 1129 [10/32]: loss = 0.1154773086309433, lr = 0.000125
2025-09-19 11:18:30 INFO     Epoch 1129 [20/32]: loss = 0.06513161957263947, lr = 0.000125
2025-09-19 11:18:30 INFO     Epoch 1129 [20/32]: loss = 0.06513161957263947, lr = 0.000125
2025-09-19 11:18:30 INFO     Epoch 1129 [20/32]: loss = 0.06513161957263947, lr = 0.000125
2025-09-19 11:18:30 INFO     Epoch 1129 [20/32]: loss = 0.06513161957263947, lr = 0.000125
2025-09-19 11:18:42 INFO     Epoch 1129 [30/32]: loss = 0.09085610508918762, lr = 0.000125
2025-09-19 11:18:42 INFO     Epoch 1129 [30/32]: loss = 0.09085610508918762, lr = 0.000125
2025-09-19 11:18:42 INFO     Epoch 1129 [30/32]: loss = 0.09085610508918762, lr = 0.000125
2025-09-19 11:18:42 INFO     Epoch 1129 [30/32]: loss = 0.09085610508918762, lr = 0.000125
2025-09-19 11:18:45 INFO     Epoch 1130 [0/32]: loss = 0.1039048582315445, lr = 0.000125
2025-09-19 11:18:45 INFO     Epoch 1130 [0/32]: loss = 0.1039048582315445, lr = 0.000125
2025-09-19 11:18:45 INFO     Epoch 1130 [0/32]: loss = 0.1039048582315445, lr = 0.000125
2025-09-19 11:18:45 INFO     Epoch 1130 [0/32]: loss = 0.1039048582315445, lr = 0.000125
2025-09-19 11:18:57 INFO     Epoch 1130 [10/32]: loss = 0.07410213351249695, lr = 0.000125
2025-09-19 11:18:57 INFO     Epoch 1130 [10/32]: loss = 0.07410213351249695, lr = 0.000125
2025-09-19 11:18:57 INFO     Epoch 1130 [10/32]: loss = 0.07410213351249695, lr = 0.000125
2025-09-19 11:18:57 INFO     Epoch 1130 [10/32]: loss = 0.07410213351249695, lr = 0.000125
2025-09-19 11:19:09 INFO     Epoch 1130 [20/32]: loss = 0.09002459794282913, lr = 0.000125
2025-09-19 11:19:09 INFO     Epoch 1130 [20/32]: loss = 0.09002459794282913, lr = 0.000125
2025-09-19 11:19:09 INFO     Epoch 1130 [20/32]: loss = 0.09002459794282913, lr = 0.000125
2025-09-19 11:19:09 INFO     Epoch 1130 [20/32]: loss = 0.09002459794282913, lr = 0.000125
2025-09-19 11:19:21 INFO     Epoch 1130 [30/32]: loss = 0.10642027854919434, lr = 0.000125
2025-09-19 11:19:21 INFO     Epoch 1130 [30/32]: loss = 0.10642027854919434, lr = 0.000125
2025-09-19 11:19:21 INFO     Epoch 1130 [30/32]: loss = 0.10642027854919434, lr = 0.000125
2025-09-19 11:19:21 INFO     Epoch 1130 [30/32]: loss = 0.10642027854919434, lr = 0.000125
2025-09-19 11:19:24 INFO     Epoch 1131 [0/32]: loss = 0.0937429666519165, lr = 0.000125
2025-09-19 11:19:24 INFO     Epoch 1131 [0/32]: loss = 0.0937429666519165, lr = 0.000125
2025-09-19 11:19:24 INFO     Epoch 1131 [0/32]: loss = 0.0937429666519165, lr = 0.000125
2025-09-19 11:19:24 INFO     Epoch 1131 [0/32]: loss = 0.0937429666519165, lr = 0.000125
2025-09-19 11:19:36 INFO     Epoch 1131 [10/32]: loss = 0.07141073793172836, lr = 0.000125
2025-09-19 11:19:36 INFO     Epoch 1131 [10/32]: loss = 0.07141073793172836, lr = 0.000125
2025-09-19 11:19:36 INFO     Epoch 1131 [10/32]: loss = 0.07141073793172836, lr = 0.000125
2025-09-19 11:19:36 INFO     Epoch 1131 [10/32]: loss = 0.07141073793172836, lr = 0.000125
2025-09-19 11:19:48 INFO     Epoch 1131 [20/32]: loss = 0.09608907997608185, lr = 0.000125
2025-09-19 11:19:48 INFO     Epoch 1131 [20/32]: loss = 0.09608907997608185, lr = 0.000125
2025-09-19 11:19:48 INFO     Epoch 1131 [20/32]: loss = 0.09608907997608185, lr = 0.000125
2025-09-19 11:19:48 INFO     Epoch 1131 [20/32]: loss = 0.09608907997608185, lr = 0.000125
2025-09-19 11:19:59 INFO     Epoch 1131 [30/32]: loss = 0.08391612768173218, lr = 0.000125
2025-09-19 11:19:59 INFO     Epoch 1131 [30/32]: loss = 0.08391612768173218, lr = 0.000125
2025-09-19 11:19:59 INFO     Epoch 1131 [30/32]: loss = 0.08391612768173218, lr = 0.000125
2025-09-19 11:19:59 INFO     Epoch 1131 [30/32]: loss = 0.08391612768173218, lr = 0.000125
2025-09-19 11:20:03 INFO     Epoch 1132 [0/32]: loss = 0.08085274696350098, lr = 0.000125
2025-09-19 11:20:03 INFO     Epoch 1132 [0/32]: loss = 0.08085274696350098, lr = 0.000125
2025-09-19 11:20:03 INFO     Epoch 1132 [0/32]: loss = 0.08085274696350098, lr = 0.000125
2025-09-19 11:20:03 INFO     Epoch 1132 [0/32]: loss = 0.08085274696350098, lr = 0.000125
2025-09-19 11:20:14 INFO     Epoch 1132 [10/32]: loss = 0.08614165335893631, lr = 0.000125
2025-09-19 11:20:14 INFO     Epoch 1132 [10/32]: loss = 0.08614165335893631, lr = 0.000125
2025-09-19 11:20:14 INFO     Epoch 1132 [10/32]: loss = 0.08614165335893631, lr = 0.000125
2025-09-19 11:20:14 INFO     Epoch 1132 [10/32]: loss = 0.08614165335893631, lr = 0.000125
2025-09-19 11:20:26 INFO     Epoch 1132 [20/32]: loss = 0.09693069010972977, lr = 0.000125
2025-09-19 11:20:26 INFO     Epoch 1132 [20/32]: loss = 0.09693069010972977, lr = 0.000125
2025-09-19 11:20:26 INFO     Epoch 1132 [20/32]: loss = 0.09693069010972977, lr = 0.000125
2025-09-19 11:20:26 INFO     Epoch 1132 [20/32]: loss = 0.09693069010972977, lr = 0.000125
2025-09-19 11:20:38 INFO     Epoch 1132 [30/32]: loss = 0.08623054623603821, lr = 0.000125
2025-09-19 11:20:38 INFO     Epoch 1132 [30/32]: loss = 0.08623054623603821, lr = 0.000125
2025-09-19 11:20:38 INFO     Epoch 1132 [30/32]: loss = 0.08623054623603821, lr = 0.000125
2025-09-19 11:20:38 INFO     Epoch 1132 [30/32]: loss = 0.08623054623603821, lr = 0.000125
2025-09-19 11:20:41 INFO     Epoch 1133 [0/32]: loss = 0.06754326820373535, lr = 0.000125
2025-09-19 11:20:41 INFO     Epoch 1133 [0/32]: loss = 0.06754326820373535, lr = 0.000125
2025-09-19 11:20:41 INFO     Epoch 1133 [0/32]: loss = 0.06754326820373535, lr = 0.000125
2025-09-19 11:20:41 INFO     Epoch 1133 [0/32]: loss = 0.06754326820373535, lr = 0.000125
2025-09-19 11:20:53 INFO     Epoch 1133 [10/32]: loss = 0.10992871224880219, lr = 0.000125
2025-09-19 11:20:53 INFO     Epoch 1133 [10/32]: loss = 0.10992871224880219, lr = 0.000125
2025-09-19 11:20:53 INFO     Epoch 1133 [10/32]: loss = 0.10992871224880219, lr = 0.000125
2025-09-19 11:20:53 INFO     Epoch 1133 [10/32]: loss = 0.10992871224880219, lr = 0.000125
2025-09-19 11:21:05 INFO     Epoch 1133 [20/32]: loss = 0.07906168699264526, lr = 0.000125
2025-09-19 11:21:05 INFO     Epoch 1133 [20/32]: loss = 0.07906168699264526, lr = 0.000125
2025-09-19 11:21:05 INFO     Epoch 1133 [20/32]: loss = 0.07906168699264526, lr = 0.000125
2025-09-19 11:21:05 INFO     Epoch 1133 [20/32]: loss = 0.07906168699264526, lr = 0.000125
2025-09-19 11:21:17 INFO     Epoch 1133 [30/32]: loss = 0.09558986127376556, lr = 0.000125
2025-09-19 11:21:17 INFO     Epoch 1133 [30/32]: loss = 0.09558986127376556, lr = 0.000125
2025-09-19 11:21:17 INFO     Epoch 1133 [30/32]: loss = 0.09558986127376556, lr = 0.000125
2025-09-19 11:21:17 INFO     Epoch 1133 [30/32]: loss = 0.09558986127376556, lr = 0.000125
2025-09-19 11:21:20 INFO     Epoch 1134 [0/32]: loss = 0.0891922116279602, lr = 0.000125
2025-09-19 11:21:20 INFO     Epoch 1134 [0/32]: loss = 0.0891922116279602, lr = 0.000125
2025-09-19 11:21:20 INFO     Epoch 1134 [0/32]: loss = 0.0891922116279602, lr = 0.000125
2025-09-19 11:21:20 INFO     Epoch 1134 [0/32]: loss = 0.0891922116279602, lr = 0.000125
2025-09-19 11:21:32 INFO     Epoch 1134 [10/32]: loss = 0.06464821100234985, lr = 0.000125
2025-09-19 11:21:32 INFO     Epoch 1134 [10/32]: loss = 0.06464821100234985, lr = 0.000125
2025-09-19 11:21:32 INFO     Epoch 1134 [10/32]: loss = 0.06464821100234985, lr = 0.000125
2025-09-19 11:21:32 INFO     Epoch 1134 [10/32]: loss = 0.06464821100234985, lr = 0.000125
2025-09-19 11:21:44 INFO     Epoch 1134 [20/32]: loss = 0.09752970933914185, lr = 0.000125
2025-09-19 11:21:44 INFO     Epoch 1134 [20/32]: loss = 0.09752970933914185, lr = 0.000125
2025-09-19 11:21:44 INFO     Epoch 1134 [20/32]: loss = 0.09752970933914185, lr = 0.000125
2025-09-19 11:21:44 INFO     Epoch 1134 [20/32]: loss = 0.09752970933914185, lr = 0.000125
2025-09-19 11:21:56 INFO     Epoch 1134 [30/32]: loss = 0.09283137321472168, lr = 0.000125
2025-09-19 11:21:56 INFO     Epoch 1134 [30/32]: loss = 0.09283137321472168, lr = 0.000125
2025-09-19 11:21:56 INFO     Epoch 1134 [30/32]: loss = 0.09283137321472168, lr = 0.000125
2025-09-19 11:21:56 INFO     Epoch 1134 [30/32]: loss = 0.09283137321472168, lr = 0.000125
2025-09-19 11:21:59 INFO     Epoch 1135 [0/32]: loss = 0.09923453629016876, lr = 0.000125
2025-09-19 11:21:59 INFO     Epoch 1135 [0/32]: loss = 0.09923453629016876, lr = 0.000125
2025-09-19 11:21:59 INFO     Epoch 1135 [0/32]: loss = 0.09923453629016876, lr = 0.000125
2025-09-19 11:21:59 INFO     Epoch 1135 [0/32]: loss = 0.09923453629016876, lr = 0.000125
2025-09-19 11:22:11 INFO     Epoch 1135 [10/32]: loss = 0.077572762966156, lr = 0.000125
2025-09-19 11:22:11 INFO     Epoch 1135 [10/32]: loss = 0.077572762966156, lr = 0.000125
2025-09-19 11:22:11 INFO     Epoch 1135 [10/32]: loss = 0.077572762966156, lr = 0.000125
2025-09-19 11:22:11 INFO     Epoch 1135 [10/32]: loss = 0.077572762966156, lr = 0.000125
2025-09-19 11:22:23 INFO     Epoch 1135 [20/32]: loss = 0.11511828750371933, lr = 0.000125
2025-09-19 11:22:23 INFO     Epoch 1135 [20/32]: loss = 0.11511828750371933, lr = 0.000125
2025-09-19 11:22:23 INFO     Epoch 1135 [20/32]: loss = 0.11511828750371933, lr = 0.000125
2025-09-19 11:22:23 INFO     Epoch 1135 [20/32]: loss = 0.11511828750371933, lr = 0.000125
2025-09-19 11:22:35 INFO     Epoch 1135 [30/32]: loss = 0.09026872366666794, lr = 0.000125
2025-09-19 11:22:35 INFO     Epoch 1135 [30/32]: loss = 0.09026872366666794, lr = 0.000125
2025-09-19 11:22:35 INFO     Epoch 1135 [30/32]: loss = 0.09026872366666794, lr = 0.000125
2025-09-19 11:22:35 INFO     Epoch 1135 [30/32]: loss = 0.09026872366666794, lr = 0.000125
2025-09-19 11:22:38 INFO     Epoch 1136 [0/32]: loss = 0.05630465969443321, lr = 0.000125
2025-09-19 11:22:38 INFO     Epoch 1136 [0/32]: loss = 0.05630465969443321, lr = 0.000125
2025-09-19 11:22:38 INFO     Epoch 1136 [0/32]: loss = 0.05630465969443321, lr = 0.000125
2025-09-19 11:22:38 INFO     Epoch 1136 [0/32]: loss = 0.05630465969443321, lr = 0.000125
2025-09-19 11:22:50 INFO     Epoch 1136 [10/32]: loss = 0.07940462976694107, lr = 0.000125
2025-09-19 11:22:50 INFO     Epoch 1136 [10/32]: loss = 0.07940462976694107, lr = 0.000125
2025-09-19 11:22:50 INFO     Epoch 1136 [10/32]: loss = 0.07940462976694107, lr = 0.000125
2025-09-19 11:22:50 INFO     Epoch 1136 [10/32]: loss = 0.07940462976694107, lr = 0.000125
2025-09-19 11:23:02 INFO     Epoch 1136 [20/32]: loss = 0.09622539579868317, lr = 0.000125
2025-09-19 11:23:02 INFO     Epoch 1136 [20/32]: loss = 0.09622539579868317, lr = 0.000125
2025-09-19 11:23:02 INFO     Epoch 1136 [20/32]: loss = 0.09622539579868317, lr = 0.000125
2025-09-19 11:23:02 INFO     Epoch 1136 [20/32]: loss = 0.09622539579868317, lr = 0.000125
2025-09-19 11:23:14 INFO     Epoch 1136 [30/32]: loss = 0.0792442038655281, lr = 0.000125
2025-09-19 11:23:14 INFO     Epoch 1136 [30/32]: loss = 0.0792442038655281, lr = 0.000125
2025-09-19 11:23:14 INFO     Epoch 1136 [30/32]: loss = 0.0792442038655281, lr = 0.000125
2025-09-19 11:23:14 INFO     Epoch 1136 [30/32]: loss = 0.0792442038655281, lr = 0.000125
2025-09-19 11:23:17 INFO     Epoch 1137 [0/32]: loss = 0.09332209080457687, lr = 0.000125
2025-09-19 11:23:17 INFO     Epoch 1137 [0/32]: loss = 0.09332209080457687, lr = 0.000125
2025-09-19 11:23:17 INFO     Epoch 1137 [0/32]: loss = 0.09332209080457687, lr = 0.000125
2025-09-19 11:23:17 INFO     Epoch 1137 [0/32]: loss = 0.09332209080457687, lr = 0.000125
2025-09-19 11:23:29 INFO     Epoch 1137 [10/32]: loss = 0.07594131678342819, lr = 0.000125
2025-09-19 11:23:29 INFO     Epoch 1137 [10/32]: loss = 0.07594131678342819, lr = 0.000125
2025-09-19 11:23:29 INFO     Epoch 1137 [10/32]: loss = 0.07594131678342819, lr = 0.000125
2025-09-19 11:23:29 INFO     Epoch 1137 [10/32]: loss = 0.07594131678342819, lr = 0.000125
2025-09-19 11:23:41 INFO     Epoch 1137 [20/32]: loss = 0.07706697285175323, lr = 0.000125
2025-09-19 11:23:41 INFO     Epoch 1137 [20/32]: loss = 0.07706697285175323, lr = 0.000125
2025-09-19 11:23:41 INFO     Epoch 1137 [20/32]: loss = 0.07706697285175323, lr = 0.000125
2025-09-19 11:23:41 INFO     Epoch 1137 [20/32]: loss = 0.07706697285175323, lr = 0.000125
2025-09-19 11:23:53 INFO     Epoch 1137 [30/32]: loss = 0.08685393631458282, lr = 0.000125
2025-09-19 11:23:53 INFO     Epoch 1137 [30/32]: loss = 0.08685393631458282, lr = 0.000125
2025-09-19 11:23:53 INFO     Epoch 1137 [30/32]: loss = 0.08685393631458282, lr = 0.000125
2025-09-19 11:23:53 INFO     Epoch 1137 [30/32]: loss = 0.08685393631458282, lr = 0.000125
2025-09-19 11:23:56 INFO     Epoch 1138 [0/32]: loss = 0.05374795198440552, lr = 0.000125
2025-09-19 11:23:56 INFO     Epoch 1138 [0/32]: loss = 0.05374795198440552, lr = 0.000125
2025-09-19 11:23:56 INFO     Epoch 1138 [0/32]: loss = 0.05374795198440552, lr = 0.000125
2025-09-19 11:23:56 INFO     Epoch 1138 [0/32]: loss = 0.05374795198440552, lr = 0.000125
2025-09-19 11:24:08 INFO     Epoch 1138 [10/32]: loss = 0.08128263056278229, lr = 0.000125
2025-09-19 11:24:08 INFO     Epoch 1138 [10/32]: loss = 0.08128263056278229, lr = 0.000125
2025-09-19 11:24:08 INFO     Epoch 1138 [10/32]: loss = 0.08128263056278229, lr = 0.000125
2025-09-19 11:24:08 INFO     Epoch 1138 [10/32]: loss = 0.08128263056278229, lr = 0.000125
2025-09-19 11:24:19 INFO     Epoch 1138 [20/32]: loss = 0.0892571210861206, lr = 0.000125
2025-09-19 11:24:19 INFO     Epoch 1138 [20/32]: loss = 0.0892571210861206, lr = 0.000125
2025-09-19 11:24:19 INFO     Epoch 1138 [20/32]: loss = 0.0892571210861206, lr = 0.000125
2025-09-19 11:24:19 INFO     Epoch 1138 [20/32]: loss = 0.0892571210861206, lr = 0.000125
2025-09-19 11:24:31 INFO     Epoch 1138 [30/32]: loss = 0.09907622635364532, lr = 0.000125
2025-09-19 11:24:31 INFO     Epoch 1138 [30/32]: loss = 0.09907622635364532, lr = 0.000125
2025-09-19 11:24:31 INFO     Epoch 1138 [30/32]: loss = 0.09907622635364532, lr = 0.000125
2025-09-19 11:24:31 INFO     Epoch 1138 [30/32]: loss = 0.09907622635364532, lr = 0.000125
2025-09-19 11:24:34 INFO     Epoch 1139 [0/32]: loss = 0.06875921040773392, lr = 0.000125
2025-09-19 11:24:34 INFO     Epoch 1139 [0/32]: loss = 0.06875921040773392, lr = 0.000125
2025-09-19 11:24:34 INFO     Epoch 1139 [0/32]: loss = 0.06875921040773392, lr = 0.000125
2025-09-19 11:24:34 INFO     Epoch 1139 [0/32]: loss = 0.06875921040773392, lr = 0.000125
2025-09-19 11:24:46 INFO     Epoch 1139 [10/32]: loss = 0.09382456541061401, lr = 0.000125
2025-09-19 11:24:46 INFO     Epoch 1139 [10/32]: loss = 0.09382456541061401, lr = 0.000125
2025-09-19 11:24:46 INFO     Epoch 1139 [10/32]: loss = 0.09382456541061401, lr = 0.000125
2025-09-19 11:24:46 INFO     Epoch 1139 [10/32]: loss = 0.09382456541061401, lr = 0.000125
2025-09-19 11:24:58 INFO     Epoch 1139 [20/32]: loss = 0.0928552895784378, lr = 0.000125
2025-09-19 11:24:58 INFO     Epoch 1139 [20/32]: loss = 0.0928552895784378, lr = 0.000125
2025-09-19 11:24:58 INFO     Epoch 1139 [20/32]: loss = 0.0928552895784378, lr = 0.000125
2025-09-19 11:24:58 INFO     Epoch 1139 [20/32]: loss = 0.0928552895784378, lr = 0.000125
2025-09-19 11:25:10 INFO     Epoch 1139 [30/32]: loss = 0.09652264416217804, lr = 0.000125
2025-09-19 11:25:10 INFO     Epoch 1139 [30/32]: loss = 0.09652264416217804, lr = 0.000125
2025-09-19 11:25:10 INFO     Epoch 1139 [30/32]: loss = 0.09652264416217804, lr = 0.000125
2025-09-19 11:25:10 INFO     Epoch 1139 [30/32]: loss = 0.09652264416217804, lr = 0.000125
2025-09-19 11:25:13 INFO     Epoch 1140 [0/32]: loss = 0.09885033965110779, lr = 0.000125
2025-09-19 11:25:13 INFO     Epoch 1140 [0/32]: loss = 0.09885033965110779, lr = 0.000125
2025-09-19 11:25:13 INFO     Epoch 1140 [0/32]: loss = 0.09885033965110779, lr = 0.000125
2025-09-19 11:25:13 INFO     Epoch 1140 [0/32]: loss = 0.09885033965110779, lr = 0.000125
2025-09-19 11:25:25 INFO     Epoch 1140 [10/32]: loss = 0.033088043332099915, lr = 0.000125
2025-09-19 11:25:25 INFO     Epoch 1140 [10/32]: loss = 0.033088043332099915, lr = 0.000125
2025-09-19 11:25:25 INFO     Epoch 1140 [10/32]: loss = 0.033088043332099915, lr = 0.000125
2025-09-19 11:25:25 INFO     Epoch 1140 [10/32]: loss = 0.033088043332099915, lr = 0.000125
2025-09-19 11:25:37 INFO     Epoch 1140 [20/32]: loss = 0.055781248956918716, lr = 0.000125
2025-09-19 11:25:37 INFO     Epoch 1140 [20/32]: loss = 0.055781248956918716, lr = 0.000125
2025-09-19 11:25:37 INFO     Epoch 1140 [20/32]: loss = 0.055781248956918716, lr = 0.000125
2025-09-19 11:25:37 INFO     Epoch 1140 [20/32]: loss = 0.055781248956918716, lr = 0.000125
2025-09-19 11:25:49 INFO     Epoch 1140 [30/32]: loss = 0.08109965920448303, lr = 0.000125
2025-09-19 11:25:49 INFO     Epoch 1140 [30/32]: loss = 0.08109965920448303, lr = 0.000125
2025-09-19 11:25:49 INFO     Epoch 1140 [30/32]: loss = 0.08109965920448303, lr = 0.000125
2025-09-19 11:25:49 INFO     Epoch 1140 [30/32]: loss = 0.08109965920448303, lr = 0.000125
2025-09-19 11:25:52 INFO     Epoch 1141 [0/32]: loss = 0.050717368721961975, lr = 0.000125
2025-09-19 11:25:52 INFO     Epoch 1141 [0/32]: loss = 0.050717368721961975, lr = 0.000125
2025-09-19 11:25:52 INFO     Epoch 1141 [0/32]: loss = 0.050717368721961975, lr = 0.000125
2025-09-19 11:25:52 INFO     Epoch 1141 [0/32]: loss = 0.050717368721961975, lr = 0.000125
2025-09-19 11:26:04 INFO     Epoch 1141 [10/32]: loss = 0.08264040946960449, lr = 0.000125
2025-09-19 11:26:04 INFO     Epoch 1141 [10/32]: loss = 0.08264040946960449, lr = 0.000125
2025-09-19 11:26:04 INFO     Epoch 1141 [10/32]: loss = 0.08264040946960449, lr = 0.000125
2025-09-19 11:26:04 INFO     Epoch 1141 [10/32]: loss = 0.08264040946960449, lr = 0.000125
2025-09-19 11:26:16 INFO     Epoch 1141 [20/32]: loss = 0.05299440026283264, lr = 0.000125
2025-09-19 11:26:16 INFO     Epoch 1141 [20/32]: loss = 0.05299440026283264, lr = 0.000125
2025-09-19 11:26:16 INFO     Epoch 1141 [20/32]: loss = 0.05299440026283264, lr = 0.000125
2025-09-19 11:26:16 INFO     Epoch 1141 [20/32]: loss = 0.05299440026283264, lr = 0.000125
2025-09-19 11:26:28 INFO     Epoch 1141 [30/32]: loss = 0.10967186838388443, lr = 0.000125
2025-09-19 11:26:28 INFO     Epoch 1141 [30/32]: loss = 0.10967186838388443, lr = 0.000125
2025-09-19 11:26:28 INFO     Epoch 1141 [30/32]: loss = 0.10967186838388443, lr = 0.000125
2025-09-19 11:26:28 INFO     Epoch 1141 [30/32]: loss = 0.10967186838388443, lr = 0.000125
2025-09-19 11:26:31 INFO     Epoch 1142 [0/32]: loss = 0.09856390208005905, lr = 0.000125
2025-09-19 11:26:31 INFO     Epoch 1142 [0/32]: loss = 0.09856390208005905, lr = 0.000125
2025-09-19 11:26:31 INFO     Epoch 1142 [0/32]: loss = 0.09856390208005905, lr = 0.000125
2025-09-19 11:26:31 INFO     Epoch 1142 [0/32]: loss = 0.09856390208005905, lr = 0.000125
2025-09-19 11:26:43 INFO     Epoch 1142 [10/32]: loss = 0.12318828701972961, lr = 0.000125
2025-09-19 11:26:43 INFO     Epoch 1142 [10/32]: loss = 0.12318828701972961, lr = 0.000125
2025-09-19 11:26:43 INFO     Epoch 1142 [10/32]: loss = 0.12318828701972961, lr = 0.000125
2025-09-19 11:26:43 INFO     Epoch 1142 [10/32]: loss = 0.12318828701972961, lr = 0.000125
2025-09-19 11:26:54 INFO     Epoch 1142 [20/32]: loss = 0.08477352559566498, lr = 0.000125
2025-09-19 11:26:54 INFO     Epoch 1142 [20/32]: loss = 0.08477352559566498, lr = 0.000125
2025-09-19 11:26:54 INFO     Epoch 1142 [20/32]: loss = 0.08477352559566498, lr = 0.000125
2025-09-19 11:26:54 INFO     Epoch 1142 [20/32]: loss = 0.08477352559566498, lr = 0.000125
2025-09-19 11:27:06 INFO     Epoch 1142 [30/32]: loss = 0.07921117544174194, lr = 0.000125
2025-09-19 11:27:06 INFO     Epoch 1142 [30/32]: loss = 0.07921117544174194, lr = 0.000125
2025-09-19 11:27:06 INFO     Epoch 1142 [30/32]: loss = 0.07921117544174194, lr = 0.000125
2025-09-19 11:27:06 INFO     Epoch 1142 [30/32]: loss = 0.07921117544174194, lr = 0.000125
2025-09-19 11:27:09 INFO     Epoch 1143 [0/32]: loss = 0.07832971215248108, lr = 0.000125
2025-09-19 11:27:09 INFO     Epoch 1143 [0/32]: loss = 0.07832971215248108, lr = 0.000125
2025-09-19 11:27:09 INFO     Epoch 1143 [0/32]: loss = 0.07832971215248108, lr = 0.000125
2025-09-19 11:27:09 INFO     Epoch 1143 [0/32]: loss = 0.07832971215248108, lr = 0.000125
2025-09-19 11:27:21 INFO     Epoch 1143 [10/32]: loss = 0.05855495110154152, lr = 0.000125
2025-09-19 11:27:21 INFO     Epoch 1143 [10/32]: loss = 0.05855495110154152, lr = 0.000125
2025-09-19 11:27:21 INFO     Epoch 1143 [10/32]: loss = 0.05855495110154152, lr = 0.000125
2025-09-19 11:27:21 INFO     Epoch 1143 [10/32]: loss = 0.05855495110154152, lr = 0.000125
2025-09-19 11:27:33 INFO     Epoch 1143 [20/32]: loss = 0.09381616115570068, lr = 0.000125
2025-09-19 11:27:33 INFO     Epoch 1143 [20/32]: loss = 0.09381616115570068, lr = 0.000125
2025-09-19 11:27:33 INFO     Epoch 1143 [20/32]: loss = 0.09381616115570068, lr = 0.000125
2025-09-19 11:27:33 INFO     Epoch 1143 [20/32]: loss = 0.09381616115570068, lr = 0.000125
2025-09-19 11:27:45 INFO     Epoch 1143 [30/32]: loss = 0.1095021441578865, lr = 0.000125
2025-09-19 11:27:45 INFO     Epoch 1143 [30/32]: loss = 0.1095021441578865, lr = 0.000125
2025-09-19 11:27:45 INFO     Epoch 1143 [30/32]: loss = 0.1095021441578865, lr = 0.000125
2025-09-19 11:27:45 INFO     Epoch 1143 [30/32]: loss = 0.1095021441578865, lr = 0.000125
2025-09-19 11:27:48 INFO     Epoch 1144 [0/32]: loss = 0.07627987861633301, lr = 0.000125
2025-09-19 11:27:48 INFO     Epoch 1144 [0/32]: loss = 0.07627987861633301, lr = 0.000125
2025-09-19 11:27:48 INFO     Epoch 1144 [0/32]: loss = 0.07627987861633301, lr = 0.000125
2025-09-19 11:27:48 INFO     Epoch 1144 [0/32]: loss = 0.07627987861633301, lr = 0.000125
2025-09-19 11:28:00 INFO     Epoch 1144 [10/32]: loss = 0.07602231949567795, lr = 0.000125
2025-09-19 11:28:00 INFO     Epoch 1144 [10/32]: loss = 0.07602231949567795, lr = 0.000125
2025-09-19 11:28:00 INFO     Epoch 1144 [10/32]: loss = 0.07602231949567795, lr = 0.000125
2025-09-19 11:28:00 INFO     Epoch 1144 [10/32]: loss = 0.07602231949567795, lr = 0.000125
2025-09-19 11:28:12 INFO     Epoch 1144 [20/32]: loss = 0.0682372897863388, lr = 0.000125
2025-09-19 11:28:12 INFO     Epoch 1144 [20/32]: loss = 0.0682372897863388, lr = 0.000125
2025-09-19 11:28:12 INFO     Epoch 1144 [20/32]: loss = 0.0682372897863388, lr = 0.000125
2025-09-19 11:28:12 INFO     Epoch 1144 [20/32]: loss = 0.0682372897863388, lr = 0.000125
2025-09-19 11:28:24 INFO     Epoch 1144 [30/32]: loss = 0.09837332367897034, lr = 0.000125
2025-09-19 11:28:24 INFO     Epoch 1144 [30/32]: loss = 0.09837332367897034, lr = 0.000125
2025-09-19 11:28:24 INFO     Epoch 1144 [30/32]: loss = 0.09837332367897034, lr = 0.000125
2025-09-19 11:28:24 INFO     Epoch 1144 [30/32]: loss = 0.09837332367897034, lr = 0.000125
2025-09-19 11:28:27 INFO     Epoch 1145 [0/32]: loss = 0.0949103981256485, lr = 0.000125
2025-09-19 11:28:27 INFO     Epoch 1145 [0/32]: loss = 0.0949103981256485, lr = 0.000125
2025-09-19 11:28:27 INFO     Epoch 1145 [0/32]: loss = 0.0949103981256485, lr = 0.000125
2025-09-19 11:28:27 INFO     Epoch 1145 [0/32]: loss = 0.0949103981256485, lr = 0.000125
2025-09-19 11:28:39 INFO     Epoch 1145 [10/32]: loss = 0.0667659193277359, lr = 0.000125
2025-09-19 11:28:39 INFO     Epoch 1145 [10/32]: loss = 0.0667659193277359, lr = 0.000125
2025-09-19 11:28:39 INFO     Epoch 1145 [10/32]: loss = 0.0667659193277359, lr = 0.000125
2025-09-19 11:28:39 INFO     Epoch 1145 [10/32]: loss = 0.0667659193277359, lr = 0.000125
2025-09-19 11:28:51 INFO     Epoch 1145 [20/32]: loss = 0.06482617557048798, lr = 0.000125
2025-09-19 11:28:51 INFO     Epoch 1145 [20/32]: loss = 0.06482617557048798, lr = 0.000125
2025-09-19 11:28:51 INFO     Epoch 1145 [20/32]: loss = 0.06482617557048798, lr = 0.000125
2025-09-19 11:28:51 INFO     Epoch 1145 [20/32]: loss = 0.06482617557048798, lr = 0.000125
2025-09-19 11:29:03 INFO     Epoch 1145 [30/32]: loss = 0.08980080485343933, lr = 0.000125
2025-09-19 11:29:03 INFO     Epoch 1145 [30/32]: loss = 0.08980080485343933, lr = 0.000125
2025-09-19 11:29:03 INFO     Epoch 1145 [30/32]: loss = 0.08980080485343933, lr = 0.000125
2025-09-19 11:29:03 INFO     Epoch 1145 [30/32]: loss = 0.08980080485343933, lr = 0.000125
2025-09-19 11:29:06 INFO     Epoch 1146 [0/32]: loss = 0.07347310334444046, lr = 0.000125
2025-09-19 11:29:06 INFO     Epoch 1146 [0/32]: loss = 0.07347310334444046, lr = 0.000125
2025-09-19 11:29:06 INFO     Epoch 1146 [0/32]: loss = 0.07347310334444046, lr = 0.000125
2025-09-19 11:29:06 INFO     Epoch 1146 [0/32]: loss = 0.07347310334444046, lr = 0.000125
2025-09-19 11:29:18 INFO     Epoch 1146 [10/32]: loss = 0.0744740441441536, lr = 0.000125
2025-09-19 11:29:18 INFO     Epoch 1146 [10/32]: loss = 0.0744740441441536, lr = 0.000125
2025-09-19 11:29:18 INFO     Epoch 1146 [10/32]: loss = 0.0744740441441536, lr = 0.000125
2025-09-19 11:29:18 INFO     Epoch 1146 [10/32]: loss = 0.0744740441441536, lr = 0.000125
2025-09-19 11:29:30 INFO     Epoch 1146 [20/32]: loss = 0.08838940411806107, lr = 0.000125
2025-09-19 11:29:30 INFO     Epoch 1146 [20/32]: loss = 0.08838940411806107, lr = 0.000125
2025-09-19 11:29:30 INFO     Epoch 1146 [20/32]: loss = 0.08838940411806107, lr = 0.000125
2025-09-19 11:29:30 INFO     Epoch 1146 [20/32]: loss = 0.08838940411806107, lr = 0.000125
2025-09-19 11:29:42 INFO     Epoch 1146 [30/32]: loss = 0.06589187681674957, lr = 0.000125
2025-09-19 11:29:42 INFO     Epoch 1146 [30/32]: loss = 0.06589187681674957, lr = 0.000125
2025-09-19 11:29:42 INFO     Epoch 1146 [30/32]: loss = 0.06589187681674957, lr = 0.000125
2025-09-19 11:29:42 INFO     Epoch 1146 [30/32]: loss = 0.06589187681674957, lr = 0.000125
2025-09-19 11:29:45 INFO     Epoch 1147 [0/32]: loss = 0.07604236900806427, lr = 0.000125
2025-09-19 11:29:45 INFO     Epoch 1147 [0/32]: loss = 0.07604236900806427, lr = 0.000125
2025-09-19 11:29:45 INFO     Epoch 1147 [0/32]: loss = 0.07604236900806427, lr = 0.000125
2025-09-19 11:29:45 INFO     Epoch 1147 [0/32]: loss = 0.07604236900806427, lr = 0.000125
2025-09-19 11:29:57 INFO     Epoch 1147 [10/32]: loss = 0.08383719623088837, lr = 0.000125
2025-09-19 11:29:57 INFO     Epoch 1147 [10/32]: loss = 0.08383719623088837, lr = 0.000125
2025-09-19 11:29:57 INFO     Epoch 1147 [10/32]: loss = 0.08383719623088837, lr = 0.000125
2025-09-19 11:29:57 INFO     Epoch 1147 [10/32]: loss = 0.08383719623088837, lr = 0.000125
2025-09-19 11:30:08 INFO     Epoch 1147 [20/32]: loss = 0.07727668434381485, lr = 0.000125
2025-09-19 11:30:08 INFO     Epoch 1147 [20/32]: loss = 0.07727668434381485, lr = 0.000125
2025-09-19 11:30:08 INFO     Epoch 1147 [20/32]: loss = 0.07727668434381485, lr = 0.000125
2025-09-19 11:30:08 INFO     Epoch 1147 [20/32]: loss = 0.07727668434381485, lr = 0.000125
2025-09-19 11:30:20 INFO     Epoch 1147 [30/32]: loss = 0.09952937066555023, lr = 0.000125
2025-09-19 11:30:20 INFO     Epoch 1147 [30/32]: loss = 0.09952937066555023, lr = 0.000125
2025-09-19 11:30:20 INFO     Epoch 1147 [30/32]: loss = 0.09952937066555023, lr = 0.000125
2025-09-19 11:30:20 INFO     Epoch 1147 [30/32]: loss = 0.09952937066555023, lr = 0.000125
2025-09-19 11:30:23 INFO     Epoch 1148 [0/32]: loss = 0.10340657085180283, lr = 0.000125
2025-09-19 11:30:23 INFO     Epoch 1148 [0/32]: loss = 0.10340657085180283, lr = 0.000125
2025-09-19 11:30:23 INFO     Epoch 1148 [0/32]: loss = 0.10340657085180283, lr = 0.000125
2025-09-19 11:30:23 INFO     Epoch 1148 [0/32]: loss = 0.10340657085180283, lr = 0.000125
2025-09-19 11:30:35 INFO     Epoch 1148 [10/32]: loss = 0.08143964409828186, lr = 0.000125
2025-09-19 11:30:35 INFO     Epoch 1148 [10/32]: loss = 0.08143964409828186, lr = 0.000125
2025-09-19 11:30:35 INFO     Epoch 1148 [10/32]: loss = 0.08143964409828186, lr = 0.000125
2025-09-19 11:30:35 INFO     Epoch 1148 [10/32]: loss = 0.08143964409828186, lr = 0.000125
2025-09-19 11:30:47 INFO     Epoch 1148 [20/32]: loss = 0.09027180075645447, lr = 0.000125
2025-09-19 11:30:47 INFO     Epoch 1148 [20/32]: loss = 0.09027180075645447, lr = 0.000125
2025-09-19 11:30:47 INFO     Epoch 1148 [20/32]: loss = 0.09027180075645447, lr = 0.000125
2025-09-19 11:30:47 INFO     Epoch 1148 [20/32]: loss = 0.09027180075645447, lr = 0.000125
2025-09-19 11:30:59 INFO     Epoch 1148 [30/32]: loss = 0.08179320394992828, lr = 0.000125
2025-09-19 11:30:59 INFO     Epoch 1148 [30/32]: loss = 0.08179320394992828, lr = 0.000125
2025-09-19 11:30:59 INFO     Epoch 1148 [30/32]: loss = 0.08179320394992828, lr = 0.000125
2025-09-19 11:30:59 INFO     Epoch 1148 [30/32]: loss = 0.08179320394992828, lr = 0.000125
2025-09-19 11:31:02 INFO     Epoch 1149 [0/32]: loss = 0.07119866460561752, lr = 0.000125
2025-09-19 11:31:02 INFO     Epoch 1149 [0/32]: loss = 0.07119866460561752, lr = 0.000125
2025-09-19 11:31:02 INFO     Epoch 1149 [0/32]: loss = 0.07119866460561752, lr = 0.000125
2025-09-19 11:31:02 INFO     Epoch 1149 [0/32]: loss = 0.07119866460561752, lr = 0.000125
2025-09-19 11:31:14 INFO     Epoch 1149 [10/32]: loss = 0.12391394376754761, lr = 0.000125
2025-09-19 11:31:14 INFO     Epoch 1149 [10/32]: loss = 0.12391394376754761, lr = 0.000125
2025-09-19 11:31:14 INFO     Epoch 1149 [10/32]: loss = 0.12391394376754761, lr = 0.000125
2025-09-19 11:31:14 INFO     Epoch 1149 [10/32]: loss = 0.12391394376754761, lr = 0.000125
2025-09-19 11:31:26 INFO     Epoch 1149 [20/32]: loss = 0.06038988381624222, lr = 0.000125
2025-09-19 11:31:26 INFO     Epoch 1149 [20/32]: loss = 0.06038988381624222, lr = 0.000125
2025-09-19 11:31:26 INFO     Epoch 1149 [20/32]: loss = 0.06038988381624222, lr = 0.000125
2025-09-19 11:31:26 INFO     Epoch 1149 [20/32]: loss = 0.06038988381624222, lr = 0.000125
2025-09-19 11:31:38 INFO     Epoch 1149 [30/32]: loss = 0.09042598307132721, lr = 0.000125
2025-09-19 11:31:38 INFO     Epoch 1149 [30/32]: loss = 0.09042598307132721, lr = 0.000125
2025-09-19 11:31:38 INFO     Epoch 1149 [30/32]: loss = 0.09042598307132721, lr = 0.000125
2025-09-19 11:31:38 INFO     Epoch 1149 [30/32]: loss = 0.09042598307132721, lr = 0.000125
2025-09-19 11:38:49 INFO     384 samples generated in 1024 evaluations.
2025-09-19 11:38:56 INFO     384 samples generated in 1024 evaluations.
2025-09-19 11:38:57 INFO     384 samples generated in 1024 evaluations.
2025-09-19 11:38:59 INFO     384 samples generated in 1024 evaluations.
2025-09-19 11:39:02 INFO     Evaluating [0/32] samples generated [250/250] running fid 233.75436401367188
2025-09-19 11:39:02 INFO     Evaluating [0/32] samples generated [250/250] running fid 233.75436401367188
2025-09-19 11:39:02 INFO     Evaluating [0/32] samples generated [250/250] running fid 233.75436401367188
2025-09-19 11:39:02 INFO     Evaluating [0/32] samples generated [250/250] running fid 233.75436401367188
2025-09-19 11:39:12 INFO     Epoch 1150 [0/32]: loss = 0.0703425407409668, lr = 0.000125
2025-09-19 11:39:12 INFO     Epoch 1150 [0/32]: loss = 0.0703425407409668, lr = 0.000125
2025-09-19 11:39:12 INFO     Epoch 1150 [0/32]: loss = 0.0703425407409668, lr = 0.000125
2025-09-19 11:39:12 INFO     Epoch 1150 [0/32]: loss = 0.0703425407409668, lr = 0.000125
2025-09-19 11:39:24 INFO     Epoch 1150 [10/32]: loss = 0.06122459098696709, lr = 0.000125
2025-09-19 11:39:24 INFO     Epoch 1150 [10/32]: loss = 0.06122459098696709, lr = 0.000125
2025-09-19 11:39:24 INFO     Epoch 1150 [10/32]: loss = 0.06122459098696709, lr = 0.000125
2025-09-19 11:39:24 INFO     Epoch 1150 [10/32]: loss = 0.06122459098696709, lr = 0.000125
2025-09-19 11:39:35 INFO     Epoch 1150 [20/32]: loss = 0.08166825771331787, lr = 0.000125
2025-09-19 11:39:35 INFO     Epoch 1150 [20/32]: loss = 0.08166825771331787, lr = 0.000125
2025-09-19 11:39:35 INFO     Epoch 1150 [20/32]: loss = 0.08166825771331787, lr = 0.000125
2025-09-19 11:39:35 INFO     Epoch 1150 [20/32]: loss = 0.08166825771331787, lr = 0.000125
2025-09-19 11:39:47 INFO     Epoch 1150 [30/32]: loss = 0.0826408788561821, lr = 0.000125
2025-09-19 11:39:47 INFO     Epoch 1150 [30/32]: loss = 0.0826408788561821, lr = 0.000125
2025-09-19 11:39:47 INFO     Epoch 1150 [30/32]: loss = 0.0826408788561821, lr = 0.000125
2025-09-19 11:39:47 INFO     Epoch 1150 [30/32]: loss = 0.0826408788561821, lr = 0.000125
2025-09-19 11:39:50 INFO     Epoch 1151 [0/32]: loss = 0.08214059472084045, lr = 0.000125
2025-09-19 11:39:50 INFO     Epoch 1151 [0/32]: loss = 0.08214059472084045, lr = 0.000125
2025-09-19 11:39:50 INFO     Epoch 1151 [0/32]: loss = 0.08214059472084045, lr = 0.000125
2025-09-19 11:39:50 INFO     Epoch 1151 [0/32]: loss = 0.08214059472084045, lr = 0.000125
2025-09-19 11:40:02 INFO     Epoch 1151 [10/32]: loss = 0.0632341057062149, lr = 0.000125
2025-09-19 11:40:02 INFO     Epoch 1151 [10/32]: loss = 0.0632341057062149, lr = 0.000125
2025-09-19 11:40:02 INFO     Epoch 1151 [10/32]: loss = 0.0632341057062149, lr = 0.000125
2025-09-19 11:40:02 INFO     Epoch 1151 [10/32]: loss = 0.0632341057062149, lr = 0.000125
2025-09-19 11:40:14 INFO     Epoch 1151 [20/32]: loss = 0.05777306482195854, lr = 0.000125
2025-09-19 11:40:14 INFO     Epoch 1151 [20/32]: loss = 0.05777306482195854, lr = 0.000125
2025-09-19 11:40:14 INFO     Epoch 1151 [20/32]: loss = 0.05777306482195854, lr = 0.000125
2025-09-19 11:40:14 INFO     Epoch 1151 [20/32]: loss = 0.05777306482195854, lr = 0.000125
2025-09-19 11:40:26 INFO     Epoch 1151 [30/32]: loss = 0.09851878881454468, lr = 0.000125
2025-09-19 11:40:26 INFO     Epoch 1151 [30/32]: loss = 0.09851878881454468, lr = 0.000125
2025-09-19 11:40:26 INFO     Epoch 1151 [30/32]: loss = 0.09851878881454468, lr = 0.000125
2025-09-19 11:40:26 INFO     Epoch 1151 [30/32]: loss = 0.09851878881454468, lr = 0.000125
2025-09-19 11:40:29 INFO     Epoch 1152 [0/32]: loss = 0.06523452699184418, lr = 0.000125
2025-09-19 11:40:29 INFO     Epoch 1152 [0/32]: loss = 0.06523452699184418, lr = 0.000125
2025-09-19 11:40:29 INFO     Epoch 1152 [0/32]: loss = 0.06523452699184418, lr = 0.000125
2025-09-19 11:40:29 INFO     Epoch 1152 [0/32]: loss = 0.06523452699184418, lr = 0.000125
2025-09-19 11:40:41 INFO     Epoch 1152 [10/32]: loss = 0.0695703849196434, lr = 0.000125
2025-09-19 11:40:41 INFO     Epoch 1152 [10/32]: loss = 0.0695703849196434, lr = 0.000125
2025-09-19 11:40:41 INFO     Epoch 1152 [10/32]: loss = 0.0695703849196434, lr = 0.000125
2025-09-19 11:40:41 INFO     Epoch 1152 [10/32]: loss = 0.0695703849196434, lr = 0.000125
2025-09-19 11:40:53 INFO     Epoch 1152 [20/32]: loss = 0.08509199321269989, lr = 0.000125
2025-09-19 11:40:53 INFO     Epoch 1152 [20/32]: loss = 0.08509199321269989, lr = 0.000125
2025-09-19 11:40:53 INFO     Epoch 1152 [20/32]: loss = 0.08509199321269989, lr = 0.000125
2025-09-19 11:40:53 INFO     Epoch 1152 [20/32]: loss = 0.08509199321269989, lr = 0.000125
2025-09-19 11:41:05 INFO     Epoch 1152 [30/32]: loss = 0.06773912161588669, lr = 0.000125
2025-09-19 11:41:05 INFO     Epoch 1152 [30/32]: loss = 0.06773912161588669, lr = 0.000125
2025-09-19 11:41:05 INFO     Epoch 1152 [30/32]: loss = 0.06773912161588669, lr = 0.000125
2025-09-19 11:41:05 INFO     Epoch 1152 [30/32]: loss = 0.06773912161588669, lr = 0.000125
2025-09-19 11:41:08 INFO     Epoch 1153 [0/32]: loss = 0.09302575141191483, lr = 0.000125
2025-09-19 11:41:08 INFO     Epoch 1153 [0/32]: loss = 0.09302575141191483, lr = 0.000125
2025-09-19 11:41:08 INFO     Epoch 1153 [0/32]: loss = 0.09302575141191483, lr = 0.000125
2025-09-19 11:41:08 INFO     Epoch 1153 [0/32]: loss = 0.09302575141191483, lr = 0.000125
2025-09-19 11:41:20 INFO     Epoch 1153 [10/32]: loss = 0.12081829458475113, lr = 0.000125
2025-09-19 11:41:20 INFO     Epoch 1153 [10/32]: loss = 0.12081829458475113, lr = 0.000125
2025-09-19 11:41:20 INFO     Epoch 1153 [10/32]: loss = 0.12081829458475113, lr = 0.000125
2025-09-19 11:41:20 INFO     Epoch 1153 [10/32]: loss = 0.12081829458475113, lr = 0.000125
2025-09-19 11:41:32 INFO     Epoch 1153 [20/32]: loss = 0.09274198114871979, lr = 0.000125
2025-09-19 11:41:32 INFO     Epoch 1153 [20/32]: loss = 0.09274198114871979, lr = 0.000125
2025-09-19 11:41:32 INFO     Epoch 1153 [20/32]: loss = 0.09274198114871979, lr = 0.000125
2025-09-19 11:41:32 INFO     Epoch 1153 [20/32]: loss = 0.09274198114871979, lr = 0.000125
2025-09-19 11:41:43 INFO     Epoch 1153 [30/32]: loss = 0.08046823740005493, lr = 0.000125
2025-09-19 11:41:43 INFO     Epoch 1153 [30/32]: loss = 0.08046823740005493, lr = 0.000125
2025-09-19 11:41:43 INFO     Epoch 1153 [30/32]: loss = 0.08046823740005493, lr = 0.000125
2025-09-19 11:41:43 INFO     Epoch 1153 [30/32]: loss = 0.08046823740005493, lr = 0.000125
2025-09-19 11:41:47 INFO     Epoch 1154 [0/32]: loss = 0.108455128967762, lr = 0.000125
2025-09-19 11:41:47 INFO     Epoch 1154 [0/32]: loss = 0.108455128967762, lr = 0.000125
2025-09-19 11:41:47 INFO     Epoch 1154 [0/32]: loss = 0.108455128967762, lr = 0.000125
2025-09-19 11:41:47 INFO     Epoch 1154 [0/32]: loss = 0.108455128967762, lr = 0.000125
2025-09-19 11:41:58 INFO     Epoch 1154 [10/32]: loss = 0.04540026932954788, lr = 0.000125
2025-09-19 11:41:58 INFO     Epoch 1154 [10/32]: loss = 0.04540026932954788, lr = 0.000125
2025-09-19 11:41:58 INFO     Epoch 1154 [10/32]: loss = 0.04540026932954788, lr = 0.000125
2025-09-19 11:41:58 INFO     Epoch 1154 [10/32]: loss = 0.04540026932954788, lr = 0.000125
2025-09-19 11:42:10 INFO     Epoch 1154 [20/32]: loss = 0.08710943907499313, lr = 0.000125
2025-09-19 11:42:10 INFO     Epoch 1154 [20/32]: loss = 0.08710943907499313, lr = 0.000125
2025-09-19 11:42:10 INFO     Epoch 1154 [20/32]: loss = 0.08710943907499313, lr = 0.000125
2025-09-19 11:42:10 INFO     Epoch 1154 [20/32]: loss = 0.08710943907499313, lr = 0.000125
2025-09-19 11:42:22 INFO     Epoch 1154 [30/32]: loss = 0.07860176265239716, lr = 0.000125
2025-09-19 11:42:22 INFO     Epoch 1154 [30/32]: loss = 0.07860176265239716, lr = 0.000125
2025-09-19 11:42:22 INFO     Epoch 1154 [30/32]: loss = 0.07860176265239716, lr = 0.000125
2025-09-19 11:42:22 INFO     Epoch 1154 [30/32]: loss = 0.07860176265239716, lr = 0.000125
2025-09-19 11:42:25 INFO     Epoch 1155 [0/32]: loss = 0.09987180680036545, lr = 0.000125
2025-09-19 11:42:25 INFO     Epoch 1155 [0/32]: loss = 0.09987180680036545, lr = 0.000125
2025-09-19 11:42:25 INFO     Epoch 1155 [0/32]: loss = 0.09987180680036545, lr = 0.000125
2025-09-19 11:42:25 INFO     Epoch 1155 [0/32]: loss = 0.09987180680036545, lr = 0.000125
2025-09-19 11:42:37 INFO     Epoch 1155 [10/32]: loss = 0.0780513659119606, lr = 0.000125
2025-09-19 11:42:37 INFO     Epoch 1155 [10/32]: loss = 0.0780513659119606, lr = 0.000125
2025-09-19 11:42:37 INFO     Epoch 1155 [10/32]: loss = 0.0780513659119606, lr = 0.000125
2025-09-19 11:42:37 INFO     Epoch 1155 [10/32]: loss = 0.0780513659119606, lr = 0.000125
2025-09-19 11:42:49 INFO     Epoch 1155 [20/32]: loss = 0.09208033978939056, lr = 0.000125
2025-09-19 11:42:49 INFO     Epoch 1155 [20/32]: loss = 0.09208033978939056, lr = 0.000125
2025-09-19 11:42:49 INFO     Epoch 1155 [20/32]: loss = 0.09208033978939056, lr = 0.000125
2025-09-19 11:42:49 INFO     Epoch 1155 [20/32]: loss = 0.09208033978939056, lr = 0.000125
2025-09-19 11:43:01 INFO     Epoch 1155 [30/32]: loss = 0.07639160007238388, lr = 0.000125
2025-09-19 11:43:01 INFO     Epoch 1155 [30/32]: loss = 0.07639160007238388, lr = 0.000125
2025-09-19 11:43:01 INFO     Epoch 1155 [30/32]: loss = 0.07639160007238388, lr = 0.000125
2025-09-19 11:43:01 INFO     Epoch 1155 [30/32]: loss = 0.07639160007238388, lr = 0.000125
2025-09-19 11:43:04 INFO     Epoch 1156 [0/32]: loss = 0.0883389264345169, lr = 0.000125
2025-09-19 11:43:04 INFO     Epoch 1156 [0/32]: loss = 0.0883389264345169, lr = 0.000125
2025-09-19 11:43:04 INFO     Epoch 1156 [0/32]: loss = 0.0883389264345169, lr = 0.000125
2025-09-19 11:43:04 INFO     Epoch 1156 [0/32]: loss = 0.0883389264345169, lr = 0.000125
2025-09-19 11:43:16 INFO     Epoch 1156 [10/32]: loss = 0.09678642451763153, lr = 0.000125
2025-09-19 11:43:16 INFO     Epoch 1156 [10/32]: loss = 0.09678642451763153, lr = 0.000125
2025-09-19 11:43:16 INFO     Epoch 1156 [10/32]: loss = 0.09678642451763153, lr = 0.000125
2025-09-19 11:43:16 INFO     Epoch 1156 [10/32]: loss = 0.09678642451763153, lr = 0.000125
2025-09-19 11:43:28 INFO     Epoch 1156 [20/32]: loss = 0.07522886246442795, lr = 0.000125
2025-09-19 11:43:28 INFO     Epoch 1156 [20/32]: loss = 0.07522886246442795, lr = 0.000125
2025-09-19 11:43:28 INFO     Epoch 1156 [20/32]: loss = 0.07522886246442795, lr = 0.000125
2025-09-19 11:43:28 INFO     Epoch 1156 [20/32]: loss = 0.07522886246442795, lr = 0.000125
2025-09-19 11:43:40 INFO     Epoch 1156 [30/32]: loss = 0.05764196068048477, lr = 0.000125
2025-09-19 11:43:40 INFO     Epoch 1156 [30/32]: loss = 0.05764196068048477, lr = 0.000125
2025-09-19 11:43:40 INFO     Epoch 1156 [30/32]: loss = 0.05764196068048477, lr = 0.000125
2025-09-19 11:43:40 INFO     Epoch 1156 [30/32]: loss = 0.05764196068048477, lr = 0.000125
2025-09-19 11:43:43 INFO     Epoch 1157 [0/32]: loss = 0.06709980964660645, lr = 0.000125
2025-09-19 11:43:43 INFO     Epoch 1157 [0/32]: loss = 0.06709980964660645, lr = 0.000125
2025-09-19 11:43:43 INFO     Epoch 1157 [0/32]: loss = 0.06709980964660645, lr = 0.000125
2025-09-19 11:43:43 INFO     Epoch 1157 [0/32]: loss = 0.06709980964660645, lr = 0.000125
2025-09-19 11:43:55 INFO     Epoch 1157 [10/32]: loss = 0.0692368745803833, lr = 0.000125
2025-09-19 11:43:55 INFO     Epoch 1157 [10/32]: loss = 0.0692368745803833, lr = 0.000125
2025-09-19 11:43:55 INFO     Epoch 1157 [10/32]: loss = 0.0692368745803833, lr = 0.000125
2025-09-19 11:43:55 INFO     Epoch 1157 [10/32]: loss = 0.0692368745803833, lr = 0.000125
2025-09-19 11:44:07 INFO     Epoch 1157 [20/32]: loss = 0.061673711985349655, lr = 0.000125
2025-09-19 11:44:07 INFO     Epoch 1157 [20/32]: loss = 0.061673711985349655, lr = 0.000125
2025-09-19 11:44:07 INFO     Epoch 1157 [20/32]: loss = 0.061673711985349655, lr = 0.000125
2025-09-19 11:44:07 INFO     Epoch 1157 [20/32]: loss = 0.061673711985349655, lr = 0.000125
2025-09-19 11:44:18 INFO     Epoch 1157 [30/32]: loss = 0.09642501175403595, lr = 0.000125
2025-09-19 11:44:18 INFO     Epoch 1157 [30/32]: loss = 0.09642501175403595, lr = 0.000125
2025-09-19 11:44:18 INFO     Epoch 1157 [30/32]: loss = 0.09642501175403595, lr = 0.000125
2025-09-19 11:44:18 INFO     Epoch 1157 [30/32]: loss = 0.09642501175403595, lr = 0.000125
2025-09-19 11:44:22 INFO     Epoch 1158 [0/32]: loss = 0.10250113904476166, lr = 0.000125
2025-09-19 11:44:22 INFO     Epoch 1158 [0/32]: loss = 0.10250113904476166, lr = 0.000125
2025-09-19 11:44:22 INFO     Epoch 1158 [0/32]: loss = 0.10250113904476166, lr = 0.000125
2025-09-19 11:44:22 INFO     Epoch 1158 [0/32]: loss = 0.10250113904476166, lr = 0.000125
2025-09-19 11:44:33 INFO     Epoch 1158 [10/32]: loss = 0.07600252330303192, lr = 0.000125
2025-09-19 11:44:33 INFO     Epoch 1158 [10/32]: loss = 0.07600252330303192, lr = 0.000125
2025-09-19 11:44:33 INFO     Epoch 1158 [10/32]: loss = 0.07600252330303192, lr = 0.000125
2025-09-19 11:44:33 INFO     Epoch 1158 [10/32]: loss = 0.07600252330303192, lr = 0.000125
2025-09-19 11:44:45 INFO     Epoch 1158 [20/32]: loss = 0.055840928107500076, lr = 0.000125
2025-09-19 11:44:45 INFO     Epoch 1158 [20/32]: loss = 0.055840928107500076, lr = 0.000125
2025-09-19 11:44:45 INFO     Epoch 1158 [20/32]: loss = 0.055840928107500076, lr = 0.000125
2025-09-19 11:44:45 INFO     Epoch 1158 [20/32]: loss = 0.055840928107500076, lr = 0.000125
2025-09-19 11:44:57 INFO     Epoch 1158 [30/32]: loss = 0.08739440143108368, lr = 0.000125
2025-09-19 11:44:57 INFO     Epoch 1158 [30/32]: loss = 0.08739440143108368, lr = 0.000125
2025-09-19 11:44:57 INFO     Epoch 1158 [30/32]: loss = 0.08739440143108368, lr = 0.000125
2025-09-19 11:44:57 INFO     Epoch 1158 [30/32]: loss = 0.08739440143108368, lr = 0.000125
2025-09-19 11:45:00 INFO     Epoch 1159 [0/32]: loss = 0.05635221302509308, lr = 0.000125
2025-09-19 11:45:00 INFO     Epoch 1159 [0/32]: loss = 0.05635221302509308, lr = 0.000125
2025-09-19 11:45:00 INFO     Epoch 1159 [0/32]: loss = 0.05635221302509308, lr = 0.000125
2025-09-19 11:45:00 INFO     Epoch 1159 [0/32]: loss = 0.05635221302509308, lr = 0.000125
2025-09-19 11:45:12 INFO     Epoch 1159 [10/32]: loss = 0.06245071440935135, lr = 0.000125
2025-09-19 11:45:12 INFO     Epoch 1159 [10/32]: loss = 0.06245071440935135, lr = 0.000125
2025-09-19 11:45:12 INFO     Epoch 1159 [10/32]: loss = 0.06245071440935135, lr = 0.000125
2025-09-19 11:45:12 INFO     Epoch 1159 [10/32]: loss = 0.06245071440935135, lr = 0.000125
2025-09-19 11:45:24 INFO     Epoch 1159 [20/32]: loss = 0.07248806953430176, lr = 0.000125
2025-09-19 11:45:24 INFO     Epoch 1159 [20/32]: loss = 0.07248806953430176, lr = 0.000125
2025-09-19 11:45:24 INFO     Epoch 1159 [20/32]: loss = 0.07248806953430176, lr = 0.000125
2025-09-19 11:45:24 INFO     Epoch 1159 [20/32]: loss = 0.07248806953430176, lr = 0.000125
2025-09-19 11:45:36 INFO     Epoch 1159 [30/32]: loss = 0.059875231236219406, lr = 0.000125
2025-09-19 11:45:36 INFO     Epoch 1159 [30/32]: loss = 0.059875231236219406, lr = 0.000125
2025-09-19 11:45:36 INFO     Epoch 1159 [30/32]: loss = 0.059875231236219406, lr = 0.000125
2025-09-19 11:45:36 INFO     Epoch 1159 [30/32]: loss = 0.059875231236219406, lr = 0.000125
2025-09-19 11:45:39 INFO     Epoch 1160 [0/32]: loss = 0.06910847872495651, lr = 0.000125
2025-09-19 11:45:39 INFO     Epoch 1160 [0/32]: loss = 0.06910847872495651, lr = 0.000125
2025-09-19 11:45:39 INFO     Epoch 1160 [0/32]: loss = 0.06910847872495651, lr = 0.000125
2025-09-19 11:45:39 INFO     Epoch 1160 [0/32]: loss = 0.06910847872495651, lr = 0.000125
2025-09-19 11:45:51 INFO     Epoch 1160 [10/32]: loss = 0.10540331900119781, lr = 0.000125
2025-09-19 11:45:51 INFO     Epoch 1160 [10/32]: loss = 0.10540331900119781, lr = 0.000125
2025-09-19 11:45:51 INFO     Epoch 1160 [10/32]: loss = 0.10540331900119781, lr = 0.000125
2025-09-19 11:45:51 INFO     Epoch 1160 [10/32]: loss = 0.10540331900119781, lr = 0.000125
2025-09-19 11:46:03 INFO     Epoch 1160 [20/32]: loss = 0.08208966255187988, lr = 0.000125
2025-09-19 11:46:03 INFO     Epoch 1160 [20/32]: loss = 0.08208966255187988, lr = 0.000125
2025-09-19 11:46:03 INFO     Epoch 1160 [20/32]: loss = 0.08208966255187988, lr = 0.000125
2025-09-19 11:46:03 INFO     Epoch 1160 [20/32]: loss = 0.08208966255187988, lr = 0.000125
2025-09-19 11:46:15 INFO     Epoch 1160 [30/32]: loss = 0.08230853080749512, lr = 0.000125
2025-09-19 11:46:15 INFO     Epoch 1160 [30/32]: loss = 0.08230853080749512, lr = 0.000125
2025-09-19 11:46:15 INFO     Epoch 1160 [30/32]: loss = 0.08230853080749512, lr = 0.000125
2025-09-19 11:46:15 INFO     Epoch 1160 [30/32]: loss = 0.08230853080749512, lr = 0.000125
2025-09-19 11:46:18 INFO     Epoch 1161 [0/32]: loss = 0.08022083342075348, lr = 0.000125
2025-09-19 11:46:18 INFO     Epoch 1161 [0/32]: loss = 0.08022083342075348, lr = 0.000125
2025-09-19 11:46:18 INFO     Epoch 1161 [0/32]: loss = 0.08022083342075348, lr = 0.000125
2025-09-19 11:46:18 INFO     Epoch 1161 [0/32]: loss = 0.08022083342075348, lr = 0.000125
2025-09-19 11:46:30 INFO     Epoch 1161 [10/32]: loss = 0.09700441360473633, lr = 0.000125
2025-09-19 11:46:30 INFO     Epoch 1161 [10/32]: loss = 0.09700441360473633, lr = 0.000125
2025-09-19 11:46:30 INFO     Epoch 1161 [10/32]: loss = 0.09700441360473633, lr = 0.000125
2025-09-19 11:46:30 INFO     Epoch 1161 [10/32]: loss = 0.09700441360473633, lr = 0.000125
2025-09-19 11:46:41 INFO     Epoch 1161 [20/32]: loss = 0.045660052448511124, lr = 0.000125
2025-09-19 11:46:41 INFO     Epoch 1161 [20/32]: loss = 0.045660052448511124, lr = 0.000125
2025-09-19 11:46:41 INFO     Epoch 1161 [20/32]: loss = 0.045660052448511124, lr = 0.000125
2025-09-19 11:46:41 INFO     Epoch 1161 [20/32]: loss = 0.045660052448511124, lr = 0.000125
2025-09-19 11:46:53 INFO     Epoch 1161 [30/32]: loss = 0.07939061522483826, lr = 0.000125
2025-09-19 11:46:53 INFO     Epoch 1161 [30/32]: loss = 0.07939061522483826, lr = 0.000125
2025-09-19 11:46:53 INFO     Epoch 1161 [30/32]: loss = 0.07939061522483826, lr = 0.000125
2025-09-19 11:46:53 INFO     Epoch 1161 [30/32]: loss = 0.07939061522483826, lr = 0.000125
2025-09-19 11:46:56 INFO     Epoch 1162 [0/32]: loss = 0.07470905780792236, lr = 0.000125
2025-09-19 11:46:56 INFO     Epoch 1162 [0/32]: loss = 0.07470905780792236, lr = 0.000125
2025-09-19 11:46:56 INFO     Epoch 1162 [0/32]: loss = 0.07470905780792236, lr = 0.000125
2025-09-19 11:46:56 INFO     Epoch 1162 [0/32]: loss = 0.07470905780792236, lr = 0.000125
2025-09-19 11:47:08 INFO     Epoch 1162 [10/32]: loss = 0.05989028513431549, lr = 0.000125
2025-09-19 11:47:08 INFO     Epoch 1162 [10/32]: loss = 0.05989028513431549, lr = 0.000125
2025-09-19 11:47:08 INFO     Epoch 1162 [10/32]: loss = 0.05989028513431549, lr = 0.000125
2025-09-19 11:47:08 INFO     Epoch 1162 [10/32]: loss = 0.05989028513431549, lr = 0.000125
2025-09-19 11:47:20 INFO     Epoch 1162 [20/32]: loss = 0.057973187416791916, lr = 0.000125
2025-09-19 11:47:20 INFO     Epoch 1162 [20/32]: loss = 0.057973187416791916, lr = 0.000125
2025-09-19 11:47:20 INFO     Epoch 1162 [20/32]: loss = 0.057973187416791916, lr = 0.000125
2025-09-19 11:47:20 INFO     Epoch 1162 [20/32]: loss = 0.057973187416791916, lr = 0.000125
2025-09-19 11:47:32 INFO     Epoch 1162 [30/32]: loss = 0.07165973633527756, lr = 0.000125
2025-09-19 11:47:32 INFO     Epoch 1162 [30/32]: loss = 0.07165973633527756, lr = 0.000125
2025-09-19 11:47:32 INFO     Epoch 1162 [30/32]: loss = 0.07165973633527756, lr = 0.000125
2025-09-19 11:47:32 INFO     Epoch 1162 [30/32]: loss = 0.07165973633527756, lr = 0.000125
2025-09-19 11:47:35 INFO     Epoch 1163 [0/32]: loss = 0.08053366094827652, lr = 0.000125
2025-09-19 11:47:35 INFO     Epoch 1163 [0/32]: loss = 0.08053366094827652, lr = 0.000125
2025-09-19 11:47:35 INFO     Epoch 1163 [0/32]: loss = 0.08053366094827652, lr = 0.000125
2025-09-19 11:47:35 INFO     Epoch 1163 [0/32]: loss = 0.08053366094827652, lr = 0.000125
2025-09-19 11:47:47 INFO     Epoch 1163 [10/32]: loss = 0.09461615979671478, lr = 0.000125
2025-09-19 11:47:47 INFO     Epoch 1163 [10/32]: loss = 0.09461615979671478, lr = 0.000125
2025-09-19 11:47:47 INFO     Epoch 1163 [10/32]: loss = 0.09461615979671478, lr = 0.000125
2025-09-19 11:47:47 INFO     Epoch 1163 [10/32]: loss = 0.09461615979671478, lr = 0.000125
2025-09-19 11:47:59 INFO     Epoch 1163 [20/32]: loss = 0.04067595675587654, lr = 0.000125
2025-09-19 11:47:59 INFO     Epoch 1163 [20/32]: loss = 0.04067595675587654, lr = 0.000125
2025-09-19 11:47:59 INFO     Epoch 1163 [20/32]: loss = 0.04067595675587654, lr = 0.000125
2025-09-19 11:47:59 INFO     Epoch 1163 [20/32]: loss = 0.04067595675587654, lr = 0.000125
2025-09-19 11:48:11 INFO     Epoch 1163 [30/32]: loss = 0.05133289098739624, lr = 0.000125
2025-09-19 11:48:11 INFO     Epoch 1163 [30/32]: loss = 0.05133289098739624, lr = 0.000125
2025-09-19 11:48:11 INFO     Epoch 1163 [30/32]: loss = 0.05133289098739624, lr = 0.000125
2025-09-19 11:48:11 INFO     Epoch 1163 [30/32]: loss = 0.05133289098739624, lr = 0.000125
2025-09-19 11:48:14 INFO     Epoch 1164 [0/32]: loss = 0.07946375757455826, lr = 0.000125
2025-09-19 11:48:14 INFO     Epoch 1164 [0/32]: loss = 0.07946375757455826, lr = 0.000125
2025-09-19 11:48:14 INFO     Epoch 1164 [0/32]: loss = 0.07946375757455826, lr = 0.000125
2025-09-19 11:48:14 INFO     Epoch 1164 [0/32]: loss = 0.07946375757455826, lr = 0.000125
2025-09-19 11:48:26 INFO     Epoch 1164 [10/32]: loss = 0.09331405907869339, lr = 0.000125
2025-09-19 11:48:26 INFO     Epoch 1164 [10/32]: loss = 0.09331405907869339, lr = 0.000125
2025-09-19 11:48:26 INFO     Epoch 1164 [10/32]: loss = 0.09331405907869339, lr = 0.000125
2025-09-19 11:48:26 INFO     Epoch 1164 [10/32]: loss = 0.09331405907869339, lr = 0.000125
2025-09-19 11:48:37 INFO     Epoch 1164 [20/32]: loss = 0.0733310729265213, lr = 0.000125
2025-09-19 11:48:37 INFO     Epoch 1164 [20/32]: loss = 0.0733310729265213, lr = 0.000125
2025-09-19 11:48:37 INFO     Epoch 1164 [20/32]: loss = 0.0733310729265213, lr = 0.000125
2025-09-19 11:48:37 INFO     Epoch 1164 [20/32]: loss = 0.0733310729265213, lr = 0.000125
2025-09-19 11:48:49 INFO     Epoch 1164 [30/32]: loss = 0.07980778813362122, lr = 0.000125
2025-09-19 11:48:49 INFO     Epoch 1164 [30/32]: loss = 0.07980778813362122, lr = 0.000125
2025-09-19 11:48:49 INFO     Epoch 1164 [30/32]: loss = 0.07980778813362122, lr = 0.000125
2025-09-19 11:48:49 INFO     Epoch 1164 [30/32]: loss = 0.07980778813362122, lr = 0.000125
2025-09-19 11:48:52 INFO     Epoch 1165 [0/32]: loss = 0.07863935083150864, lr = 0.000125
2025-09-19 11:48:52 INFO     Epoch 1165 [0/32]: loss = 0.07863935083150864, lr = 0.000125
2025-09-19 11:48:52 INFO     Epoch 1165 [0/32]: loss = 0.07863935083150864, lr = 0.000125
2025-09-19 11:48:52 INFO     Epoch 1165 [0/32]: loss = 0.07863935083150864, lr = 0.000125
2025-09-19 11:49:04 INFO     Epoch 1165 [10/32]: loss = 0.08258602768182755, lr = 0.000125
2025-09-19 11:49:04 INFO     Epoch 1165 [10/32]: loss = 0.08258602768182755, lr = 0.000125
2025-09-19 11:49:04 INFO     Epoch 1165 [10/32]: loss = 0.08258602768182755, lr = 0.000125
2025-09-19 11:49:04 INFO     Epoch 1165 [10/32]: loss = 0.08258602768182755, lr = 0.000125
2025-09-19 11:49:16 INFO     Epoch 1165 [20/32]: loss = 0.08065032958984375, lr = 0.000125
2025-09-19 11:49:16 INFO     Epoch 1165 [20/32]: loss = 0.08065032958984375, lr = 0.000125
2025-09-19 11:49:16 INFO     Epoch 1165 [20/32]: loss = 0.08065032958984375, lr = 0.000125
2025-09-19 11:49:16 INFO     Epoch 1165 [20/32]: loss = 0.08065032958984375, lr = 0.000125
2025-09-19 11:49:28 INFO     Epoch 1165 [30/32]: loss = 0.08516392111778259, lr = 0.000125
2025-09-19 11:49:28 INFO     Epoch 1165 [30/32]: loss = 0.08516392111778259, lr = 0.000125
2025-09-19 11:49:28 INFO     Epoch 1165 [30/32]: loss = 0.08516392111778259, lr = 0.000125
2025-09-19 11:49:28 INFO     Epoch 1165 [30/32]: loss = 0.08516392111778259, lr = 0.000125
2025-09-19 11:49:31 INFO     Epoch 1166 [0/32]: loss = 0.06760946661233902, lr = 0.000125
2025-09-19 11:49:31 INFO     Epoch 1166 [0/32]: loss = 0.06760946661233902, lr = 0.000125
2025-09-19 11:49:31 INFO     Epoch 1166 [0/32]: loss = 0.06760946661233902, lr = 0.000125
2025-09-19 11:49:31 INFO     Epoch 1166 [0/32]: loss = 0.06760946661233902, lr = 0.000125
2025-09-19 11:49:43 INFO     Epoch 1166 [10/32]: loss = 0.08141022175550461, lr = 0.000125
2025-09-19 11:49:43 INFO     Epoch 1166 [10/32]: loss = 0.08141022175550461, lr = 0.000125
2025-09-19 11:49:43 INFO     Epoch 1166 [10/32]: loss = 0.08141022175550461, lr = 0.000125
2025-09-19 11:49:43 INFO     Epoch 1166 [10/32]: loss = 0.08141022175550461, lr = 0.000125
2025-09-19 11:49:55 INFO     Epoch 1166 [20/32]: loss = 0.08136574923992157, lr = 0.000125
2025-09-19 11:49:55 INFO     Epoch 1166 [20/32]: loss = 0.08136574923992157, lr = 0.000125
2025-09-19 11:49:55 INFO     Epoch 1166 [20/32]: loss = 0.08136574923992157, lr = 0.000125
2025-09-19 11:49:55 INFO     Epoch 1166 [20/32]: loss = 0.08136574923992157, lr = 0.000125
2025-09-19 11:50:07 INFO     Epoch 1166 [30/32]: loss = 0.05821491777896881, lr = 0.000125
2025-09-19 11:50:07 INFO     Epoch 1166 [30/32]: loss = 0.05821491777896881, lr = 0.000125
2025-09-19 11:50:07 INFO     Epoch 1166 [30/32]: loss = 0.05821491777896881, lr = 0.000125
2025-09-19 11:50:07 INFO     Epoch 1166 [30/32]: loss = 0.05821491777896881, lr = 0.000125
2025-09-19 11:50:10 INFO     Epoch 1167 [0/32]: loss = 0.08580315113067627, lr = 0.000125
2025-09-19 11:50:10 INFO     Epoch 1167 [0/32]: loss = 0.08580315113067627, lr = 0.000125
2025-09-19 11:50:10 INFO     Epoch 1167 [0/32]: loss = 0.08580315113067627, lr = 0.000125
2025-09-19 11:50:10 INFO     Epoch 1167 [0/32]: loss = 0.08580315113067627, lr = 0.000125
2025-09-19 11:50:22 INFO     Epoch 1167 [10/32]: loss = 0.08001158386468887, lr = 0.000125
2025-09-19 11:50:22 INFO     Epoch 1167 [10/32]: loss = 0.08001158386468887, lr = 0.000125
2025-09-19 11:50:22 INFO     Epoch 1167 [10/32]: loss = 0.08001158386468887, lr = 0.000125
2025-09-19 11:50:22 INFO     Epoch 1167 [10/32]: loss = 0.08001158386468887, lr = 0.000125
2025-09-19 11:50:34 INFO     Epoch 1167 [20/32]: loss = 0.053692325949668884, lr = 0.000125
2025-09-19 11:50:34 INFO     Epoch 1167 [20/32]: loss = 0.053692325949668884, lr = 0.000125
2025-09-19 11:50:34 INFO     Epoch 1167 [20/32]: loss = 0.053692325949668884, lr = 0.000125
2025-09-19 11:50:34 INFO     Epoch 1167 [20/32]: loss = 0.053692325949668884, lr = 0.000125
2025-09-19 11:50:46 INFO     Epoch 1167 [30/32]: loss = 0.08781681954860687, lr = 0.000125
2025-09-19 11:50:46 INFO     Epoch 1167 [30/32]: loss = 0.08781681954860687, lr = 0.000125
2025-09-19 11:50:46 INFO     Epoch 1167 [30/32]: loss = 0.08781681954860687, lr = 0.000125
2025-09-19 11:50:46 INFO     Epoch 1167 [30/32]: loss = 0.08781681954860687, lr = 0.000125
2025-09-19 11:50:49 INFO     Epoch 1168 [0/32]: loss = 0.06683975458145142, lr = 0.000125
2025-09-19 11:50:49 INFO     Epoch 1168 [0/32]: loss = 0.06683975458145142, lr = 0.000125
2025-09-19 11:50:49 INFO     Epoch 1168 [0/32]: loss = 0.06683975458145142, lr = 0.000125
2025-09-19 11:50:49 INFO     Epoch 1168 [0/32]: loss = 0.06683975458145142, lr = 0.000125
2025-09-19 11:51:01 INFO     Epoch 1168 [10/32]: loss = 0.07302434742450714, lr = 0.000125
2025-09-19 11:51:01 INFO     Epoch 1168 [10/32]: loss = 0.07302434742450714, lr = 0.000125
2025-09-19 11:51:01 INFO     Epoch 1168 [10/32]: loss = 0.07302434742450714, lr = 0.000125
2025-09-19 11:51:01 INFO     Epoch 1168 [10/32]: loss = 0.07302434742450714, lr = 0.000125
2025-09-19 11:51:12 INFO     Epoch 1168 [20/32]: loss = 0.0810253918170929, lr = 0.000125
2025-09-19 11:51:12 INFO     Epoch 1168 [20/32]: loss = 0.0810253918170929, lr = 0.000125
2025-09-19 11:51:12 INFO     Epoch 1168 [20/32]: loss = 0.0810253918170929, lr = 0.000125
2025-09-19 11:51:12 INFO     Epoch 1168 [20/32]: loss = 0.0810253918170929, lr = 0.000125
2025-09-19 11:51:24 INFO     Epoch 1168 [30/32]: loss = 0.07506787776947021, lr = 0.000125
2025-09-19 11:51:24 INFO     Epoch 1168 [30/32]: loss = 0.07506787776947021, lr = 0.000125
2025-09-19 11:51:24 INFO     Epoch 1168 [30/32]: loss = 0.07506787776947021, lr = 0.000125
2025-09-19 11:51:24 INFO     Epoch 1168 [30/32]: loss = 0.07506787776947021, lr = 0.000125
2025-09-19 11:51:27 INFO     Epoch 1169 [0/32]: loss = 0.03588501363992691, lr = 0.000125
2025-09-19 11:51:27 INFO     Epoch 1169 [0/32]: loss = 0.03588501363992691, lr = 0.000125
2025-09-19 11:51:27 INFO     Epoch 1169 [0/32]: loss = 0.03588501363992691, lr = 0.000125
2025-09-19 11:51:27 INFO     Epoch 1169 [0/32]: loss = 0.03588501363992691, lr = 0.000125
2025-09-19 11:51:39 INFO     Epoch 1169 [10/32]: loss = 0.05523642525076866, lr = 0.000125
2025-09-19 11:51:39 INFO     Epoch 1169 [10/32]: loss = 0.05523642525076866, lr = 0.000125
2025-09-19 11:51:39 INFO     Epoch 1169 [10/32]: loss = 0.05523642525076866, lr = 0.000125
2025-09-19 11:51:39 INFO     Epoch 1169 [10/32]: loss = 0.05523642525076866, lr = 0.000125
2025-09-19 11:51:51 INFO     Epoch 1169 [20/32]: loss = 0.05886184424161911, lr = 0.000125
2025-09-19 11:51:51 INFO     Epoch 1169 [20/32]: loss = 0.05886184424161911, lr = 0.000125
2025-09-19 11:51:51 INFO     Epoch 1169 [20/32]: loss = 0.05886184424161911, lr = 0.000125
2025-09-19 11:51:51 INFO     Epoch 1169 [20/32]: loss = 0.05886184424161911, lr = 0.000125
2025-09-19 11:52:03 INFO     Epoch 1169 [30/32]: loss = 0.07297676801681519, lr = 0.000125
2025-09-19 11:52:03 INFO     Epoch 1169 [30/32]: loss = 0.07297676801681519, lr = 0.000125
2025-09-19 11:52:03 INFO     Epoch 1169 [30/32]: loss = 0.07297676801681519, lr = 0.000125
2025-09-19 11:52:03 INFO     Epoch 1169 [30/32]: loss = 0.07297676801681519, lr = 0.000125
2025-09-19 11:52:06 INFO     Epoch 1170 [0/32]: loss = 0.060961611568927765, lr = 0.000125
2025-09-19 11:52:06 INFO     Epoch 1170 [0/32]: loss = 0.060961611568927765, lr = 0.000125
2025-09-19 11:52:06 INFO     Epoch 1170 [0/32]: loss = 0.060961611568927765, lr = 0.000125
2025-09-19 11:52:06 INFO     Epoch 1170 [0/32]: loss = 0.060961611568927765, lr = 0.000125
2025-09-19 11:52:18 INFO     Epoch 1170 [10/32]: loss = 0.06936707347631454, lr = 0.000125
2025-09-19 11:52:18 INFO     Epoch 1170 [10/32]: loss = 0.06936707347631454, lr = 0.000125
2025-09-19 11:52:18 INFO     Epoch 1170 [10/32]: loss = 0.06936707347631454, lr = 0.000125
2025-09-19 11:52:18 INFO     Epoch 1170 [10/32]: loss = 0.06936707347631454, lr = 0.000125
2025-09-19 11:52:30 INFO     Epoch 1170 [20/32]: loss = 0.0767877846956253, lr = 0.000125
2025-09-19 11:52:30 INFO     Epoch 1170 [20/32]: loss = 0.0767877846956253, lr = 0.000125
2025-09-19 11:52:30 INFO     Epoch 1170 [20/32]: loss = 0.0767877846956253, lr = 0.000125
2025-09-19 11:52:30 INFO     Epoch 1170 [20/32]: loss = 0.0767877846956253, lr = 0.000125
2025-09-19 11:52:42 INFO     Epoch 1170 [30/32]: loss = 0.08577226102352142, lr = 0.000125
2025-09-19 11:52:42 INFO     Epoch 1170 [30/32]: loss = 0.08577226102352142, lr = 0.000125
2025-09-19 11:52:42 INFO     Epoch 1170 [30/32]: loss = 0.08577226102352142, lr = 0.000125
2025-09-19 11:52:42 INFO     Epoch 1170 [30/32]: loss = 0.08577226102352142, lr = 0.000125
2025-09-19 11:52:45 INFO     Epoch 1171 [0/32]: loss = 0.06610268354415894, lr = 0.000125
2025-09-19 11:52:45 INFO     Epoch 1171 [0/32]: loss = 0.06610268354415894, lr = 0.000125
2025-09-19 11:52:45 INFO     Epoch 1171 [0/32]: loss = 0.06610268354415894, lr = 0.000125
2025-09-19 11:52:45 INFO     Epoch 1171 [0/32]: loss = 0.06610268354415894, lr = 0.000125
2025-09-19 11:52:57 INFO     Epoch 1171 [10/32]: loss = 0.06950768828392029, lr = 0.000125
2025-09-19 11:52:57 INFO     Epoch 1171 [10/32]: loss = 0.06950768828392029, lr = 0.000125
2025-09-19 11:52:57 INFO     Epoch 1171 [10/32]: loss = 0.06950768828392029, lr = 0.000125
2025-09-19 11:52:57 INFO     Epoch 1171 [10/32]: loss = 0.06950768828392029, lr = 0.000125
2025-09-19 11:53:09 INFO     Epoch 1171 [20/32]: loss = 0.08241568505764008, lr = 0.000125
2025-09-19 11:53:09 INFO     Epoch 1171 [20/32]: loss = 0.08241568505764008, lr = 0.000125
2025-09-19 11:53:09 INFO     Epoch 1171 [20/32]: loss = 0.08241568505764008, lr = 0.000125
2025-09-19 11:53:09 INFO     Epoch 1171 [20/32]: loss = 0.08241568505764008, lr = 0.000125
2025-09-19 11:53:20 INFO     Epoch 1171 [30/32]: loss = 0.08407895267009735, lr = 0.000125
2025-09-19 11:53:20 INFO     Epoch 1171 [30/32]: loss = 0.08407895267009735, lr = 0.000125
2025-09-19 11:53:20 INFO     Epoch 1171 [30/32]: loss = 0.08407895267009735, lr = 0.000125
2025-09-19 11:53:20 INFO     Epoch 1171 [30/32]: loss = 0.08407895267009735, lr = 0.000125
2025-09-19 11:53:24 INFO     Epoch 1172 [0/32]: loss = 0.049328360706567764, lr = 0.000125
2025-09-19 11:53:24 INFO     Epoch 1172 [0/32]: loss = 0.049328360706567764, lr = 0.000125
2025-09-19 11:53:24 INFO     Epoch 1172 [0/32]: loss = 0.049328360706567764, lr = 0.000125
2025-09-19 11:53:24 INFO     Epoch 1172 [0/32]: loss = 0.049328360706567764, lr = 0.000125
2025-09-19 11:53:35 INFO     Epoch 1172 [10/32]: loss = 0.05625644326210022, lr = 0.000125
2025-09-19 11:53:35 INFO     Epoch 1172 [10/32]: loss = 0.05625644326210022, lr = 0.000125
2025-09-19 11:53:35 INFO     Epoch 1172 [10/32]: loss = 0.05625644326210022, lr = 0.000125
2025-09-19 11:53:35 INFO     Epoch 1172 [10/32]: loss = 0.05625644326210022, lr = 0.000125
2025-09-19 11:53:47 INFO     Epoch 1172 [20/32]: loss = 0.07679624855518341, lr = 0.000125
2025-09-19 11:53:47 INFO     Epoch 1172 [20/32]: loss = 0.07679624855518341, lr = 0.000125
2025-09-19 11:53:47 INFO     Epoch 1172 [20/32]: loss = 0.07679624855518341, lr = 0.000125
2025-09-19 11:53:47 INFO     Epoch 1172 [20/32]: loss = 0.07679624855518341, lr = 0.000125
2025-09-19 11:53:59 INFO     Epoch 1172 [30/32]: loss = 0.06741704791784286, lr = 0.000125
2025-09-19 11:53:59 INFO     Epoch 1172 [30/32]: loss = 0.06741704791784286, lr = 0.000125
2025-09-19 11:53:59 INFO     Epoch 1172 [30/32]: loss = 0.06741704791784286, lr = 0.000125
2025-09-19 11:53:59 INFO     Epoch 1172 [30/32]: loss = 0.06741704791784286, lr = 0.000125
2025-09-19 11:54:02 INFO     Epoch 1173 [0/32]: loss = 0.06367004662752151, lr = 0.000125
2025-09-19 11:54:02 INFO     Epoch 1173 [0/32]: loss = 0.06367004662752151, lr = 0.000125
2025-09-19 11:54:02 INFO     Epoch 1173 [0/32]: loss = 0.06367004662752151, lr = 0.000125
2025-09-19 11:54:02 INFO     Epoch 1173 [0/32]: loss = 0.06367004662752151, lr = 0.000125
2025-09-19 11:54:14 INFO     Epoch 1173 [10/32]: loss = 0.06611157953739166, lr = 0.000125
2025-09-19 11:54:14 INFO     Epoch 1173 [10/32]: loss = 0.06611157953739166, lr = 0.000125
2025-09-19 11:54:14 INFO     Epoch 1173 [10/32]: loss = 0.06611157953739166, lr = 0.000125
2025-09-19 11:54:14 INFO     Epoch 1173 [10/32]: loss = 0.06611157953739166, lr = 0.000125
2025-09-19 11:54:26 INFO     Epoch 1173 [20/32]: loss = 0.07950487732887268, lr = 0.000125
2025-09-19 11:54:26 INFO     Epoch 1173 [20/32]: loss = 0.07950487732887268, lr = 0.000125
2025-09-19 11:54:26 INFO     Epoch 1173 [20/32]: loss = 0.07950487732887268, lr = 0.000125
2025-09-19 11:54:26 INFO     Epoch 1173 [20/32]: loss = 0.07950487732887268, lr = 0.000125
2025-09-19 11:54:37 INFO     Epoch 1173 [30/32]: loss = 0.0655130073428154, lr = 0.000125
2025-09-19 11:54:37 INFO     Epoch 1173 [30/32]: loss = 0.0655130073428154, lr = 0.000125
2025-09-19 11:54:37 INFO     Epoch 1173 [30/32]: loss = 0.0655130073428154, lr = 0.000125
2025-09-19 11:54:37 INFO     Epoch 1173 [30/32]: loss = 0.0655130073428154, lr = 0.000125
2025-09-19 11:54:41 INFO     Epoch 1174 [0/32]: loss = 0.05460622161626816, lr = 0.000125
2025-09-19 11:54:41 INFO     Epoch 1174 [0/32]: loss = 0.05460622161626816, lr = 0.000125
2025-09-19 11:54:41 INFO     Epoch 1174 [0/32]: loss = 0.05460622161626816, lr = 0.000125
2025-09-19 11:54:41 INFO     Epoch 1174 [0/32]: loss = 0.05460622161626816, lr = 0.000125
2025-09-19 11:54:53 INFO     Epoch 1174 [10/32]: loss = 0.08972878009080887, lr = 0.000125
2025-09-19 11:54:53 INFO     Epoch 1174 [10/32]: loss = 0.08972878009080887, lr = 0.000125
2025-09-19 11:54:53 INFO     Epoch 1174 [10/32]: loss = 0.08972878009080887, lr = 0.000125
2025-09-19 11:54:53 INFO     Epoch 1174 [10/32]: loss = 0.08972878009080887, lr = 0.000125
2025-09-19 11:55:04 INFO     Epoch 1174 [20/32]: loss = 0.04779496788978577, lr = 0.000125
2025-09-19 11:55:04 INFO     Epoch 1174 [20/32]: loss = 0.04779496788978577, lr = 0.000125
2025-09-19 11:55:04 INFO     Epoch 1174 [20/32]: loss = 0.04779496788978577, lr = 0.000125
2025-09-19 11:55:04 INFO     Epoch 1174 [20/32]: loss = 0.04779496788978577, lr = 0.000125
2025-09-19 11:55:16 INFO     Epoch 1174 [30/32]: loss = 0.09546200931072235, lr = 0.000125
2025-09-19 11:55:16 INFO     Epoch 1174 [30/32]: loss = 0.09546200931072235, lr = 0.000125
2025-09-19 11:55:16 INFO     Epoch 1174 [30/32]: loss = 0.09546200931072235, lr = 0.000125
2025-09-19 11:55:16 INFO     Epoch 1174 [30/32]: loss = 0.09546200931072235, lr = 0.000125
2025-09-19 11:55:19 INFO     Epoch 1175 [0/32]: loss = 0.06814359873533249, lr = 0.000125
2025-09-19 11:55:19 INFO     Epoch 1175 [0/32]: loss = 0.06814359873533249, lr = 0.000125
2025-09-19 11:55:19 INFO     Epoch 1175 [0/32]: loss = 0.06814359873533249, lr = 0.000125
2025-09-19 11:55:19 INFO     Epoch 1175 [0/32]: loss = 0.06814359873533249, lr = 0.000125
2025-09-19 11:55:31 INFO     Epoch 1175 [10/32]: loss = 0.0649307519197464, lr = 0.000125
2025-09-19 11:55:31 INFO     Epoch 1175 [10/32]: loss = 0.0649307519197464, lr = 0.000125
2025-09-19 11:55:31 INFO     Epoch 1175 [10/32]: loss = 0.0649307519197464, lr = 0.000125
2025-09-19 11:55:31 INFO     Epoch 1175 [10/32]: loss = 0.0649307519197464, lr = 0.000125
2025-09-19 11:55:43 INFO     Epoch 1175 [20/32]: loss = 0.07743345946073532, lr = 0.000125
2025-09-19 11:55:43 INFO     Epoch 1175 [20/32]: loss = 0.07743345946073532, lr = 0.000125
2025-09-19 11:55:43 INFO     Epoch 1175 [20/32]: loss = 0.07743345946073532, lr = 0.000125
2025-09-19 11:55:43 INFO     Epoch 1175 [20/32]: loss = 0.07743345946073532, lr = 0.000125
2025-09-19 11:55:55 INFO     Epoch 1175 [30/32]: loss = 0.05323901027441025, lr = 0.000125
2025-09-19 11:55:55 INFO     Epoch 1175 [30/32]: loss = 0.05323901027441025, lr = 0.000125
2025-09-19 11:55:55 INFO     Epoch 1175 [30/32]: loss = 0.05323901027441025, lr = 0.000125
2025-09-19 11:55:55 INFO     Epoch 1175 [30/32]: loss = 0.05323901027441025, lr = 0.000125
2025-09-19 11:55:58 INFO     Epoch 1176 [0/32]: loss = 0.06340721249580383, lr = 0.000125
2025-09-19 11:55:58 INFO     Epoch 1176 [0/32]: loss = 0.06340721249580383, lr = 0.000125
2025-09-19 11:55:58 INFO     Epoch 1176 [0/32]: loss = 0.06340721249580383, lr = 0.000125
2025-09-19 11:55:58 INFO     Epoch 1176 [0/32]: loss = 0.06340721249580383, lr = 0.000125
2025-09-19 11:56:10 INFO     Epoch 1176 [10/32]: loss = 0.07092307507991791, lr = 0.000125
2025-09-19 11:56:10 INFO     Epoch 1176 [10/32]: loss = 0.07092307507991791, lr = 0.000125
2025-09-19 11:56:10 INFO     Epoch 1176 [10/32]: loss = 0.07092307507991791, lr = 0.000125
2025-09-19 11:56:10 INFO     Epoch 1176 [10/32]: loss = 0.07092307507991791, lr = 0.000125
2025-09-19 11:56:22 INFO     Epoch 1176 [20/32]: loss = 0.07476484775543213, lr = 0.000125
2025-09-19 11:56:22 INFO     Epoch 1176 [20/32]: loss = 0.07476484775543213, lr = 0.000125
2025-09-19 11:56:22 INFO     Epoch 1176 [20/32]: loss = 0.07476484775543213, lr = 0.000125
2025-09-19 11:56:22 INFO     Epoch 1176 [20/32]: loss = 0.07476484775543213, lr = 0.000125
2025-09-19 11:56:34 INFO     Epoch 1176 [30/32]: loss = 0.05860567092895508, lr = 0.000125
2025-09-19 11:56:34 INFO     Epoch 1176 [30/32]: loss = 0.05860567092895508, lr = 0.000125
2025-09-19 11:56:34 INFO     Epoch 1176 [30/32]: loss = 0.05860567092895508, lr = 0.000125
2025-09-19 11:56:34 INFO     Epoch 1176 [30/32]: loss = 0.05860567092895508, lr = 0.000125
2025-09-19 11:56:37 INFO     Epoch 1177 [0/32]: loss = 0.05527395009994507, lr = 0.000125
2025-09-19 11:56:37 INFO     Epoch 1177 [0/32]: loss = 0.05527395009994507, lr = 0.000125
2025-09-19 11:56:37 INFO     Epoch 1177 [0/32]: loss = 0.05527395009994507, lr = 0.000125
2025-09-19 11:56:37 INFO     Epoch 1177 [0/32]: loss = 0.05527395009994507, lr = 0.000125
2025-09-19 11:56:49 INFO     Epoch 1177 [10/32]: loss = 0.04917128011584282, lr = 0.000125
2025-09-19 11:56:49 INFO     Epoch 1177 [10/32]: loss = 0.04917128011584282, lr = 0.000125
2025-09-19 11:56:49 INFO     Epoch 1177 [10/32]: loss = 0.04917128011584282, lr = 0.000125
2025-09-19 11:56:49 INFO     Epoch 1177 [10/32]: loss = 0.04917128011584282, lr = 0.000125
2025-09-19 11:57:00 INFO     Epoch 1177 [20/32]: loss = 0.0864536464214325, lr = 0.000125
2025-09-19 11:57:00 INFO     Epoch 1177 [20/32]: loss = 0.0864536464214325, lr = 0.000125
2025-09-19 11:57:00 INFO     Epoch 1177 [20/32]: loss = 0.0864536464214325, lr = 0.000125
2025-09-19 11:57:00 INFO     Epoch 1177 [20/32]: loss = 0.0864536464214325, lr = 0.000125
2025-09-19 11:57:12 INFO     Epoch 1177 [30/32]: loss = 0.07674525678157806, lr = 0.000125
2025-09-19 11:57:12 INFO     Epoch 1177 [30/32]: loss = 0.07674525678157806, lr = 0.000125
2025-09-19 11:57:12 INFO     Epoch 1177 [30/32]: loss = 0.07674525678157806, lr = 0.000125
2025-09-19 11:57:12 INFO     Epoch 1177 [30/32]: loss = 0.07674525678157806, lr = 0.000125
2025-09-19 11:57:15 INFO     Epoch 1178 [0/32]: loss = 0.05545171722769737, lr = 0.000125
2025-09-19 11:57:15 INFO     Epoch 1178 [0/32]: loss = 0.05545171722769737, lr = 0.000125
2025-09-19 11:57:15 INFO     Epoch 1178 [0/32]: loss = 0.05545171722769737, lr = 0.000125
2025-09-19 11:57:15 INFO     Epoch 1178 [0/32]: loss = 0.05545171722769737, lr = 0.000125
2025-09-19 11:57:27 INFO     Epoch 1178 [10/32]: loss = 0.051220886409282684, lr = 0.000125
2025-09-19 11:57:27 INFO     Epoch 1178 [10/32]: loss = 0.051220886409282684, lr = 0.000125
2025-09-19 11:57:27 INFO     Epoch 1178 [10/32]: loss = 0.051220886409282684, lr = 0.000125
2025-09-19 11:57:27 INFO     Epoch 1178 [10/32]: loss = 0.051220886409282684, lr = 0.000125
2025-09-19 11:57:39 INFO     Epoch 1178 [20/32]: loss = 0.06503179669380188, lr = 0.000125
2025-09-19 11:57:39 INFO     Epoch 1178 [20/32]: loss = 0.06503179669380188, lr = 0.000125
2025-09-19 11:57:39 INFO     Epoch 1178 [20/32]: loss = 0.06503179669380188, lr = 0.000125
2025-09-19 11:57:39 INFO     Epoch 1178 [20/32]: loss = 0.06503179669380188, lr = 0.000125
2025-09-19 11:57:51 INFO     Epoch 1178 [30/32]: loss = 0.0767216831445694, lr = 0.000125
2025-09-19 11:57:51 INFO     Epoch 1178 [30/32]: loss = 0.0767216831445694, lr = 0.000125
2025-09-19 11:57:51 INFO     Epoch 1178 [30/32]: loss = 0.0767216831445694, lr = 0.000125
2025-09-19 11:57:51 INFO     Epoch 1178 [30/32]: loss = 0.0767216831445694, lr = 0.000125
2025-09-19 11:57:54 INFO     Epoch 1179 [0/32]: loss = 0.056451331824064255, lr = 0.000125
2025-09-19 11:57:54 INFO     Epoch 1179 [0/32]: loss = 0.056451331824064255, lr = 0.000125
2025-09-19 11:57:54 INFO     Epoch 1179 [0/32]: loss = 0.056451331824064255, lr = 0.000125
2025-09-19 11:57:54 INFO     Epoch 1179 [0/32]: loss = 0.056451331824064255, lr = 0.000125
2025-09-19 11:58:06 INFO     Epoch 1179 [10/32]: loss = 0.0654720813035965, lr = 0.000125
2025-09-19 11:58:06 INFO     Epoch 1179 [10/32]: loss = 0.0654720813035965, lr = 0.000125
2025-09-19 11:58:06 INFO     Epoch 1179 [10/32]: loss = 0.0654720813035965, lr = 0.000125
2025-09-19 11:58:06 INFO     Epoch 1179 [10/32]: loss = 0.0654720813035965, lr = 0.000125
2025-09-19 11:58:18 INFO     Epoch 1179 [20/32]: loss = 0.056564923375844955, lr = 0.000125
2025-09-19 11:58:18 INFO     Epoch 1179 [20/32]: loss = 0.056564923375844955, lr = 0.000125
2025-09-19 11:58:18 INFO     Epoch 1179 [20/32]: loss = 0.056564923375844955, lr = 0.000125
2025-09-19 11:58:18 INFO     Epoch 1179 [20/32]: loss = 0.056564923375844955, lr = 0.000125
2025-09-19 11:58:30 INFO     Epoch 1179 [30/32]: loss = 0.05644967034459114, lr = 0.000125
2025-09-19 11:58:30 INFO     Epoch 1179 [30/32]: loss = 0.05644967034459114, lr = 0.000125
2025-09-19 11:58:30 INFO     Epoch 1179 [30/32]: loss = 0.05644967034459114, lr = 0.000125
2025-09-19 11:58:30 INFO     Epoch 1179 [30/32]: loss = 0.05644967034459114, lr = 0.000125
2025-09-19 11:58:33 INFO     Epoch 1180 [0/32]: loss = 0.05400828644633293, lr = 0.000125
2025-09-19 11:58:33 INFO     Epoch 1180 [0/32]: loss = 0.05400828644633293, lr = 0.000125
2025-09-19 11:58:33 INFO     Epoch 1180 [0/32]: loss = 0.05400828644633293, lr = 0.000125
2025-09-19 11:58:33 INFO     Epoch 1180 [0/32]: loss = 0.05400828644633293, lr = 0.000125
2025-09-19 11:58:45 INFO     Epoch 1180 [10/32]: loss = 0.07092948257923126, lr = 0.000125
2025-09-19 11:58:45 INFO     Epoch 1180 [10/32]: loss = 0.07092948257923126, lr = 0.000125
2025-09-19 11:58:45 INFO     Epoch 1180 [10/32]: loss = 0.07092948257923126, lr = 0.000125
2025-09-19 11:58:45 INFO     Epoch 1180 [10/32]: loss = 0.07092948257923126, lr = 0.000125
2025-09-19 11:58:57 INFO     Epoch 1180 [20/32]: loss = 0.056463588029146194, lr = 0.000125
2025-09-19 11:58:57 INFO     Epoch 1180 [20/32]: loss = 0.056463588029146194, lr = 0.000125
2025-09-19 11:58:57 INFO     Epoch 1180 [20/32]: loss = 0.056463588029146194, lr = 0.000125
2025-09-19 11:58:57 INFO     Epoch 1180 [20/32]: loss = 0.056463588029146194, lr = 0.000125
2025-09-19 11:59:09 INFO     Epoch 1180 [30/32]: loss = 0.059716448187828064, lr = 0.000125
2025-09-19 11:59:09 INFO     Epoch 1180 [30/32]: loss = 0.059716448187828064, lr = 0.000125
2025-09-19 11:59:09 INFO     Epoch 1180 [30/32]: loss = 0.059716448187828064, lr = 0.000125
2025-09-19 11:59:09 INFO     Epoch 1180 [30/32]: loss = 0.059716448187828064, lr = 0.000125
2025-09-19 11:59:12 INFO     Epoch 1181 [0/32]: loss = 0.06382019817829132, lr = 0.000125
2025-09-19 11:59:12 INFO     Epoch 1181 [0/32]: loss = 0.06382019817829132, lr = 0.000125
2025-09-19 11:59:12 INFO     Epoch 1181 [0/32]: loss = 0.06382019817829132, lr = 0.000125
2025-09-19 11:59:12 INFO     Epoch 1181 [0/32]: loss = 0.06382019817829132, lr = 0.000125
2025-09-19 11:59:24 INFO     Epoch 1181 [10/32]: loss = 0.06700824201107025, lr = 0.000125
2025-09-19 11:59:24 INFO     Epoch 1181 [10/32]: loss = 0.06700824201107025, lr = 0.000125
2025-09-19 11:59:24 INFO     Epoch 1181 [10/32]: loss = 0.06700824201107025, lr = 0.000125
2025-09-19 11:59:24 INFO     Epoch 1181 [10/32]: loss = 0.06700824201107025, lr = 0.000125
2025-09-19 11:59:35 INFO     Epoch 1181 [20/32]: loss = 0.05764951556921005, lr = 0.000125
2025-09-19 11:59:35 INFO     Epoch 1181 [20/32]: loss = 0.05764951556921005, lr = 0.000125
2025-09-19 11:59:35 INFO     Epoch 1181 [20/32]: loss = 0.05764951556921005, lr = 0.000125
2025-09-19 11:59:35 INFO     Epoch 1181 [20/32]: loss = 0.05764951556921005, lr = 0.000125
2025-09-19 11:59:47 INFO     Epoch 1181 [30/32]: loss = 0.07088698446750641, lr = 0.000125
2025-09-19 11:59:47 INFO     Epoch 1181 [30/32]: loss = 0.07088698446750641, lr = 0.000125
2025-09-19 11:59:47 INFO     Epoch 1181 [30/32]: loss = 0.07088698446750641, lr = 0.000125
2025-09-19 11:59:47 INFO     Epoch 1181 [30/32]: loss = 0.07088698446750641, lr = 0.000125
2025-09-19 11:59:50 INFO     Epoch 1182 [0/32]: loss = 0.05562073364853859, lr = 0.000125
2025-09-19 11:59:50 INFO     Epoch 1182 [0/32]: loss = 0.05562073364853859, lr = 0.000125
2025-09-19 11:59:50 INFO     Epoch 1182 [0/32]: loss = 0.05562073364853859, lr = 0.000125
2025-09-19 11:59:50 INFO     Epoch 1182 [0/32]: loss = 0.05562073364853859, lr = 0.000125
2025-09-19 12:00:02 INFO     Epoch 1182 [10/32]: loss = 0.056841738522052765, lr = 0.000125
2025-09-19 12:00:02 INFO     Epoch 1182 [10/32]: loss = 0.056841738522052765, lr = 0.000125
2025-09-19 12:00:02 INFO     Epoch 1182 [10/32]: loss = 0.056841738522052765, lr = 0.000125
2025-09-19 12:00:02 INFO     Epoch 1182 [10/32]: loss = 0.056841738522052765, lr = 0.000125
2025-09-19 12:00:14 INFO     Epoch 1182 [20/32]: loss = 0.08269079774618149, lr = 0.000125
2025-09-19 12:00:14 INFO     Epoch 1182 [20/32]: loss = 0.08269079774618149, lr = 0.000125
2025-09-19 12:00:14 INFO     Epoch 1182 [20/32]: loss = 0.08269079774618149, lr = 0.000125
2025-09-19 12:00:14 INFO     Epoch 1182 [20/32]: loss = 0.08269079774618149, lr = 0.000125
2025-09-19 12:00:26 INFO     Epoch 1182 [30/32]: loss = 0.061307862401008606, lr = 0.000125
2025-09-19 12:00:26 INFO     Epoch 1182 [30/32]: loss = 0.061307862401008606, lr = 0.000125
2025-09-19 12:00:26 INFO     Epoch 1182 [30/32]: loss = 0.061307862401008606, lr = 0.000125
2025-09-19 12:00:26 INFO     Epoch 1182 [30/32]: loss = 0.061307862401008606, lr = 0.000125
2025-09-19 12:00:29 INFO     Epoch 1183 [0/32]: loss = 0.06405992805957794, lr = 0.000125
2025-09-19 12:00:29 INFO     Epoch 1183 [0/32]: loss = 0.06405992805957794, lr = 0.000125
2025-09-19 12:00:29 INFO     Epoch 1183 [0/32]: loss = 0.06405992805957794, lr = 0.000125
2025-09-19 12:00:29 INFO     Epoch 1183 [0/32]: loss = 0.06405992805957794, lr = 0.000125
2025-09-19 12:00:41 INFO     Epoch 1183 [10/32]: loss = 0.06346257776021957, lr = 0.000125
2025-09-19 12:00:41 INFO     Epoch 1183 [10/32]: loss = 0.06346257776021957, lr = 0.000125
2025-09-19 12:00:41 INFO     Epoch 1183 [10/32]: loss = 0.06346257776021957, lr = 0.000125
2025-09-19 12:00:41 INFO     Epoch 1183 [10/32]: loss = 0.06346257776021957, lr = 0.000125
2025-09-19 12:00:53 INFO     Epoch 1183 [20/32]: loss = 0.09139006584882736, lr = 0.000125
2025-09-19 12:00:53 INFO     Epoch 1183 [20/32]: loss = 0.09139006584882736, lr = 0.000125
2025-09-19 12:00:53 INFO     Epoch 1183 [20/32]: loss = 0.09139006584882736, lr = 0.000125
2025-09-19 12:00:53 INFO     Epoch 1183 [20/32]: loss = 0.09139006584882736, lr = 0.000125
2025-09-19 12:01:05 INFO     Epoch 1183 [30/32]: loss = 0.08016987144947052, lr = 0.000125
2025-09-19 12:01:05 INFO     Epoch 1183 [30/32]: loss = 0.08016987144947052, lr = 0.000125
2025-09-19 12:01:05 INFO     Epoch 1183 [30/32]: loss = 0.08016987144947052, lr = 0.000125
2025-09-19 12:01:05 INFO     Epoch 1183 [30/32]: loss = 0.08016987144947052, lr = 0.000125
2025-09-19 12:01:08 INFO     Epoch 1184 [0/32]: loss = 0.06667033582925797, lr = 0.000125
2025-09-19 12:01:08 INFO     Epoch 1184 [0/32]: loss = 0.06667033582925797, lr = 0.000125
2025-09-19 12:01:08 INFO     Epoch 1184 [0/32]: loss = 0.06667033582925797, lr = 0.000125
2025-09-19 12:01:08 INFO     Epoch 1184 [0/32]: loss = 0.06667033582925797, lr = 0.000125
2025-09-19 12:01:20 INFO     Epoch 1184 [10/32]: loss = 0.091359443962574, lr = 0.000125
2025-09-19 12:01:20 INFO     Epoch 1184 [10/32]: loss = 0.091359443962574, lr = 0.000125
2025-09-19 12:01:20 INFO     Epoch 1184 [10/32]: loss = 0.091359443962574, lr = 0.000125
2025-09-19 12:01:20 INFO     Epoch 1184 [10/32]: loss = 0.091359443962574, lr = 0.000125
2025-09-19 12:01:32 INFO     Epoch 1184 [20/32]: loss = 0.07109168916940689, lr = 0.000125
2025-09-19 12:01:32 INFO     Epoch 1184 [20/32]: loss = 0.07109168916940689, lr = 0.000125
2025-09-19 12:01:32 INFO     Epoch 1184 [20/32]: loss = 0.07109168916940689, lr = 0.000125
2025-09-19 12:01:32 INFO     Epoch 1184 [20/32]: loss = 0.07109168916940689, lr = 0.000125
2025-09-19 12:01:44 INFO     Epoch 1184 [30/32]: loss = 0.0720156729221344, lr = 0.000125
2025-09-19 12:01:44 INFO     Epoch 1184 [30/32]: loss = 0.0720156729221344, lr = 0.000125
2025-09-19 12:01:44 INFO     Epoch 1184 [30/32]: loss = 0.0720156729221344, lr = 0.000125
2025-09-19 12:01:44 INFO     Epoch 1184 [30/32]: loss = 0.0720156729221344, lr = 0.000125
2025-09-19 12:01:47 INFO     Epoch 1185 [0/32]: loss = 0.05501372739672661, lr = 0.000125
2025-09-19 12:01:47 INFO     Epoch 1185 [0/32]: loss = 0.05501372739672661, lr = 0.000125
2025-09-19 12:01:47 INFO     Epoch 1185 [0/32]: loss = 0.05501372739672661, lr = 0.000125
2025-09-19 12:01:47 INFO     Epoch 1185 [0/32]: loss = 0.05501372739672661, lr = 0.000125
2025-09-19 12:01:59 INFO     Epoch 1185 [10/32]: loss = 0.06673762202262878, lr = 0.000125
2025-09-19 12:01:59 INFO     Epoch 1185 [10/32]: loss = 0.06673762202262878, lr = 0.000125
2025-09-19 12:01:59 INFO     Epoch 1185 [10/32]: loss = 0.06673762202262878, lr = 0.000125
2025-09-19 12:01:59 INFO     Epoch 1185 [10/32]: loss = 0.06673762202262878, lr = 0.000125
2025-09-19 12:02:11 INFO     Epoch 1185 [20/32]: loss = 0.06784694641828537, lr = 0.000125
2025-09-19 12:02:11 INFO     Epoch 1185 [20/32]: loss = 0.06784694641828537, lr = 0.000125
2025-09-19 12:02:11 INFO     Epoch 1185 [20/32]: loss = 0.06784694641828537, lr = 0.000125
2025-09-19 12:02:11 INFO     Epoch 1185 [20/32]: loss = 0.06784694641828537, lr = 0.000125
2025-09-19 12:02:23 INFO     Epoch 1185 [30/32]: loss = 0.04704255610704422, lr = 0.000125
2025-09-19 12:02:23 INFO     Epoch 1185 [30/32]: loss = 0.04704255610704422, lr = 0.000125
2025-09-19 12:02:23 INFO     Epoch 1185 [30/32]: loss = 0.04704255610704422, lr = 0.000125
2025-09-19 12:02:23 INFO     Epoch 1185 [30/32]: loss = 0.04704255610704422, lr = 0.000125
2025-09-19 12:02:26 INFO     Epoch 1186 [0/32]: loss = 0.06346365809440613, lr = 0.000125
2025-09-19 12:02:26 INFO     Epoch 1186 [0/32]: loss = 0.06346365809440613, lr = 0.000125
2025-09-19 12:02:26 INFO     Epoch 1186 [0/32]: loss = 0.06346365809440613, lr = 0.000125
2025-09-19 12:02:26 INFO     Epoch 1186 [0/32]: loss = 0.06346365809440613, lr = 0.000125
2025-09-19 12:02:38 INFO     Epoch 1186 [10/32]: loss = 0.05973168835043907, lr = 0.000125
2025-09-19 12:02:38 INFO     Epoch 1186 [10/32]: loss = 0.05973168835043907, lr = 0.000125
2025-09-19 12:02:38 INFO     Epoch 1186 [10/32]: loss = 0.05973168835043907, lr = 0.000125
2025-09-19 12:02:38 INFO     Epoch 1186 [10/32]: loss = 0.05973168835043907, lr = 0.000125
2025-09-19 12:02:49 INFO     Epoch 1186 [20/32]: loss = 0.0598258450627327, lr = 0.000125
2025-09-19 12:02:49 INFO     Epoch 1186 [20/32]: loss = 0.0598258450627327, lr = 0.000125
2025-09-19 12:02:49 INFO     Epoch 1186 [20/32]: loss = 0.0598258450627327, lr = 0.000125
2025-09-19 12:02:49 INFO     Epoch 1186 [20/32]: loss = 0.0598258450627327, lr = 0.000125
2025-09-19 12:03:01 INFO     Epoch 1186 [30/32]: loss = 0.05165694281458855, lr = 0.000125
2025-09-19 12:03:01 INFO     Epoch 1186 [30/32]: loss = 0.05165694281458855, lr = 0.000125
2025-09-19 12:03:01 INFO     Epoch 1186 [30/32]: loss = 0.05165694281458855, lr = 0.000125
2025-09-19 12:03:01 INFO     Epoch 1186 [30/32]: loss = 0.05165694281458855, lr = 0.000125
2025-09-19 12:03:04 INFO     Epoch 1187 [0/32]: loss = 0.08884061872959137, lr = 0.000125
2025-09-19 12:03:04 INFO     Epoch 1187 [0/32]: loss = 0.08884061872959137, lr = 0.000125
2025-09-19 12:03:04 INFO     Epoch 1187 [0/32]: loss = 0.08884061872959137, lr = 0.000125
2025-09-19 12:03:04 INFO     Epoch 1187 [0/32]: loss = 0.08884061872959137, lr = 0.000125
2025-09-19 12:03:16 INFO     Epoch 1187 [10/32]: loss = 0.07312147319316864, lr = 0.000125
2025-09-19 12:03:16 INFO     Epoch 1187 [10/32]: loss = 0.07312147319316864, lr = 0.000125
2025-09-19 12:03:16 INFO     Epoch 1187 [10/32]: loss = 0.07312147319316864, lr = 0.000125
2025-09-19 12:03:16 INFO     Epoch 1187 [10/32]: loss = 0.07312147319316864, lr = 0.000125
2025-09-19 12:03:28 INFO     Epoch 1187 [20/32]: loss = 0.05372925102710724, lr = 0.000125
2025-09-19 12:03:28 INFO     Epoch 1187 [20/32]: loss = 0.05372925102710724, lr = 0.000125
2025-09-19 12:03:28 INFO     Epoch 1187 [20/32]: loss = 0.05372925102710724, lr = 0.000125
2025-09-19 12:03:28 INFO     Epoch 1187 [20/32]: loss = 0.05372925102710724, lr = 0.000125
2025-09-19 12:03:40 INFO     Epoch 1187 [30/32]: loss = 0.051996901631355286, lr = 0.000125
2025-09-19 12:03:40 INFO     Epoch 1187 [30/32]: loss = 0.051996901631355286, lr = 0.000125
2025-09-19 12:03:40 INFO     Epoch 1187 [30/32]: loss = 0.051996901631355286, lr = 0.000125
2025-09-19 12:03:40 INFO     Epoch 1187 [30/32]: loss = 0.051996901631355286, lr = 0.000125
2025-09-19 12:03:43 INFO     Epoch 1188 [0/32]: loss = 0.05884847044944763, lr = 0.000125
2025-09-19 12:03:43 INFO     Epoch 1188 [0/32]: loss = 0.05884847044944763, lr = 0.000125
2025-09-19 12:03:43 INFO     Epoch 1188 [0/32]: loss = 0.05884847044944763, lr = 0.000125
2025-09-19 12:03:43 INFO     Epoch 1188 [0/32]: loss = 0.05884847044944763, lr = 0.000125
2025-09-19 12:03:55 INFO     Epoch 1188 [10/32]: loss = 0.0795462504029274, lr = 0.000125
2025-09-19 12:03:55 INFO     Epoch 1188 [10/32]: loss = 0.0795462504029274, lr = 0.000125
2025-09-19 12:03:55 INFO     Epoch 1188 [10/32]: loss = 0.0795462504029274, lr = 0.000125
2025-09-19 12:03:55 INFO     Epoch 1188 [10/32]: loss = 0.0795462504029274, lr = 0.000125
2025-09-19 12:04:07 INFO     Epoch 1188 [20/32]: loss = 0.06760716438293457, lr = 0.000125
2025-09-19 12:04:07 INFO     Epoch 1188 [20/32]: loss = 0.06760716438293457, lr = 0.000125
2025-09-19 12:04:07 INFO     Epoch 1188 [20/32]: loss = 0.06760716438293457, lr = 0.000125
2025-09-19 12:04:07 INFO     Epoch 1188 [20/32]: loss = 0.06760716438293457, lr = 0.000125
2025-09-19 12:04:19 INFO     Epoch 1188 [30/32]: loss = 0.04584801197052002, lr = 0.000125
2025-09-19 12:04:19 INFO     Epoch 1188 [30/32]: loss = 0.04584801197052002, lr = 0.000125
2025-09-19 12:04:19 INFO     Epoch 1188 [30/32]: loss = 0.04584801197052002, lr = 0.000125
2025-09-19 12:04:19 INFO     Epoch 1188 [30/32]: loss = 0.04584801197052002, lr = 0.000125
2025-09-19 12:04:22 INFO     Epoch 1189 [0/32]: loss = 0.07365548610687256, lr = 0.000125
2025-09-19 12:04:22 INFO     Epoch 1189 [0/32]: loss = 0.07365548610687256, lr = 0.000125
2025-09-19 12:04:22 INFO     Epoch 1189 [0/32]: loss = 0.07365548610687256, lr = 0.000125
2025-09-19 12:04:22 INFO     Epoch 1189 [0/32]: loss = 0.07365548610687256, lr = 0.000125
2025-09-19 12:04:34 INFO     Epoch 1189 [10/32]: loss = 0.07735313475131989, lr = 0.000125
2025-09-19 12:04:34 INFO     Epoch 1189 [10/32]: loss = 0.07735313475131989, lr = 0.000125
2025-09-19 12:04:34 INFO     Epoch 1189 [10/32]: loss = 0.07735313475131989, lr = 0.000125
2025-09-19 12:04:34 INFO     Epoch 1189 [10/32]: loss = 0.07735313475131989, lr = 0.000125
2025-09-19 12:04:46 INFO     Epoch 1189 [20/32]: loss = 0.08048732578754425, lr = 0.000125
2025-09-19 12:04:46 INFO     Epoch 1189 [20/32]: loss = 0.08048732578754425, lr = 0.000125
2025-09-19 12:04:46 INFO     Epoch 1189 [20/32]: loss = 0.08048732578754425, lr = 0.000125
2025-09-19 12:04:46 INFO     Epoch 1189 [20/32]: loss = 0.08048732578754425, lr = 0.000125
2025-09-19 12:04:58 INFO     Epoch 1189 [30/32]: loss = 0.04072747007012367, lr = 0.000125
2025-09-19 12:04:58 INFO     Epoch 1189 [30/32]: loss = 0.04072747007012367, lr = 0.000125
2025-09-19 12:04:58 INFO     Epoch 1189 [30/32]: loss = 0.04072747007012367, lr = 0.000125
2025-09-19 12:04:58 INFO     Epoch 1189 [30/32]: loss = 0.04072747007012367, lr = 0.000125
2025-09-19 12:05:01 INFO     Epoch 1190 [0/32]: loss = 0.0692281723022461, lr = 0.000125
2025-09-19 12:05:01 INFO     Epoch 1190 [0/32]: loss = 0.0692281723022461, lr = 0.000125
2025-09-19 12:05:01 INFO     Epoch 1190 [0/32]: loss = 0.0692281723022461, lr = 0.000125
2025-09-19 12:05:01 INFO     Epoch 1190 [0/32]: loss = 0.0692281723022461, lr = 0.000125
2025-09-19 12:05:13 INFO     Epoch 1190 [10/32]: loss = 0.08523570001125336, lr = 0.000125
2025-09-19 12:05:13 INFO     Epoch 1190 [10/32]: loss = 0.08523570001125336, lr = 0.000125
2025-09-19 12:05:13 INFO     Epoch 1190 [10/32]: loss = 0.08523570001125336, lr = 0.000125
2025-09-19 12:05:13 INFO     Epoch 1190 [10/32]: loss = 0.08523570001125336, lr = 0.000125
2025-09-19 12:05:24 INFO     Epoch 1190 [20/32]: loss = 0.04435964301228523, lr = 0.000125
2025-09-19 12:05:24 INFO     Epoch 1190 [20/32]: loss = 0.04435964301228523, lr = 0.000125
2025-09-19 12:05:24 INFO     Epoch 1190 [20/32]: loss = 0.04435964301228523, lr = 0.000125
2025-09-19 12:05:24 INFO     Epoch 1190 [20/32]: loss = 0.04435964301228523, lr = 0.000125
2025-09-19 12:05:36 INFO     Epoch 1190 [30/32]: loss = 0.06299544125795364, lr = 0.000125
2025-09-19 12:05:36 INFO     Epoch 1190 [30/32]: loss = 0.06299544125795364, lr = 0.000125
2025-09-19 12:05:36 INFO     Epoch 1190 [30/32]: loss = 0.06299544125795364, lr = 0.000125
2025-09-19 12:05:36 INFO     Epoch 1190 [30/32]: loss = 0.06299544125795364, lr = 0.000125
2025-09-19 12:05:39 INFO     Epoch 1191 [0/32]: loss = 0.05901637300848961, lr = 0.000125
2025-09-19 12:05:39 INFO     Epoch 1191 [0/32]: loss = 0.05901637300848961, lr = 0.000125
2025-09-19 12:05:39 INFO     Epoch 1191 [0/32]: loss = 0.05901637300848961, lr = 0.000125
2025-09-19 12:05:39 INFO     Epoch 1191 [0/32]: loss = 0.05901637300848961, lr = 0.000125
2025-09-19 12:05:51 INFO     Epoch 1191 [10/32]: loss = 0.04199142009019852, lr = 0.000125
2025-09-19 12:05:51 INFO     Epoch 1191 [10/32]: loss = 0.04199142009019852, lr = 0.000125
2025-09-19 12:05:51 INFO     Epoch 1191 [10/32]: loss = 0.04199142009019852, lr = 0.000125
2025-09-19 12:05:51 INFO     Epoch 1191 [10/32]: loss = 0.04199142009019852, lr = 0.000125
2025-09-19 12:06:03 INFO     Epoch 1191 [20/32]: loss = 0.0655805692076683, lr = 0.000125
2025-09-19 12:06:03 INFO     Epoch 1191 [20/32]: loss = 0.0655805692076683, lr = 0.000125
2025-09-19 12:06:03 INFO     Epoch 1191 [20/32]: loss = 0.0655805692076683, lr = 0.000125
2025-09-19 12:06:03 INFO     Epoch 1191 [20/32]: loss = 0.0655805692076683, lr = 0.000125
2025-09-19 12:06:15 INFO     Epoch 1191 [30/32]: loss = 0.06916625797748566, lr = 0.000125
2025-09-19 12:06:15 INFO     Epoch 1191 [30/32]: loss = 0.06916625797748566, lr = 0.000125
2025-09-19 12:06:15 INFO     Epoch 1191 [30/32]: loss = 0.06916625797748566, lr = 0.000125
2025-09-19 12:06:15 INFO     Epoch 1191 [30/32]: loss = 0.06916625797748566, lr = 0.000125
2025-09-19 12:06:18 INFO     Epoch 1192 [0/32]: loss = 0.06223590672016144, lr = 0.000125
2025-09-19 12:06:18 INFO     Epoch 1192 [0/32]: loss = 0.06223590672016144, lr = 0.000125
2025-09-19 12:06:18 INFO     Epoch 1192 [0/32]: loss = 0.06223590672016144, lr = 0.000125
2025-09-19 12:06:18 INFO     Epoch 1192 [0/32]: loss = 0.06223590672016144, lr = 0.000125
2025-09-19 12:06:30 INFO     Epoch 1192 [10/32]: loss = 0.05557487905025482, lr = 0.000125
2025-09-19 12:06:30 INFO     Epoch 1192 [10/32]: loss = 0.05557487905025482, lr = 0.000125
2025-09-19 12:06:30 INFO     Epoch 1192 [10/32]: loss = 0.05557487905025482, lr = 0.000125
2025-09-19 12:06:30 INFO     Epoch 1192 [10/32]: loss = 0.05557487905025482, lr = 0.000125
2025-09-19 12:06:42 INFO     Epoch 1192 [20/32]: loss = 0.05390838161110878, lr = 0.000125
2025-09-19 12:06:42 INFO     Epoch 1192 [20/32]: loss = 0.05390838161110878, lr = 0.000125
2025-09-19 12:06:42 INFO     Epoch 1192 [20/32]: loss = 0.05390838161110878, lr = 0.000125
2025-09-19 12:06:42 INFO     Epoch 1192 [20/32]: loss = 0.05390838161110878, lr = 0.000125
2025-09-19 12:06:54 INFO     Epoch 1192 [30/32]: loss = 0.05856550112366676, lr = 0.000125
2025-09-19 12:06:54 INFO     Epoch 1192 [30/32]: loss = 0.05856550112366676, lr = 0.000125
2025-09-19 12:06:54 INFO     Epoch 1192 [30/32]: loss = 0.05856550112366676, lr = 0.000125
2025-09-19 12:06:54 INFO     Epoch 1192 [30/32]: loss = 0.05856550112366676, lr = 0.000125
2025-09-19 12:06:57 INFO     Epoch 1193 [0/32]: loss = 0.0632086843252182, lr = 0.000125
2025-09-19 12:06:57 INFO     Epoch 1193 [0/32]: loss = 0.0632086843252182, lr = 0.000125
2025-09-19 12:06:57 INFO     Epoch 1193 [0/32]: loss = 0.0632086843252182, lr = 0.000125
2025-09-19 12:06:57 INFO     Epoch 1193 [0/32]: loss = 0.0632086843252182, lr = 0.000125
2025-09-19 12:07:09 INFO     Epoch 1193 [10/32]: loss = 0.048027403652668, lr = 0.000125
2025-09-19 12:07:09 INFO     Epoch 1193 [10/32]: loss = 0.048027403652668, lr = 0.000125
2025-09-19 12:07:09 INFO     Epoch 1193 [10/32]: loss = 0.048027403652668, lr = 0.000125
2025-09-19 12:07:09 INFO     Epoch 1193 [10/32]: loss = 0.048027403652668, lr = 0.000125
2025-09-19 12:07:21 INFO     Epoch 1193 [20/32]: loss = 0.09005843102931976, lr = 0.000125
2025-09-19 12:07:21 INFO     Epoch 1193 [20/32]: loss = 0.09005843102931976, lr = 0.000125
2025-09-19 12:07:21 INFO     Epoch 1193 [20/32]: loss = 0.09005843102931976, lr = 0.000125
2025-09-19 12:07:21 INFO     Epoch 1193 [20/32]: loss = 0.09005843102931976, lr = 0.000125
2025-09-19 12:07:32 INFO     Epoch 1193 [30/32]: loss = 0.08644448965787888, lr = 0.000125
2025-09-19 12:07:32 INFO     Epoch 1193 [30/32]: loss = 0.08644448965787888, lr = 0.000125
2025-09-19 12:07:32 INFO     Epoch 1193 [30/32]: loss = 0.08644448965787888, lr = 0.000125
2025-09-19 12:07:32 INFO     Epoch 1193 [30/32]: loss = 0.08644448965787888, lr = 0.000125
2025-09-19 12:07:36 INFO     Epoch 1194 [0/32]: loss = 0.09067021310329437, lr = 0.000125
2025-09-19 12:07:36 INFO     Epoch 1194 [0/32]: loss = 0.09067021310329437, lr = 0.000125
2025-09-19 12:07:36 INFO     Epoch 1194 [0/32]: loss = 0.09067021310329437, lr = 0.000125
2025-09-19 12:07:36 INFO     Epoch 1194 [0/32]: loss = 0.09067021310329437, lr = 0.000125
2025-09-19 12:07:47 INFO     Epoch 1194 [10/32]: loss = 0.06386493891477585, lr = 0.000125
2025-09-19 12:07:47 INFO     Epoch 1194 [10/32]: loss = 0.06386493891477585, lr = 0.000125
2025-09-19 12:07:47 INFO     Epoch 1194 [10/32]: loss = 0.06386493891477585, lr = 0.000125
2025-09-19 12:07:47 INFO     Epoch 1194 [10/32]: loss = 0.06386493891477585, lr = 0.000125
2025-09-19 12:07:59 INFO     Epoch 1194 [20/32]: loss = 0.03966572880744934, lr = 0.000125
2025-09-19 12:07:59 INFO     Epoch 1194 [20/32]: loss = 0.03966572880744934, lr = 0.000125
2025-09-19 12:07:59 INFO     Epoch 1194 [20/32]: loss = 0.03966572880744934, lr = 0.000125
2025-09-19 12:07:59 INFO     Epoch 1194 [20/32]: loss = 0.03966572880744934, lr = 0.000125
2025-09-19 12:08:11 INFO     Epoch 1194 [30/32]: loss = 0.050585001707077026, lr = 0.000125
2025-09-19 12:08:11 INFO     Epoch 1194 [30/32]: loss = 0.050585001707077026, lr = 0.000125
2025-09-19 12:08:11 INFO     Epoch 1194 [30/32]: loss = 0.050585001707077026, lr = 0.000125
2025-09-19 12:08:11 INFO     Epoch 1194 [30/32]: loss = 0.050585001707077026, lr = 0.000125
2025-09-19 12:08:14 INFO     Epoch 1195 [0/32]: loss = 0.08808882534503937, lr = 0.000125
2025-09-19 12:08:14 INFO     Epoch 1195 [0/32]: loss = 0.08808882534503937, lr = 0.000125
2025-09-19 12:08:14 INFO     Epoch 1195 [0/32]: loss = 0.08808882534503937, lr = 0.000125
2025-09-19 12:08:14 INFO     Epoch 1195 [0/32]: loss = 0.08808882534503937, lr = 0.000125
2025-09-19 12:08:26 INFO     Epoch 1195 [10/32]: loss = 0.051540557295084, lr = 0.000125
2025-09-19 12:08:26 INFO     Epoch 1195 [10/32]: loss = 0.051540557295084, lr = 0.000125
2025-09-19 12:08:26 INFO     Epoch 1195 [10/32]: loss = 0.051540557295084, lr = 0.000125
2025-09-19 12:08:26 INFO     Epoch 1195 [10/32]: loss = 0.051540557295084, lr = 0.000125
2025-09-19 12:08:38 INFO     Epoch 1195 [20/32]: loss = 0.04666659235954285, lr = 0.000125
2025-09-19 12:08:38 INFO     Epoch 1195 [20/32]: loss = 0.04666659235954285, lr = 0.000125
2025-09-19 12:08:38 INFO     Epoch 1195 [20/32]: loss = 0.04666659235954285, lr = 0.000125
2025-09-19 12:08:38 INFO     Epoch 1195 [20/32]: loss = 0.04666659235954285, lr = 0.000125
2025-09-19 12:08:49 INFO     Epoch 1195 [30/32]: loss = 0.05255453288555145, lr = 0.000125
2025-09-19 12:08:49 INFO     Epoch 1195 [30/32]: loss = 0.05255453288555145, lr = 0.000125
2025-09-19 12:08:49 INFO     Epoch 1195 [30/32]: loss = 0.05255453288555145, lr = 0.000125
2025-09-19 12:08:49 INFO     Epoch 1195 [30/32]: loss = 0.05255453288555145, lr = 0.000125
2025-09-19 12:08:53 INFO     Epoch 1196 [0/32]: loss = 0.08081918209791183, lr = 0.000125
2025-09-19 12:08:53 INFO     Epoch 1196 [0/32]: loss = 0.08081918209791183, lr = 0.000125
2025-09-19 12:08:53 INFO     Epoch 1196 [0/32]: loss = 0.08081918209791183, lr = 0.000125
2025-09-19 12:08:53 INFO     Epoch 1196 [0/32]: loss = 0.08081918209791183, lr = 0.000125
2025-09-19 12:09:04 INFO     Epoch 1196 [10/32]: loss = 0.06722524762153625, lr = 0.000125
2025-09-19 12:09:04 INFO     Epoch 1196 [10/32]: loss = 0.06722524762153625, lr = 0.000125
2025-09-19 12:09:04 INFO     Epoch 1196 [10/32]: loss = 0.06722524762153625, lr = 0.000125
2025-09-19 12:09:04 INFO     Epoch 1196 [10/32]: loss = 0.06722524762153625, lr = 0.000125
2025-09-19 12:09:16 INFO     Epoch 1196 [20/32]: loss = 0.04779097065329552, lr = 0.000125
2025-09-19 12:09:16 INFO     Epoch 1196 [20/32]: loss = 0.04779097065329552, lr = 0.000125
2025-09-19 12:09:16 INFO     Epoch 1196 [20/32]: loss = 0.04779097065329552, lr = 0.000125
2025-09-19 12:09:16 INFO     Epoch 1196 [20/32]: loss = 0.04779097065329552, lr = 0.000125
2025-09-19 12:09:28 INFO     Epoch 1196 [30/32]: loss = 0.08561684191226959, lr = 0.000125
2025-09-19 12:09:28 INFO     Epoch 1196 [30/32]: loss = 0.08561684191226959, lr = 0.000125
2025-09-19 12:09:28 INFO     Epoch 1196 [30/32]: loss = 0.08561684191226959, lr = 0.000125
2025-09-19 12:09:28 INFO     Epoch 1196 [30/32]: loss = 0.08561684191226959, lr = 0.000125
2025-09-19 12:09:31 INFO     Epoch 1197 [0/32]: loss = 0.0638650581240654, lr = 0.000125
2025-09-19 12:09:31 INFO     Epoch 1197 [0/32]: loss = 0.0638650581240654, lr = 0.000125
2025-09-19 12:09:31 INFO     Epoch 1197 [0/32]: loss = 0.0638650581240654, lr = 0.000125
2025-09-19 12:09:31 INFO     Epoch 1197 [0/32]: loss = 0.0638650581240654, lr = 0.000125
2025-09-19 12:09:43 INFO     Epoch 1197 [10/32]: loss = 0.04084128141403198, lr = 0.000125
2025-09-19 12:09:43 INFO     Epoch 1197 [10/32]: loss = 0.04084128141403198, lr = 0.000125
2025-09-19 12:09:43 INFO     Epoch 1197 [10/32]: loss = 0.04084128141403198, lr = 0.000125
2025-09-19 12:09:43 INFO     Epoch 1197 [10/32]: loss = 0.04084128141403198, lr = 0.000125
2025-09-19 12:09:55 INFO     Epoch 1197 [20/32]: loss = 0.0522138774394989, lr = 0.000125
2025-09-19 12:09:55 INFO     Epoch 1197 [20/32]: loss = 0.0522138774394989, lr = 0.000125
2025-09-19 12:09:55 INFO     Epoch 1197 [20/32]: loss = 0.0522138774394989, lr = 0.000125
2025-09-19 12:09:55 INFO     Epoch 1197 [20/32]: loss = 0.0522138774394989, lr = 0.000125
2025-09-19 12:10:07 INFO     Epoch 1197 [30/32]: loss = 0.06597690284252167, lr = 0.000125
2025-09-19 12:10:07 INFO     Epoch 1197 [30/32]: loss = 0.06597690284252167, lr = 0.000125
2025-09-19 12:10:07 INFO     Epoch 1197 [30/32]: loss = 0.06597690284252167, lr = 0.000125
2025-09-19 12:10:07 INFO     Epoch 1197 [30/32]: loss = 0.06597690284252167, lr = 0.000125
2025-09-19 12:10:10 INFO     Epoch 1198 [0/32]: loss = 0.07184259593486786, lr = 0.000125
2025-09-19 12:10:10 INFO     Epoch 1198 [0/32]: loss = 0.07184259593486786, lr = 0.000125
2025-09-19 12:10:10 INFO     Epoch 1198 [0/32]: loss = 0.07184259593486786, lr = 0.000125
2025-09-19 12:10:10 INFO     Epoch 1198 [0/32]: loss = 0.07184259593486786, lr = 0.000125
2025-09-19 12:10:22 INFO     Epoch 1198 [10/32]: loss = 0.06598294526338577, lr = 0.000125
2025-09-19 12:10:22 INFO     Epoch 1198 [10/32]: loss = 0.06598294526338577, lr = 0.000125
2025-09-19 12:10:22 INFO     Epoch 1198 [10/32]: loss = 0.06598294526338577, lr = 0.000125
2025-09-19 12:10:22 INFO     Epoch 1198 [10/32]: loss = 0.06598294526338577, lr = 0.000125
2025-09-19 12:10:34 INFO     Epoch 1198 [20/32]: loss = 0.04962482303380966, lr = 0.000125
2025-09-19 12:10:34 INFO     Epoch 1198 [20/32]: loss = 0.04962482303380966, lr = 0.000125
2025-09-19 12:10:34 INFO     Epoch 1198 [20/32]: loss = 0.04962482303380966, lr = 0.000125
2025-09-19 12:10:34 INFO     Epoch 1198 [20/32]: loss = 0.04962482303380966, lr = 0.000125
2025-09-19 12:10:46 INFO     Epoch 1198 [30/32]: loss = 0.07996639609336853, lr = 0.000125
2025-09-19 12:10:46 INFO     Epoch 1198 [30/32]: loss = 0.07996639609336853, lr = 0.000125
2025-09-19 12:10:46 INFO     Epoch 1198 [30/32]: loss = 0.07996639609336853, lr = 0.000125
2025-09-19 12:10:46 INFO     Epoch 1198 [30/32]: loss = 0.07996639609336853, lr = 0.000125
2025-09-19 12:10:49 INFO     Epoch 1199 [0/32]: loss = 0.05514544993638992, lr = 0.000125
2025-09-19 12:10:49 INFO     Epoch 1199 [0/32]: loss = 0.05514544993638992, lr = 0.000125
2025-09-19 12:10:49 INFO     Epoch 1199 [0/32]: loss = 0.05514544993638992, lr = 0.000125
2025-09-19 12:10:49 INFO     Epoch 1199 [0/32]: loss = 0.05514544993638992, lr = 0.000125
2025-09-19 12:11:01 INFO     Epoch 1199 [10/32]: loss = 0.03842360898852348, lr = 0.000125
2025-09-19 12:11:01 INFO     Epoch 1199 [10/32]: loss = 0.03842360898852348, lr = 0.000125
2025-09-19 12:11:01 INFO     Epoch 1199 [10/32]: loss = 0.03842360898852348, lr = 0.000125
2025-09-19 12:11:01 INFO     Epoch 1199 [10/32]: loss = 0.03842360898852348, lr = 0.000125
2025-09-19 12:11:12 INFO     Epoch 1199 [20/32]: loss = 0.06051371991634369, lr = 0.000125
2025-09-19 12:11:12 INFO     Epoch 1199 [20/32]: loss = 0.06051371991634369, lr = 0.000125
2025-09-19 12:11:12 INFO     Epoch 1199 [20/32]: loss = 0.06051371991634369, lr = 0.000125
2025-09-19 12:11:12 INFO     Epoch 1199 [20/32]: loss = 0.06051371991634369, lr = 0.000125
2025-09-19 12:11:24 INFO     Epoch 1199 [30/32]: loss = 0.05414946749806404, lr = 0.000125
2025-09-19 12:11:24 INFO     Epoch 1199 [30/32]: loss = 0.05414946749806404, lr = 0.000125
2025-09-19 12:11:24 INFO     Epoch 1199 [30/32]: loss = 0.05414946749806404, lr = 0.000125
2025-09-19 12:11:24 INFO     Epoch 1199 [30/32]: loss = 0.05414946749806404, lr = 0.000125
2025-09-19 12:18:36 INFO     384 samples generated in 1024 evaluations.
2025-09-19 12:18:42 INFO     384 samples generated in 1024 evaluations.
2025-09-19 12:18:43 INFO     384 samples generated in 1024 evaluations.
2025-09-19 12:18:45 INFO     384 samples generated in 1024 evaluations.
2025-09-19 12:18:48 INFO     Evaluating [0/32] samples generated [250/250] running fid 199.41456604003906
2025-09-19 12:18:49 INFO     Evaluating [0/32] samples generated [250/250] running fid 199.41456604003906
2025-09-19 12:18:49 INFO     Evaluating [0/32] samples generated [250/250] running fid 199.41456604003906
2025-09-19 12:18:49 INFO     Evaluating [0/32] samples generated [250/250] running fid 199.41456604003906
2025-09-19 12:18:58 INFO     Epoch 1200 [0/32]: loss = 0.05897761136293411, lr = 0.000125
2025-09-19 12:18:58 INFO     Epoch 1200 [0/32]: loss = 0.05897761136293411, lr = 0.000125
2025-09-19 12:18:58 INFO     Epoch 1200 [0/32]: loss = 0.05897761136293411, lr = 0.000125
2025-09-19 12:18:58 INFO     Epoch 1200 [0/32]: loss = 0.05897761136293411, lr = 0.000125
2025-09-19 12:19:10 INFO     Epoch 1200 [10/32]: loss = 0.04479148983955383, lr = 0.000125
2025-09-19 12:19:10 INFO     Epoch 1200 [10/32]: loss = 0.04479148983955383, lr = 0.000125
2025-09-19 12:19:10 INFO     Epoch 1200 [10/32]: loss = 0.04479148983955383, lr = 0.000125
2025-09-19 12:19:10 INFO     Epoch 1200 [10/32]: loss = 0.04479148983955383, lr = 0.000125
2025-09-19 12:19:22 INFO     Epoch 1200 [20/32]: loss = 0.04208729416131973, lr = 0.000125
2025-09-19 12:19:22 INFO     Epoch 1200 [20/32]: loss = 0.04208729416131973, lr = 0.000125
2025-09-19 12:19:22 INFO     Epoch 1200 [20/32]: loss = 0.04208729416131973, lr = 0.000125
2025-09-19 12:19:22 INFO     Epoch 1200 [20/32]: loss = 0.04208729416131973, lr = 0.000125
2025-09-19 12:19:34 INFO     Epoch 1200 [30/32]: loss = 0.05732961744070053, lr = 0.000125
2025-09-19 12:19:34 INFO     Epoch 1200 [30/32]: loss = 0.05732961744070053, lr = 0.000125
2025-09-19 12:19:34 INFO     Epoch 1200 [30/32]: loss = 0.05732961744070053, lr = 0.000125
2025-09-19 12:19:34 INFO     Epoch 1200 [30/32]: loss = 0.05732961744070053, lr = 0.000125
2025-09-19 12:19:37 INFO     Epoch 1201 [0/32]: loss = 0.07323120534420013, lr = 0.000125
2025-09-19 12:19:37 INFO     Epoch 1201 [0/32]: loss = 0.07323120534420013, lr = 0.000125
2025-09-19 12:19:37 INFO     Epoch 1201 [0/32]: loss = 0.07323120534420013, lr = 0.000125
2025-09-19 12:19:37 INFO     Epoch 1201 [0/32]: loss = 0.07323120534420013, lr = 0.000125
2025-09-19 12:19:48 INFO     Epoch 1201 [10/32]: loss = 0.046585001051425934, lr = 0.000125
2025-09-19 12:19:48 INFO     Epoch 1201 [10/32]: loss = 0.046585001051425934, lr = 0.000125
2025-09-19 12:19:48 INFO     Epoch 1201 [10/32]: loss = 0.046585001051425934, lr = 0.000125
2025-09-19 12:19:48 INFO     Epoch 1201 [10/32]: loss = 0.046585001051425934, lr = 0.000125
2025-09-19 12:20:00 INFO     Epoch 1201 [20/32]: loss = 0.05172508955001831, lr = 0.000125
2025-09-19 12:20:00 INFO     Epoch 1201 [20/32]: loss = 0.05172508955001831, lr = 0.000125
2025-09-19 12:20:00 INFO     Epoch 1201 [20/32]: loss = 0.05172508955001831, lr = 0.000125
2025-09-19 12:20:00 INFO     Epoch 1201 [20/32]: loss = 0.05172508955001831, lr = 0.000125
2025-09-19 12:20:12 INFO     Epoch 1201 [30/32]: loss = 0.06201978772878647, lr = 0.000125
2025-09-19 12:20:12 INFO     Epoch 1201 [30/32]: loss = 0.06201978772878647, lr = 0.000125
2025-09-19 12:20:12 INFO     Epoch 1201 [30/32]: loss = 0.06201978772878647, lr = 0.000125
2025-09-19 12:20:12 INFO     Epoch 1201 [30/32]: loss = 0.06201978772878647, lr = 0.000125
2025-09-19 12:20:15 INFO     Epoch 1202 [0/32]: loss = 0.0556013248860836, lr = 0.000125
2025-09-19 12:20:15 INFO     Epoch 1202 [0/32]: loss = 0.0556013248860836, lr = 0.000125
2025-09-19 12:20:15 INFO     Epoch 1202 [0/32]: loss = 0.0556013248860836, lr = 0.000125
2025-09-19 12:20:15 INFO     Epoch 1202 [0/32]: loss = 0.0556013248860836, lr = 0.000125
2025-09-19 12:20:27 INFO     Epoch 1202 [10/32]: loss = 0.04776034504175186, lr = 0.000125
2025-09-19 12:20:27 INFO     Epoch 1202 [10/32]: loss = 0.04776034504175186, lr = 0.000125
2025-09-19 12:20:27 INFO     Epoch 1202 [10/32]: loss = 0.04776034504175186, lr = 0.000125
2025-09-19 12:20:27 INFO     Epoch 1202 [10/32]: loss = 0.04776034504175186, lr = 0.000125
2025-09-19 12:20:39 INFO     Epoch 1202 [20/32]: loss = 0.05993158742785454, lr = 0.000125
2025-09-19 12:20:39 INFO     Epoch 1202 [20/32]: loss = 0.05993158742785454, lr = 0.000125
2025-09-19 12:20:39 INFO     Epoch 1202 [20/32]: loss = 0.05993158742785454, lr = 0.000125
2025-09-19 12:20:39 INFO     Epoch 1202 [20/32]: loss = 0.05993158742785454, lr = 0.000125
2025-09-19 12:20:50 INFO     Epoch 1202 [30/32]: loss = 0.0761554092168808, lr = 0.000125
2025-09-19 12:20:50 INFO     Epoch 1202 [30/32]: loss = 0.0761554092168808, lr = 0.000125
2025-09-19 12:20:50 INFO     Epoch 1202 [30/32]: loss = 0.0761554092168808, lr = 0.000125
2025-09-19 12:20:50 INFO     Epoch 1202 [30/32]: loss = 0.0761554092168808, lr = 0.000125
2025-09-19 12:20:54 INFO     Epoch 1203 [0/32]: loss = 0.06867232918739319, lr = 0.000125
2025-09-19 12:20:54 INFO     Epoch 1203 [0/32]: loss = 0.06867232918739319, lr = 0.000125
2025-09-19 12:20:54 INFO     Epoch 1203 [0/32]: loss = 0.06867232918739319, lr = 0.000125
2025-09-19 12:20:54 INFO     Epoch 1203 [0/32]: loss = 0.06867232918739319, lr = 0.000125
2025-09-19 12:21:05 INFO     Epoch 1203 [10/32]: loss = 0.055184505879879, lr = 0.000125
2025-09-19 12:21:05 INFO     Epoch 1203 [10/32]: loss = 0.055184505879879, lr = 0.000125
2025-09-19 12:21:05 INFO     Epoch 1203 [10/32]: loss = 0.055184505879879, lr = 0.000125
2025-09-19 12:21:05 INFO     Epoch 1203 [10/32]: loss = 0.055184505879879, lr = 0.000125
2025-09-19 12:21:17 INFO     Epoch 1203 [20/32]: loss = 0.04141876846551895, lr = 0.000125
2025-09-19 12:21:17 INFO     Epoch 1203 [20/32]: loss = 0.04141876846551895, lr = 0.000125
2025-09-19 12:21:17 INFO     Epoch 1203 [20/32]: loss = 0.04141876846551895, lr = 0.000125
2025-09-19 12:21:17 INFO     Epoch 1203 [20/32]: loss = 0.04141876846551895, lr = 0.000125
2025-09-19 12:21:29 INFO     Epoch 1203 [30/32]: loss = 0.06371720135211945, lr = 0.000125
2025-09-19 12:21:29 INFO     Epoch 1203 [30/32]: loss = 0.06371720135211945, lr = 0.000125
2025-09-19 12:21:29 INFO     Epoch 1203 [30/32]: loss = 0.06371720135211945, lr = 0.000125
2025-09-19 12:21:29 INFO     Epoch 1203 [30/32]: loss = 0.06371720135211945, lr = 0.000125
2025-09-19 12:21:32 INFO     Epoch 1204 [0/32]: loss = 0.054342880845069885, lr = 0.000125
2025-09-19 12:21:32 INFO     Epoch 1204 [0/32]: loss = 0.054342880845069885, lr = 0.000125
2025-09-19 12:21:32 INFO     Epoch 1204 [0/32]: loss = 0.054342880845069885, lr = 0.000125
2025-09-19 12:21:32 INFO     Epoch 1204 [0/32]: loss = 0.054342880845069885, lr = 0.000125
2025-09-19 12:21:44 INFO     Epoch 1204 [10/32]: loss = 0.035759881138801575, lr = 0.000125
2025-09-19 12:21:44 INFO     Epoch 1204 [10/32]: loss = 0.035759881138801575, lr = 0.000125
2025-09-19 12:21:44 INFO     Epoch 1204 [10/32]: loss = 0.035759881138801575, lr = 0.000125
2025-09-19 12:21:44 INFO     Epoch 1204 [10/32]: loss = 0.035759881138801575, lr = 0.000125
2025-09-19 12:21:56 INFO     Epoch 1204 [20/32]: loss = 0.045235320925712585, lr = 0.000125
2025-09-19 12:21:56 INFO     Epoch 1204 [20/32]: loss = 0.045235320925712585, lr = 0.000125
2025-09-19 12:21:56 INFO     Epoch 1204 [20/32]: loss = 0.045235320925712585, lr = 0.000125
2025-09-19 12:21:56 INFO     Epoch 1204 [20/32]: loss = 0.045235320925712585, lr = 0.000125
2025-09-19 12:22:08 INFO     Epoch 1204 [30/32]: loss = 0.0489443838596344, lr = 0.000125
2025-09-19 12:22:08 INFO     Epoch 1204 [30/32]: loss = 0.0489443838596344, lr = 0.000125
2025-09-19 12:22:08 INFO     Epoch 1204 [30/32]: loss = 0.0489443838596344, lr = 0.000125
2025-09-19 12:22:08 INFO     Epoch 1204 [30/32]: loss = 0.0489443838596344, lr = 0.000125
2025-09-19 12:22:11 INFO     Epoch 1205 [0/32]: loss = 0.0615316703915596, lr = 0.000125
2025-09-19 12:22:11 INFO     Epoch 1205 [0/32]: loss = 0.0615316703915596, lr = 0.000125
2025-09-19 12:22:11 INFO     Epoch 1205 [0/32]: loss = 0.0615316703915596, lr = 0.000125
2025-09-19 12:22:11 INFO     Epoch 1205 [0/32]: loss = 0.0615316703915596, lr = 0.000125
2025-09-19 12:22:23 INFO     Epoch 1205 [10/32]: loss = 0.06198259815573692, lr = 0.000125
2025-09-19 12:22:23 INFO     Epoch 1205 [10/32]: loss = 0.06198259815573692, lr = 0.000125
2025-09-19 12:22:23 INFO     Epoch 1205 [10/32]: loss = 0.06198259815573692, lr = 0.000125
2025-09-19 12:22:23 INFO     Epoch 1205 [10/32]: loss = 0.06198259815573692, lr = 0.000125
2025-09-19 12:22:35 INFO     Epoch 1205 [20/32]: loss = 0.07026992738246918, lr = 0.000125
2025-09-19 12:22:35 INFO     Epoch 1205 [20/32]: loss = 0.07026992738246918, lr = 0.000125
2025-09-19 12:22:35 INFO     Epoch 1205 [20/32]: loss = 0.07026992738246918, lr = 0.000125
2025-09-19 12:22:35 INFO     Epoch 1205 [20/32]: loss = 0.07026992738246918, lr = 0.000125
2025-09-19 12:22:47 INFO     Epoch 1205 [30/32]: loss = 0.052751049399375916, lr = 0.000125
2025-09-19 12:22:47 INFO     Epoch 1205 [30/32]: loss = 0.052751049399375916, lr = 0.000125
2025-09-19 12:22:47 INFO     Epoch 1205 [30/32]: loss = 0.052751049399375916, lr = 0.000125
2025-09-19 12:22:47 INFO     Epoch 1205 [30/32]: loss = 0.052751049399375916, lr = 0.000125
2025-09-19 12:22:50 INFO     Epoch 1206 [0/32]: loss = 0.04060165956616402, lr = 0.000125
2025-09-19 12:22:50 INFO     Epoch 1206 [0/32]: loss = 0.04060165956616402, lr = 0.000125
2025-09-19 12:22:50 INFO     Epoch 1206 [0/32]: loss = 0.04060165956616402, lr = 0.000125
2025-09-19 12:22:50 INFO     Epoch 1206 [0/32]: loss = 0.04060165956616402, lr = 0.000125
2025-09-19 12:23:02 INFO     Epoch 1206 [10/32]: loss = 0.05321141704916954, lr = 0.000125
2025-09-19 12:23:02 INFO     Epoch 1206 [10/32]: loss = 0.05321141704916954, lr = 0.000125
2025-09-19 12:23:02 INFO     Epoch 1206 [10/32]: loss = 0.05321141704916954, lr = 0.000125
2025-09-19 12:23:02 INFO     Epoch 1206 [10/32]: loss = 0.05321141704916954, lr = 0.000125
2025-09-19 12:23:14 INFO     Epoch 1206 [20/32]: loss = 0.05043812841176987, lr = 0.000125
2025-09-19 12:23:14 INFO     Epoch 1206 [20/32]: loss = 0.05043812841176987, lr = 0.000125
2025-09-19 12:23:14 INFO     Epoch 1206 [20/32]: loss = 0.05043812841176987, lr = 0.000125
2025-09-19 12:23:14 INFO     Epoch 1206 [20/32]: loss = 0.05043812841176987, lr = 0.000125
2025-09-19 12:23:26 INFO     Epoch 1206 [30/32]: loss = 0.05804126709699631, lr = 0.000125
2025-09-19 12:23:26 INFO     Epoch 1206 [30/32]: loss = 0.05804126709699631, lr = 0.000125
2025-09-19 12:23:26 INFO     Epoch 1206 [30/32]: loss = 0.05804126709699631, lr = 0.000125
2025-09-19 12:23:26 INFO     Epoch 1206 [30/32]: loss = 0.05804126709699631, lr = 0.000125
2025-09-19 12:23:29 INFO     Epoch 1207 [0/32]: loss = 0.06681139767169952, lr = 0.000125
2025-09-19 12:23:29 INFO     Epoch 1207 [0/32]: loss = 0.06681139767169952, lr = 0.000125
2025-09-19 12:23:29 INFO     Epoch 1207 [0/32]: loss = 0.06681139767169952, lr = 0.000125
2025-09-19 12:23:29 INFO     Epoch 1207 [0/32]: loss = 0.06681139767169952, lr = 0.000125
2025-09-19 12:23:40 INFO     Epoch 1207 [10/32]: loss = 0.06032004579901695, lr = 0.000125
2025-09-19 12:23:40 INFO     Epoch 1207 [10/32]: loss = 0.06032004579901695, lr = 0.000125
2025-09-19 12:23:40 INFO     Epoch 1207 [10/32]: loss = 0.06032004579901695, lr = 0.000125
2025-09-19 12:23:40 INFO     Epoch 1207 [10/32]: loss = 0.06032004579901695, lr = 0.000125
2025-09-19 12:23:52 INFO     Epoch 1207 [20/32]: loss = 0.049524758011102676, lr = 0.000125
2025-09-19 12:23:52 INFO     Epoch 1207 [20/32]: loss = 0.049524758011102676, lr = 0.000125
2025-09-19 12:23:52 INFO     Epoch 1207 [20/32]: loss = 0.049524758011102676, lr = 0.000125
2025-09-19 12:23:52 INFO     Epoch 1207 [20/32]: loss = 0.049524758011102676, lr = 0.000125
2025-09-19 12:24:04 INFO     Epoch 1207 [30/32]: loss = 0.04471128433942795, lr = 0.000125
2025-09-19 12:24:04 INFO     Epoch 1207 [30/32]: loss = 0.04471128433942795, lr = 0.000125
2025-09-19 12:24:04 INFO     Epoch 1207 [30/32]: loss = 0.04471128433942795, lr = 0.000125
2025-09-19 12:24:04 INFO     Epoch 1207 [30/32]: loss = 0.04471128433942795, lr = 0.000125
2025-09-19 12:24:07 INFO     Epoch 1208 [0/32]: loss = 0.04559009522199631, lr = 0.000125
2025-09-19 12:24:07 INFO     Epoch 1208 [0/32]: loss = 0.04559009522199631, lr = 0.000125
2025-09-19 12:24:07 INFO     Epoch 1208 [0/32]: loss = 0.04559009522199631, lr = 0.000125
2025-09-19 12:24:07 INFO     Epoch 1208 [0/32]: loss = 0.04559009522199631, lr = 0.000125
2025-09-19 12:24:19 INFO     Epoch 1208 [10/32]: loss = 0.06243155896663666, lr = 0.000125
2025-09-19 12:24:19 INFO     Epoch 1208 [10/32]: loss = 0.06243155896663666, lr = 0.000125
2025-09-19 12:24:19 INFO     Epoch 1208 [10/32]: loss = 0.06243155896663666, lr = 0.000125
2025-09-19 12:24:19 INFO     Epoch 1208 [10/32]: loss = 0.06243155896663666, lr = 0.000125
2025-09-19 12:24:31 INFO     Epoch 1208 [20/32]: loss = 0.027452368289232254, lr = 0.000125
2025-09-19 12:24:31 INFO     Epoch 1208 [20/32]: loss = 0.027452368289232254, lr = 0.000125
2025-09-19 12:24:31 INFO     Epoch 1208 [20/32]: loss = 0.027452368289232254, lr = 0.000125
2025-09-19 12:24:31 INFO     Epoch 1208 [20/32]: loss = 0.027452368289232254, lr = 0.000125
2025-09-19 12:24:43 INFO     Epoch 1208 [30/32]: loss = 0.08763307332992554, lr = 0.000125
2025-09-19 12:24:43 INFO     Epoch 1208 [30/32]: loss = 0.08763307332992554, lr = 0.000125
2025-09-19 12:24:43 INFO     Epoch 1208 [30/32]: loss = 0.08763307332992554, lr = 0.000125
2025-09-19 12:24:43 INFO     Epoch 1208 [30/32]: loss = 0.08763307332992554, lr = 0.000125
2025-09-19 12:24:46 INFO     Epoch 1209 [0/32]: loss = 0.06961522996425629, lr = 0.000125
2025-09-19 12:24:46 INFO     Epoch 1209 [0/32]: loss = 0.06961522996425629, lr = 0.000125
2025-09-19 12:24:46 INFO     Epoch 1209 [0/32]: loss = 0.06961522996425629, lr = 0.000125
2025-09-19 12:24:46 INFO     Epoch 1209 [0/32]: loss = 0.06961522996425629, lr = 0.000125
2025-09-19 12:24:58 INFO     Epoch 1209 [10/32]: loss = 0.05281999707221985, lr = 0.000125
2025-09-19 12:24:58 INFO     Epoch 1209 [10/32]: loss = 0.05281999707221985, lr = 0.000125
2025-09-19 12:24:58 INFO     Epoch 1209 [10/32]: loss = 0.05281999707221985, lr = 0.000125
2025-09-19 12:24:58 INFO     Epoch 1209 [10/32]: loss = 0.05281999707221985, lr = 0.000125
2025-09-19 12:25:10 INFO     Epoch 1209 [20/32]: loss = 0.051147352904081345, lr = 0.000125
2025-09-19 12:25:10 INFO     Epoch 1209 [20/32]: loss = 0.051147352904081345, lr = 0.000125
2025-09-19 12:25:10 INFO     Epoch 1209 [20/32]: loss = 0.051147352904081345, lr = 0.000125
2025-09-19 12:25:10 INFO     Epoch 1209 [20/32]: loss = 0.051147352904081345, lr = 0.000125
2025-09-19 12:25:22 INFO     Epoch 1209 [30/32]: loss = 0.0528128445148468, lr = 0.000125
2025-09-19 12:25:22 INFO     Epoch 1209 [30/32]: loss = 0.0528128445148468, lr = 0.000125
2025-09-19 12:25:22 INFO     Epoch 1209 [30/32]: loss = 0.0528128445148468, lr = 0.000125
2025-09-19 12:25:22 INFO     Epoch 1209 [30/32]: loss = 0.0528128445148468, lr = 0.000125
2025-09-19 12:25:25 INFO     Epoch 1210 [0/32]: loss = 0.053987469524145126, lr = 0.000125
2025-09-19 12:25:25 INFO     Epoch 1210 [0/32]: loss = 0.053987469524145126, lr = 0.000125
2025-09-19 12:25:25 INFO     Epoch 1210 [0/32]: loss = 0.053987469524145126, lr = 0.000125
2025-09-19 12:25:25 INFO     Epoch 1210 [0/32]: loss = 0.053987469524145126, lr = 0.000125
2025-09-19 12:25:36 INFO     Epoch 1210 [10/32]: loss = 0.043465591967105865, lr = 0.000125
2025-09-19 12:25:36 INFO     Epoch 1210 [10/32]: loss = 0.043465591967105865, lr = 0.000125
2025-09-19 12:25:36 INFO     Epoch 1210 [10/32]: loss = 0.043465591967105865, lr = 0.000125
2025-09-19 12:25:36 INFO     Epoch 1210 [10/32]: loss = 0.043465591967105865, lr = 0.000125
2025-09-19 12:25:48 INFO     Epoch 1210 [20/32]: loss = 0.057299546897411346, lr = 0.000125
2025-09-19 12:25:48 INFO     Epoch 1210 [20/32]: loss = 0.057299546897411346, lr = 0.000125
2025-09-19 12:25:48 INFO     Epoch 1210 [20/32]: loss = 0.057299546897411346, lr = 0.000125
2025-09-19 12:25:48 INFO     Epoch 1210 [20/32]: loss = 0.057299546897411346, lr = 0.000125
2025-09-19 12:26:00 INFO     Epoch 1210 [30/32]: loss = 0.07383476942777634, lr = 0.000125
2025-09-19 12:26:00 INFO     Epoch 1210 [30/32]: loss = 0.07383476942777634, lr = 0.000125
2025-09-19 12:26:00 INFO     Epoch 1210 [30/32]: loss = 0.07383476942777634, lr = 0.000125
2025-09-19 12:26:00 INFO     Epoch 1210 [30/32]: loss = 0.07383476942777634, lr = 0.000125
2025-09-19 12:26:03 INFO     Epoch 1211 [0/32]: loss = 0.03767303377389908, lr = 0.000125
2025-09-19 12:26:03 INFO     Epoch 1211 [0/32]: loss = 0.03767303377389908, lr = 0.000125
2025-09-19 12:26:03 INFO     Epoch 1211 [0/32]: loss = 0.03767303377389908, lr = 0.000125
2025-09-19 12:26:03 INFO     Epoch 1211 [0/32]: loss = 0.03767303377389908, lr = 0.000125
2025-09-19 12:26:15 INFO     Epoch 1211 [10/32]: loss = 0.04603583365678787, lr = 0.000125
2025-09-19 12:26:15 INFO     Epoch 1211 [10/32]: loss = 0.04603583365678787, lr = 0.000125
2025-09-19 12:26:15 INFO     Epoch 1211 [10/32]: loss = 0.04603583365678787, lr = 0.000125
2025-09-19 12:26:15 INFO     Epoch 1211 [10/32]: loss = 0.04603583365678787, lr = 0.000125
2025-09-19 12:26:27 INFO     Epoch 1211 [20/32]: loss = 0.0547720268368721, lr = 0.000125
2025-09-19 12:26:27 INFO     Epoch 1211 [20/32]: loss = 0.0547720268368721, lr = 0.000125
2025-09-19 12:26:27 INFO     Epoch 1211 [20/32]: loss = 0.0547720268368721, lr = 0.000125
2025-09-19 12:26:27 INFO     Epoch 1211 [20/32]: loss = 0.0547720268368721, lr = 0.000125
2025-09-19 12:26:38 INFO     Epoch 1211 [30/32]: loss = 0.04805222153663635, lr = 0.000125
2025-09-19 12:26:38 INFO     Epoch 1211 [30/32]: loss = 0.04805222153663635, lr = 0.000125
2025-09-19 12:26:38 INFO     Epoch 1211 [30/32]: loss = 0.04805222153663635, lr = 0.000125
2025-09-19 12:26:38 INFO     Epoch 1211 [30/32]: loss = 0.04805222153663635, lr = 0.000125
2025-09-19 12:26:41 INFO     Epoch 1212 [0/32]: loss = 0.05383533239364624, lr = 0.000125
2025-09-19 12:26:41 INFO     Epoch 1212 [0/32]: loss = 0.05383533239364624, lr = 0.000125
2025-09-19 12:26:41 INFO     Epoch 1212 [0/32]: loss = 0.05383533239364624, lr = 0.000125
2025-09-19 12:26:41 INFO     Epoch 1212 [0/32]: loss = 0.05383533239364624, lr = 0.000125
2025-09-19 12:26:53 INFO     Epoch 1212 [10/32]: loss = 0.05008425563573837, lr = 0.000125
2025-09-19 12:26:53 INFO     Epoch 1212 [10/32]: loss = 0.05008425563573837, lr = 0.000125
2025-09-19 12:26:53 INFO     Epoch 1212 [10/32]: loss = 0.05008425563573837, lr = 0.000125
2025-09-19 12:26:53 INFO     Epoch 1212 [10/32]: loss = 0.05008425563573837, lr = 0.000125
2025-09-19 12:27:05 INFO     Epoch 1212 [20/32]: loss = 0.06813056766986847, lr = 0.000125
2025-09-19 12:27:05 INFO     Epoch 1212 [20/32]: loss = 0.06813056766986847, lr = 0.000125
2025-09-19 12:27:05 INFO     Epoch 1212 [20/32]: loss = 0.06813056766986847, lr = 0.000125
2025-09-19 12:27:05 INFO     Epoch 1212 [20/32]: loss = 0.06813056766986847, lr = 0.000125
2025-09-19 12:27:17 INFO     Epoch 1212 [30/32]: loss = 0.02477778121829033, lr = 0.000125
2025-09-19 12:27:17 INFO     Epoch 1212 [30/32]: loss = 0.02477778121829033, lr = 0.000125
2025-09-19 12:27:17 INFO     Epoch 1212 [30/32]: loss = 0.02477778121829033, lr = 0.000125
2025-09-19 12:27:17 INFO     Epoch 1212 [30/32]: loss = 0.02477778121829033, lr = 0.000125
2025-09-19 12:27:20 INFO     Epoch 1213 [0/32]: loss = 0.05512842535972595, lr = 0.000125
2025-09-19 12:27:20 INFO     Epoch 1213 [0/32]: loss = 0.05512842535972595, lr = 0.000125
2025-09-19 12:27:20 INFO     Epoch 1213 [0/32]: loss = 0.05512842535972595, lr = 0.000125
2025-09-19 12:27:20 INFO     Epoch 1213 [0/32]: loss = 0.05512842535972595, lr = 0.000125
2025-09-19 12:27:32 INFO     Epoch 1213 [10/32]: loss = 0.04096377640962601, lr = 0.000125
2025-09-19 12:27:32 INFO     Epoch 1213 [10/32]: loss = 0.04096377640962601, lr = 0.000125
2025-09-19 12:27:32 INFO     Epoch 1213 [10/32]: loss = 0.04096377640962601, lr = 0.000125
2025-09-19 12:27:32 INFO     Epoch 1213 [10/32]: loss = 0.04096377640962601, lr = 0.000125
2025-09-19 12:27:44 INFO     Epoch 1213 [20/32]: loss = 0.060599543154239655, lr = 0.000125
2025-09-19 12:27:44 INFO     Epoch 1213 [20/32]: loss = 0.060599543154239655, lr = 0.000125
2025-09-19 12:27:44 INFO     Epoch 1213 [20/32]: loss = 0.060599543154239655, lr = 0.000125
2025-09-19 12:27:44 INFO     Epoch 1213 [20/32]: loss = 0.060599543154239655, lr = 0.000125
2025-09-19 12:27:56 INFO     Epoch 1213 [30/32]: loss = 0.050379592925310135, lr = 0.000125
2025-09-19 12:27:56 INFO     Epoch 1213 [30/32]: loss = 0.050379592925310135, lr = 0.000125
2025-09-19 12:27:56 INFO     Epoch 1213 [30/32]: loss = 0.050379592925310135, lr = 0.000125
2025-09-19 12:27:56 INFO     Epoch 1213 [30/32]: loss = 0.050379592925310135, lr = 0.000125
2025-09-19 12:27:59 INFO     Epoch 1214 [0/32]: loss = 0.06365890800952911, lr = 0.000125
2025-09-19 12:27:59 INFO     Epoch 1214 [0/32]: loss = 0.06365890800952911, lr = 0.000125
2025-09-19 12:27:59 INFO     Epoch 1214 [0/32]: loss = 0.06365890800952911, lr = 0.000125
2025-09-19 12:27:59 INFO     Epoch 1214 [0/32]: loss = 0.06365890800952911, lr = 0.000125
2025-09-19 12:28:11 INFO     Epoch 1214 [10/32]: loss = 0.05692358314990997, lr = 0.000125
2025-09-19 12:28:11 INFO     Epoch 1214 [10/32]: loss = 0.05692358314990997, lr = 0.000125
2025-09-19 12:28:11 INFO     Epoch 1214 [10/32]: loss = 0.05692358314990997, lr = 0.000125
2025-09-19 12:28:11 INFO     Epoch 1214 [10/32]: loss = 0.05692358314990997, lr = 0.000125
2025-09-19 12:28:23 INFO     Epoch 1214 [20/32]: loss = 0.06357380747795105, lr = 0.000125
2025-09-19 12:28:23 INFO     Epoch 1214 [20/32]: loss = 0.06357380747795105, lr = 0.000125
2025-09-19 12:28:23 INFO     Epoch 1214 [20/32]: loss = 0.06357380747795105, lr = 0.000125
2025-09-19 12:28:23 INFO     Epoch 1214 [20/32]: loss = 0.06357380747795105, lr = 0.000125
2025-09-19 12:28:35 INFO     Epoch 1214 [30/32]: loss = 0.05604475364089012, lr = 0.000125
2025-09-19 12:28:35 INFO     Epoch 1214 [30/32]: loss = 0.05604475364089012, lr = 0.000125
2025-09-19 12:28:35 INFO     Epoch 1214 [30/32]: loss = 0.05604475364089012, lr = 0.000125
2025-09-19 12:28:35 INFO     Epoch 1214 [30/32]: loss = 0.05604475364089012, lr = 0.000125
2025-09-19 12:28:38 INFO     Epoch 1215 [0/32]: loss = 0.03579852357506752, lr = 0.000125
2025-09-19 12:28:38 INFO     Epoch 1215 [0/32]: loss = 0.03579852357506752, lr = 0.000125
2025-09-19 12:28:38 INFO     Epoch 1215 [0/32]: loss = 0.03579852357506752, lr = 0.000125
2025-09-19 12:28:38 INFO     Epoch 1215 [0/32]: loss = 0.03579852357506752, lr = 0.000125
2025-09-19 12:28:50 INFO     Epoch 1215 [10/32]: loss = 0.05407010391354561, lr = 0.000125
2025-09-19 12:28:50 INFO     Epoch 1215 [10/32]: loss = 0.05407010391354561, lr = 0.000125
2025-09-19 12:28:50 INFO     Epoch 1215 [10/32]: loss = 0.05407010391354561, lr = 0.000125
2025-09-19 12:28:50 INFO     Epoch 1215 [10/32]: loss = 0.05407010391354561, lr = 0.000125
2025-09-19 12:29:02 INFO     Epoch 1215 [20/32]: loss = 0.06604354828596115, lr = 0.000125
2025-09-19 12:29:02 INFO     Epoch 1215 [20/32]: loss = 0.06604354828596115, lr = 0.000125
2025-09-19 12:29:02 INFO     Epoch 1215 [20/32]: loss = 0.06604354828596115, lr = 0.000125
2025-09-19 12:29:02 INFO     Epoch 1215 [20/32]: loss = 0.06604354828596115, lr = 0.000125
2025-09-19 12:29:13 INFO     Epoch 1215 [30/32]: loss = 0.030285462737083435, lr = 0.000125
2025-09-19 12:29:13 INFO     Epoch 1215 [30/32]: loss = 0.030285462737083435, lr = 0.000125
2025-09-19 12:29:13 INFO     Epoch 1215 [30/32]: loss = 0.030285462737083435, lr = 0.000125
2025-09-19 12:29:13 INFO     Epoch 1215 [30/32]: loss = 0.030285462737083435, lr = 0.000125
2025-09-19 12:29:17 INFO     Epoch 1216 [0/32]: loss = 0.03207053989171982, lr = 0.000125
2025-09-19 12:29:17 INFO     Epoch 1216 [0/32]: loss = 0.03207053989171982, lr = 0.000125
2025-09-19 12:29:17 INFO     Epoch 1216 [0/32]: loss = 0.03207053989171982, lr = 0.000125
2025-09-19 12:29:17 INFO     Epoch 1216 [0/32]: loss = 0.03207053989171982, lr = 0.000125
2025-09-19 12:29:28 INFO     Epoch 1216 [10/32]: loss = 0.06039150804281235, lr = 0.000125
2025-09-19 12:29:28 INFO     Epoch 1216 [10/32]: loss = 0.06039150804281235, lr = 0.000125
2025-09-19 12:29:28 INFO     Epoch 1216 [10/32]: loss = 0.06039150804281235, lr = 0.000125
2025-09-19 12:29:28 INFO     Epoch 1216 [10/32]: loss = 0.06039150804281235, lr = 0.000125
2025-09-19 12:29:40 INFO     Epoch 1216 [20/32]: loss = 0.05041860416531563, lr = 0.000125
2025-09-19 12:29:40 INFO     Epoch 1216 [20/32]: loss = 0.05041860416531563, lr = 0.000125
2025-09-19 12:29:40 INFO     Epoch 1216 [20/32]: loss = 0.05041860416531563, lr = 0.000125
2025-09-19 12:29:40 INFO     Epoch 1216 [20/32]: loss = 0.05041860416531563, lr = 0.000125
2025-09-19 12:29:52 INFO     Epoch 1216 [30/32]: loss = 0.0420086644589901, lr = 0.000125
2025-09-19 12:29:52 INFO     Epoch 1216 [30/32]: loss = 0.0420086644589901, lr = 0.000125
2025-09-19 12:29:52 INFO     Epoch 1216 [30/32]: loss = 0.0420086644589901, lr = 0.000125
2025-09-19 12:29:52 INFO     Epoch 1216 [30/32]: loss = 0.0420086644589901, lr = 0.000125
2025-09-19 12:29:55 INFO     Epoch 1217 [0/32]: loss = 0.03402458876371384, lr = 0.000125
2025-09-19 12:29:55 INFO     Epoch 1217 [0/32]: loss = 0.03402458876371384, lr = 0.000125
2025-09-19 12:29:55 INFO     Epoch 1217 [0/32]: loss = 0.03402458876371384, lr = 0.000125
2025-09-19 12:29:55 INFO     Epoch 1217 [0/32]: loss = 0.03402458876371384, lr = 0.000125
2025-09-19 12:30:07 INFO     Epoch 1217 [10/32]: loss = 0.061656706035137177, lr = 0.000125
2025-09-19 12:30:07 INFO     Epoch 1217 [10/32]: loss = 0.061656706035137177, lr = 0.000125
2025-09-19 12:30:07 INFO     Epoch 1217 [10/32]: loss = 0.061656706035137177, lr = 0.000125
2025-09-19 12:30:07 INFO     Epoch 1217 [10/32]: loss = 0.061656706035137177, lr = 0.000125
2025-09-19 12:30:19 INFO     Epoch 1217 [20/32]: loss = 0.049128513783216476, lr = 0.000125
2025-09-19 12:30:19 INFO     Epoch 1217 [20/32]: loss = 0.049128513783216476, lr = 0.000125
2025-09-19 12:30:19 INFO     Epoch 1217 [20/32]: loss = 0.049128513783216476, lr = 0.000125
2025-09-19 12:30:19 INFO     Epoch 1217 [20/32]: loss = 0.049128513783216476, lr = 0.000125
2025-09-19 12:30:31 INFO     Epoch 1217 [30/32]: loss = 0.06488794088363647, lr = 0.000125
2025-09-19 12:30:31 INFO     Epoch 1217 [30/32]: loss = 0.06488794088363647, lr = 0.000125
2025-09-19 12:30:31 INFO     Epoch 1217 [30/32]: loss = 0.06488794088363647, lr = 0.000125
2025-09-19 12:30:31 INFO     Epoch 1217 [30/32]: loss = 0.06488794088363647, lr = 0.000125
2025-09-19 12:30:34 INFO     Epoch 1218 [0/32]: loss = 0.03856489434838295, lr = 0.000125
2025-09-19 12:30:34 INFO     Epoch 1218 [0/32]: loss = 0.03856489434838295, lr = 0.000125
2025-09-19 12:30:34 INFO     Epoch 1218 [0/32]: loss = 0.03856489434838295, lr = 0.000125
2025-09-19 12:30:34 INFO     Epoch 1218 [0/32]: loss = 0.03856489434838295, lr = 0.000125
2025-09-19 12:30:46 INFO     Epoch 1218 [10/32]: loss = 0.04921106621623039, lr = 0.000125
2025-09-19 12:30:46 INFO     Epoch 1218 [10/32]: loss = 0.04921106621623039, lr = 0.000125
2025-09-19 12:30:46 INFO     Epoch 1218 [10/32]: loss = 0.04921106621623039, lr = 0.000125
2025-09-19 12:30:46 INFO     Epoch 1218 [10/32]: loss = 0.04921106621623039, lr = 0.000125
2025-09-19 12:30:58 INFO     Epoch 1218 [20/32]: loss = 0.08494044840335846, lr = 0.000125
2025-09-19 12:30:58 INFO     Epoch 1218 [20/32]: loss = 0.08494044840335846, lr = 0.000125
2025-09-19 12:30:58 INFO     Epoch 1218 [20/32]: loss = 0.08494044840335846, lr = 0.000125
2025-09-19 12:30:58 INFO     Epoch 1218 [20/32]: loss = 0.08494044840335846, lr = 0.000125
2025-09-19 12:31:10 INFO     Epoch 1218 [30/32]: loss = 0.04862283170223236, lr = 0.000125
2025-09-19 12:31:10 INFO     Epoch 1218 [30/32]: loss = 0.04862283170223236, lr = 0.000125
2025-09-19 12:31:10 INFO     Epoch 1218 [30/32]: loss = 0.04862283170223236, lr = 0.000125
2025-09-19 12:31:10 INFO     Epoch 1218 [30/32]: loss = 0.04862283170223236, lr = 0.000125
2025-09-19 12:31:13 INFO     Epoch 1219 [0/32]: loss = 0.050159890204668045, lr = 0.000125
2025-09-19 12:31:13 INFO     Epoch 1219 [0/32]: loss = 0.050159890204668045, lr = 0.000125
2025-09-19 12:31:13 INFO     Epoch 1219 [0/32]: loss = 0.050159890204668045, lr = 0.000125
2025-09-19 12:31:13 INFO     Epoch 1219 [0/32]: loss = 0.050159890204668045, lr = 0.000125
2025-09-19 12:31:25 INFO     Epoch 1219 [10/32]: loss = 0.06259538978338242, lr = 0.000125
2025-09-19 12:31:25 INFO     Epoch 1219 [10/32]: loss = 0.06259538978338242, lr = 0.000125
2025-09-19 12:31:25 INFO     Epoch 1219 [10/32]: loss = 0.06259538978338242, lr = 0.000125
2025-09-19 12:31:25 INFO     Epoch 1219 [10/32]: loss = 0.06259538978338242, lr = 0.000125
2025-09-19 12:31:37 INFO     Epoch 1219 [20/32]: loss = 0.06659404933452606, lr = 0.000125
2025-09-19 12:31:37 INFO     Epoch 1219 [20/32]: loss = 0.06659404933452606, lr = 0.000125
2025-09-19 12:31:37 INFO     Epoch 1219 [20/32]: loss = 0.06659404933452606, lr = 0.000125
2025-09-19 12:31:37 INFO     Epoch 1219 [20/32]: loss = 0.06659404933452606, lr = 0.000125
2025-09-19 12:31:49 INFO     Epoch 1219 [30/32]: loss = 0.05465659871697426, lr = 0.000125
2025-09-19 12:31:49 INFO     Epoch 1219 [30/32]: loss = 0.05465659871697426, lr = 0.000125
2025-09-19 12:31:49 INFO     Epoch 1219 [30/32]: loss = 0.05465659871697426, lr = 0.000125
2025-09-19 12:31:49 INFO     Epoch 1219 [30/32]: loss = 0.05465659871697426, lr = 0.000125
2025-09-19 12:31:52 INFO     Epoch 1220 [0/32]: loss = 0.062006719410419464, lr = 0.000125
2025-09-19 12:31:52 INFO     Epoch 1220 [0/32]: loss = 0.062006719410419464, lr = 0.000125
2025-09-19 12:31:52 INFO     Epoch 1220 [0/32]: loss = 0.062006719410419464, lr = 0.000125
2025-09-19 12:31:52 INFO     Epoch 1220 [0/32]: loss = 0.062006719410419464, lr = 0.000125
2025-09-19 12:32:04 INFO     Epoch 1220 [10/32]: loss = 0.04635149613022804, lr = 0.000125
2025-09-19 12:32:04 INFO     Epoch 1220 [10/32]: loss = 0.04635149613022804, lr = 0.000125
2025-09-19 12:32:04 INFO     Epoch 1220 [10/32]: loss = 0.04635149613022804, lr = 0.000125
2025-09-19 12:32:04 INFO     Epoch 1220 [10/32]: loss = 0.04635149613022804, lr = 0.000125
2025-09-19 12:32:16 INFO     Epoch 1220 [20/32]: loss = 0.03200004994869232, lr = 0.000125
2025-09-19 12:32:16 INFO     Epoch 1220 [20/32]: loss = 0.03200004994869232, lr = 0.000125
2025-09-19 12:32:16 INFO     Epoch 1220 [20/32]: loss = 0.03200004994869232, lr = 0.000125
2025-09-19 12:32:16 INFO     Epoch 1220 [20/32]: loss = 0.03200004994869232, lr = 0.000125
2025-09-19 12:32:27 INFO     Epoch 1220 [30/32]: loss = 0.0766206756234169, lr = 0.000125
2025-09-19 12:32:27 INFO     Epoch 1220 [30/32]: loss = 0.0766206756234169, lr = 0.000125
2025-09-19 12:32:27 INFO     Epoch 1220 [30/32]: loss = 0.0766206756234169, lr = 0.000125
2025-09-19 12:32:27 INFO     Epoch 1220 [30/32]: loss = 0.0766206756234169, lr = 0.000125
2025-09-19 12:32:31 INFO     Epoch 1221 [0/32]: loss = 0.06139791011810303, lr = 0.000125
2025-09-19 12:32:31 INFO     Epoch 1221 [0/32]: loss = 0.06139791011810303, lr = 0.000125
2025-09-19 12:32:31 INFO     Epoch 1221 [0/32]: loss = 0.06139791011810303, lr = 0.000125
2025-09-19 12:32:31 INFO     Epoch 1221 [0/32]: loss = 0.06139791011810303, lr = 0.000125
2025-09-19 12:32:42 INFO     Epoch 1221 [10/32]: loss = 0.05726701766252518, lr = 0.000125
2025-09-19 12:32:42 INFO     Epoch 1221 [10/32]: loss = 0.05726701766252518, lr = 0.000125
2025-09-19 12:32:42 INFO     Epoch 1221 [10/32]: loss = 0.05726701766252518, lr = 0.000125
2025-09-19 12:32:42 INFO     Epoch 1221 [10/32]: loss = 0.05726701766252518, lr = 0.000125
2025-09-19 12:32:54 INFO     Epoch 1221 [20/32]: loss = 0.05615369230508804, lr = 0.000125
2025-09-19 12:32:54 INFO     Epoch 1221 [20/32]: loss = 0.05615369230508804, lr = 0.000125
2025-09-19 12:32:54 INFO     Epoch 1221 [20/32]: loss = 0.05615369230508804, lr = 0.000125
2025-09-19 12:32:54 INFO     Epoch 1221 [20/32]: loss = 0.05615369230508804, lr = 0.000125
2025-09-19 12:33:06 INFO     Epoch 1221 [30/32]: loss = 0.04079046472907066, lr = 0.000125
2025-09-19 12:33:06 INFO     Epoch 1221 [30/32]: loss = 0.04079046472907066, lr = 0.000125
2025-09-19 12:33:06 INFO     Epoch 1221 [30/32]: loss = 0.04079046472907066, lr = 0.000125
2025-09-19 12:33:06 INFO     Epoch 1221 [30/32]: loss = 0.04079046472907066, lr = 0.000125
2025-09-19 12:33:09 INFO     Epoch 1222 [0/32]: loss = 0.05143548548221588, lr = 0.000125
2025-09-19 12:33:09 INFO     Epoch 1222 [0/32]: loss = 0.05143548548221588, lr = 0.000125
2025-09-19 12:33:09 INFO     Epoch 1222 [0/32]: loss = 0.05143548548221588, lr = 0.000125
2025-09-19 12:33:09 INFO     Epoch 1222 [0/32]: loss = 0.05143548548221588, lr = 0.000125
2025-09-19 12:33:21 INFO     Epoch 1222 [10/32]: loss = 0.04186902940273285, lr = 0.000125
2025-09-19 12:33:21 INFO     Epoch 1222 [10/32]: loss = 0.04186902940273285, lr = 0.000125
2025-09-19 12:33:21 INFO     Epoch 1222 [10/32]: loss = 0.04186902940273285, lr = 0.000125
2025-09-19 12:33:21 INFO     Epoch 1222 [10/32]: loss = 0.04186902940273285, lr = 0.000125
2025-09-19 12:33:33 INFO     Epoch 1222 [20/32]: loss = 0.053781844675540924, lr = 0.000125
2025-09-19 12:33:33 INFO     Epoch 1222 [20/32]: loss = 0.053781844675540924, lr = 0.000125
2025-09-19 12:33:33 INFO     Epoch 1222 [20/32]: loss = 0.053781844675540924, lr = 0.000125
2025-09-19 12:33:33 INFO     Epoch 1222 [20/32]: loss = 0.053781844675540924, lr = 0.000125
2025-09-19 12:33:45 INFO     Epoch 1222 [30/32]: loss = 0.05988379940390587, lr = 0.000125
2025-09-19 12:33:45 INFO     Epoch 1222 [30/32]: loss = 0.05988379940390587, lr = 0.000125
2025-09-19 12:33:45 INFO     Epoch 1222 [30/32]: loss = 0.05988379940390587, lr = 0.000125
2025-09-19 12:33:45 INFO     Epoch 1222 [30/32]: loss = 0.05988379940390587, lr = 0.000125
2025-09-19 12:33:48 INFO     Epoch 1223 [0/32]: loss = 0.056002743542194366, lr = 0.000125
2025-09-19 12:33:48 INFO     Epoch 1223 [0/32]: loss = 0.056002743542194366, lr = 0.000125
2025-09-19 12:33:48 INFO     Epoch 1223 [0/32]: loss = 0.056002743542194366, lr = 0.000125
2025-09-19 12:33:48 INFO     Epoch 1223 [0/32]: loss = 0.056002743542194366, lr = 0.000125
2025-09-19 12:34:00 INFO     Epoch 1223 [10/32]: loss = 0.05180040001869202, lr = 0.000125
2025-09-19 12:34:00 INFO     Epoch 1223 [10/32]: loss = 0.05180040001869202, lr = 0.000125
2025-09-19 12:34:00 INFO     Epoch 1223 [10/32]: loss = 0.05180040001869202, lr = 0.000125
2025-09-19 12:34:00 INFO     Epoch 1223 [10/32]: loss = 0.05180040001869202, lr = 0.000125
2025-09-19 12:34:12 INFO     Epoch 1223 [20/32]: loss = 0.06287321448326111, lr = 0.000125
2025-09-19 12:34:12 INFO     Epoch 1223 [20/32]: loss = 0.06287321448326111, lr = 0.000125
2025-09-19 12:34:12 INFO     Epoch 1223 [20/32]: loss = 0.06287321448326111, lr = 0.000125
2025-09-19 12:34:12 INFO     Epoch 1223 [20/32]: loss = 0.06287321448326111, lr = 0.000125
2025-09-19 12:34:24 INFO     Epoch 1223 [30/32]: loss = 0.04700848087668419, lr = 0.000125
2025-09-19 12:34:24 INFO     Epoch 1223 [30/32]: loss = 0.04700848087668419, lr = 0.000125
2025-09-19 12:34:24 INFO     Epoch 1223 [30/32]: loss = 0.04700848087668419, lr = 0.000125
2025-09-19 12:34:24 INFO     Epoch 1223 [30/32]: loss = 0.04700848087668419, lr = 0.000125
2025-09-19 12:34:27 INFO     Epoch 1224 [0/32]: loss = 0.06313992291688919, lr = 0.000125
2025-09-19 12:34:27 INFO     Epoch 1224 [0/32]: loss = 0.06313992291688919, lr = 0.000125
2025-09-19 12:34:27 INFO     Epoch 1224 [0/32]: loss = 0.06313992291688919, lr = 0.000125
2025-09-19 12:34:27 INFO     Epoch 1224 [0/32]: loss = 0.06313992291688919, lr = 0.000125
2025-09-19 12:34:39 INFO     Epoch 1224 [10/32]: loss = 0.07544256746768951, lr = 0.000125
2025-09-19 12:34:39 INFO     Epoch 1224 [10/32]: loss = 0.07544256746768951, lr = 0.000125
2025-09-19 12:34:39 INFO     Epoch 1224 [10/32]: loss = 0.07544256746768951, lr = 0.000125
2025-09-19 12:34:39 INFO     Epoch 1224 [10/32]: loss = 0.07544256746768951, lr = 0.000125
2025-09-19 12:34:51 INFO     Epoch 1224 [20/32]: loss = 0.06923168152570724, lr = 0.000125
2025-09-19 12:34:51 INFO     Epoch 1224 [20/32]: loss = 0.06923168152570724, lr = 0.000125
2025-09-19 12:34:51 INFO     Epoch 1224 [20/32]: loss = 0.06923168152570724, lr = 0.000125
2025-09-19 12:34:51 INFO     Epoch 1224 [20/32]: loss = 0.06923168152570724, lr = 0.000125
2025-09-19 12:35:03 INFO     Epoch 1224 [30/32]: loss = 0.040241748094558716, lr = 0.000125
2025-09-19 12:35:03 INFO     Epoch 1224 [30/32]: loss = 0.040241748094558716, lr = 0.000125
2025-09-19 12:35:03 INFO     Epoch 1224 [30/32]: loss = 0.040241748094558716, lr = 0.000125
2025-09-19 12:35:03 INFO     Epoch 1224 [30/32]: loss = 0.040241748094558716, lr = 0.000125
2025-09-19 12:35:06 INFO     Epoch 1225 [0/32]: loss = 0.046197496354579926, lr = 0.000125
2025-09-19 12:35:06 INFO     Epoch 1225 [0/32]: loss = 0.046197496354579926, lr = 0.000125
2025-09-19 12:35:06 INFO     Epoch 1225 [0/32]: loss = 0.046197496354579926, lr = 0.000125
2025-09-19 12:35:06 INFO     Epoch 1225 [0/32]: loss = 0.046197496354579926, lr = 0.000125
2025-09-19 12:35:18 INFO     Epoch 1225 [10/32]: loss = 0.05651979520916939, lr = 0.000125
2025-09-19 12:35:18 INFO     Epoch 1225 [10/32]: loss = 0.05651979520916939, lr = 0.000125
2025-09-19 12:35:18 INFO     Epoch 1225 [10/32]: loss = 0.05651979520916939, lr = 0.000125
2025-09-19 12:35:18 INFO     Epoch 1225 [10/32]: loss = 0.05651979520916939, lr = 0.000125
2025-09-19 12:35:30 INFO     Epoch 1225 [20/32]: loss = 0.04152040183544159, lr = 0.000125
2025-09-19 12:35:30 INFO     Epoch 1225 [20/32]: loss = 0.04152040183544159, lr = 0.000125
2025-09-19 12:35:30 INFO     Epoch 1225 [20/32]: loss = 0.04152040183544159, lr = 0.000125
2025-09-19 12:35:30 INFO     Epoch 1225 [20/32]: loss = 0.04152040183544159, lr = 0.000125
2025-09-19 12:35:42 INFO     Epoch 1225 [30/32]: loss = 0.05899324268102646, lr = 0.000125
2025-09-19 12:35:42 INFO     Epoch 1225 [30/32]: loss = 0.05899324268102646, lr = 0.000125
2025-09-19 12:35:42 INFO     Epoch 1225 [30/32]: loss = 0.05899324268102646, lr = 0.000125
2025-09-19 12:35:42 INFO     Epoch 1225 [30/32]: loss = 0.05899324268102646, lr = 0.000125
2025-09-19 12:35:45 INFO     Epoch 1226 [0/32]: loss = 0.06343372911214828, lr = 0.000125
2025-09-19 12:35:45 INFO     Epoch 1226 [0/32]: loss = 0.06343372911214828, lr = 0.000125
2025-09-19 12:35:45 INFO     Epoch 1226 [0/32]: loss = 0.06343372911214828, lr = 0.000125
2025-09-19 12:35:45 INFO     Epoch 1226 [0/32]: loss = 0.06343372911214828, lr = 0.000125
2025-09-19 12:35:57 INFO     Epoch 1226 [10/32]: loss = 0.06350816786289215, lr = 0.000125
2025-09-19 12:35:57 INFO     Epoch 1226 [10/32]: loss = 0.06350816786289215, lr = 0.000125
2025-09-19 12:35:57 INFO     Epoch 1226 [10/32]: loss = 0.06350816786289215, lr = 0.000125
2025-09-19 12:35:57 INFO     Epoch 1226 [10/32]: loss = 0.06350816786289215, lr = 0.000125
2025-09-19 12:36:09 INFO     Epoch 1226 [20/32]: loss = 0.03529294952750206, lr = 0.000125
2025-09-19 12:36:09 INFO     Epoch 1226 [20/32]: loss = 0.03529294952750206, lr = 0.000125
2025-09-19 12:36:09 INFO     Epoch 1226 [20/32]: loss = 0.03529294952750206, lr = 0.000125
2025-09-19 12:36:09 INFO     Epoch 1226 [20/32]: loss = 0.03529294952750206, lr = 0.000125
2025-09-19 12:36:21 INFO     Epoch 1226 [30/32]: loss = 0.08966483175754547, lr = 0.000125
2025-09-19 12:36:21 INFO     Epoch 1226 [30/32]: loss = 0.08966483175754547, lr = 0.000125
2025-09-19 12:36:21 INFO     Epoch 1226 [30/32]: loss = 0.08966483175754547, lr = 0.000125
2025-09-19 12:36:21 INFO     Epoch 1226 [30/32]: loss = 0.08966483175754547, lr = 0.000125
2025-09-19 12:36:24 INFO     Epoch 1227 [0/32]: loss = 0.05985010415315628, lr = 0.000125
2025-09-19 12:36:24 INFO     Epoch 1227 [0/32]: loss = 0.05985010415315628, lr = 0.000125
2025-09-19 12:36:24 INFO     Epoch 1227 [0/32]: loss = 0.05985010415315628, lr = 0.000125
2025-09-19 12:36:24 INFO     Epoch 1227 [0/32]: loss = 0.05985010415315628, lr = 0.000125
2025-09-19 12:36:36 INFO     Epoch 1227 [10/32]: loss = 0.06899842619895935, lr = 0.000125
2025-09-19 12:36:36 INFO     Epoch 1227 [10/32]: loss = 0.06899842619895935, lr = 0.000125
2025-09-19 12:36:36 INFO     Epoch 1227 [10/32]: loss = 0.06899842619895935, lr = 0.000125
2025-09-19 12:36:36 INFO     Epoch 1227 [10/32]: loss = 0.06899842619895935, lr = 0.000125
2025-09-19 12:36:47 INFO     Epoch 1227 [20/32]: loss = 0.053430892527103424, lr = 0.000125
2025-09-19 12:36:47 INFO     Epoch 1227 [20/32]: loss = 0.053430892527103424, lr = 0.000125
2025-09-19 12:36:47 INFO     Epoch 1227 [20/32]: loss = 0.053430892527103424, lr = 0.000125
2025-09-19 12:36:47 INFO     Epoch 1227 [20/32]: loss = 0.053430892527103424, lr = 0.000125
2025-09-19 12:36:59 INFO     Epoch 1227 [30/32]: loss = 0.04359092563390732, lr = 0.000125
2025-09-19 12:36:59 INFO     Epoch 1227 [30/32]: loss = 0.04359092563390732, lr = 0.000125
2025-09-19 12:36:59 INFO     Epoch 1227 [30/32]: loss = 0.04359092563390732, lr = 0.000125
2025-09-19 12:36:59 INFO     Epoch 1227 [30/32]: loss = 0.04359092563390732, lr = 0.000125
2025-09-19 12:37:02 INFO     Epoch 1228 [0/32]: loss = 0.059784382581710815, lr = 0.000125
2025-09-19 12:37:02 INFO     Epoch 1228 [0/32]: loss = 0.059784382581710815, lr = 0.000125
2025-09-19 12:37:02 INFO     Epoch 1228 [0/32]: loss = 0.059784382581710815, lr = 0.000125
2025-09-19 12:37:02 INFO     Epoch 1228 [0/32]: loss = 0.059784382581710815, lr = 0.000125
2025-09-19 12:37:14 INFO     Epoch 1228 [10/32]: loss = 0.05959609895944595, lr = 0.000125
2025-09-19 12:37:14 INFO     Epoch 1228 [10/32]: loss = 0.05959609895944595, lr = 0.000125
2025-09-19 12:37:14 INFO     Epoch 1228 [10/32]: loss = 0.05959609895944595, lr = 0.000125
2025-09-19 12:37:14 INFO     Epoch 1228 [10/32]: loss = 0.05959609895944595, lr = 0.000125
2025-09-19 12:37:26 INFO     Epoch 1228 [20/32]: loss = 0.05395984649658203, lr = 0.000125
2025-09-19 12:37:26 INFO     Epoch 1228 [20/32]: loss = 0.05395984649658203, lr = 0.000125
2025-09-19 12:37:26 INFO     Epoch 1228 [20/32]: loss = 0.05395984649658203, lr = 0.000125
2025-09-19 12:37:26 INFO     Epoch 1228 [20/32]: loss = 0.05395984649658203, lr = 0.000125
2025-09-19 12:37:38 INFO     Epoch 1228 [30/32]: loss = 0.03965698927640915, lr = 0.000125
2025-09-19 12:37:38 INFO     Epoch 1228 [30/32]: loss = 0.03965698927640915, lr = 0.000125
2025-09-19 12:37:38 INFO     Epoch 1228 [30/32]: loss = 0.03965698927640915, lr = 0.000125
2025-09-19 12:37:38 INFO     Epoch 1228 [30/32]: loss = 0.03965698927640915, lr = 0.000125
2025-09-19 12:37:41 INFO     Epoch 1229 [0/32]: loss = 0.058489926159381866, lr = 0.000125
2025-09-19 12:37:41 INFO     Epoch 1229 [0/32]: loss = 0.058489926159381866, lr = 0.000125
2025-09-19 12:37:41 INFO     Epoch 1229 [0/32]: loss = 0.058489926159381866, lr = 0.000125
2025-09-19 12:37:41 INFO     Epoch 1229 [0/32]: loss = 0.058489926159381866, lr = 0.000125
2025-09-19 12:37:53 INFO     Epoch 1229 [10/32]: loss = 0.049082208424806595, lr = 0.000125
2025-09-19 12:37:53 INFO     Epoch 1229 [10/32]: loss = 0.049082208424806595, lr = 0.000125
2025-09-19 12:37:53 INFO     Epoch 1229 [10/32]: loss = 0.049082208424806595, lr = 0.000125
2025-09-19 12:37:53 INFO     Epoch 1229 [10/32]: loss = 0.049082208424806595, lr = 0.000125
2025-09-19 12:38:04 INFO     Epoch 1229 [20/32]: loss = 0.04116564989089966, lr = 0.000125
2025-09-19 12:38:04 INFO     Epoch 1229 [20/32]: loss = 0.04116564989089966, lr = 0.000125
2025-09-19 12:38:04 INFO     Epoch 1229 [20/32]: loss = 0.04116564989089966, lr = 0.000125
2025-09-19 12:38:04 INFO     Epoch 1229 [20/32]: loss = 0.04116564989089966, lr = 0.000125
2025-09-19 12:38:16 INFO     Epoch 1229 [30/32]: loss = 0.032226283103227615, lr = 0.000125
2025-09-19 12:38:16 INFO     Epoch 1229 [30/32]: loss = 0.032226283103227615, lr = 0.000125
2025-09-19 12:38:16 INFO     Epoch 1229 [30/32]: loss = 0.032226283103227615, lr = 0.000125
2025-09-19 12:38:16 INFO     Epoch 1229 [30/32]: loss = 0.032226283103227615, lr = 0.000125
2025-09-19 12:38:20 INFO     Epoch 1230 [0/32]: loss = 0.04474753141403198, lr = 0.000125
2025-09-19 12:38:20 INFO     Epoch 1230 [0/32]: loss = 0.04474753141403198, lr = 0.000125
2025-09-19 12:38:20 INFO     Epoch 1230 [0/32]: loss = 0.04474753141403198, lr = 0.000125
2025-09-19 12:38:20 INFO     Epoch 1230 [0/32]: loss = 0.04474753141403198, lr = 0.000125
2025-09-19 12:38:31 INFO     Epoch 1230 [10/32]: loss = 0.03825026750564575, lr = 0.000125
2025-09-19 12:38:31 INFO     Epoch 1230 [10/32]: loss = 0.03825026750564575, lr = 0.000125
2025-09-19 12:38:31 INFO     Epoch 1230 [10/32]: loss = 0.03825026750564575, lr = 0.000125
2025-09-19 12:38:31 INFO     Epoch 1230 [10/32]: loss = 0.03825026750564575, lr = 0.000125
2025-09-19 12:38:43 INFO     Epoch 1230 [20/32]: loss = 0.035664260387420654, lr = 0.000125
2025-09-19 12:38:43 INFO     Epoch 1230 [20/32]: loss = 0.035664260387420654, lr = 0.000125
2025-09-19 12:38:43 INFO     Epoch 1230 [20/32]: loss = 0.035664260387420654, lr = 0.000125
2025-09-19 12:38:43 INFO     Epoch 1230 [20/32]: loss = 0.035664260387420654, lr = 0.000125
2025-09-19 12:38:55 INFO     Epoch 1230 [30/32]: loss = 0.061197347939014435, lr = 0.000125
2025-09-19 12:38:55 INFO     Epoch 1230 [30/32]: loss = 0.061197347939014435, lr = 0.000125
2025-09-19 12:38:55 INFO     Epoch 1230 [30/32]: loss = 0.061197347939014435, lr = 0.000125
2025-09-19 12:38:55 INFO     Epoch 1230 [30/32]: loss = 0.061197347939014435, lr = 0.000125
2025-09-19 12:38:58 INFO     Epoch 1231 [0/32]: loss = 0.028697140514850616, lr = 0.000125
2025-09-19 12:38:58 INFO     Epoch 1231 [0/32]: loss = 0.028697140514850616, lr = 0.000125
2025-09-19 12:38:58 INFO     Epoch 1231 [0/32]: loss = 0.028697140514850616, lr = 0.000125
2025-09-19 12:38:58 INFO     Epoch 1231 [0/32]: loss = 0.028697140514850616, lr = 0.000125
2025-09-19 12:39:10 INFO     Epoch 1231 [10/32]: loss = 0.05986742675304413, lr = 0.000125
2025-09-19 12:39:10 INFO     Epoch 1231 [10/32]: loss = 0.05986742675304413, lr = 0.000125
2025-09-19 12:39:10 INFO     Epoch 1231 [10/32]: loss = 0.05986742675304413, lr = 0.000125
2025-09-19 12:39:10 INFO     Epoch 1231 [10/32]: loss = 0.05986742675304413, lr = 0.000125
2025-09-19 12:39:22 INFO     Epoch 1231 [20/32]: loss = 0.06715711206197739, lr = 0.000125
2025-09-19 12:39:22 INFO     Epoch 1231 [20/32]: loss = 0.06715711206197739, lr = 0.000125
2025-09-19 12:39:22 INFO     Epoch 1231 [20/32]: loss = 0.06715711206197739, lr = 0.000125
2025-09-19 12:39:22 INFO     Epoch 1231 [20/32]: loss = 0.06715711206197739, lr = 0.000125
2025-09-19 12:39:34 INFO     Epoch 1231 [30/32]: loss = 0.0431426502764225, lr = 0.000125
2025-09-19 12:39:34 INFO     Epoch 1231 [30/32]: loss = 0.0431426502764225, lr = 0.000125
2025-09-19 12:39:34 INFO     Epoch 1231 [30/32]: loss = 0.0431426502764225, lr = 0.000125
2025-09-19 12:39:34 INFO     Epoch 1231 [30/32]: loss = 0.0431426502764225, lr = 0.000125
2025-09-19 12:39:37 INFO     Epoch 1232 [0/32]: loss = 0.03209708258509636, lr = 0.000125
2025-09-19 12:39:37 INFO     Epoch 1232 [0/32]: loss = 0.03209708258509636, lr = 0.000125
2025-09-19 12:39:37 INFO     Epoch 1232 [0/32]: loss = 0.03209708258509636, lr = 0.000125
2025-09-19 12:39:37 INFO     Epoch 1232 [0/32]: loss = 0.03209708258509636, lr = 0.000125
2025-09-19 12:39:49 INFO     Epoch 1232 [10/32]: loss = 0.0397208034992218, lr = 0.000125
2025-09-19 12:39:49 INFO     Epoch 1232 [10/32]: loss = 0.0397208034992218, lr = 0.000125
2025-09-19 12:39:49 INFO     Epoch 1232 [10/32]: loss = 0.0397208034992218, lr = 0.000125
2025-09-19 12:39:49 INFO     Epoch 1232 [10/32]: loss = 0.0397208034992218, lr = 0.000125
2025-09-19 12:40:00 INFO     Epoch 1232 [20/32]: loss = 0.04455289617180824, lr = 0.000125
2025-09-19 12:40:00 INFO     Epoch 1232 [20/32]: loss = 0.04455289617180824, lr = 0.000125
2025-09-19 12:40:00 INFO     Epoch 1232 [20/32]: loss = 0.04455289617180824, lr = 0.000125
2025-09-19 12:40:00 INFO     Epoch 1232 [20/32]: loss = 0.04455289617180824, lr = 0.000125
2025-09-19 12:40:12 INFO     Epoch 1232 [30/32]: loss = 0.05627797544002533, lr = 0.000125
2025-09-19 12:40:12 INFO     Epoch 1232 [30/32]: loss = 0.05627797544002533, lr = 0.000125
2025-09-19 12:40:12 INFO     Epoch 1232 [30/32]: loss = 0.05627797544002533, lr = 0.000125
2025-09-19 12:40:12 INFO     Epoch 1232 [30/32]: loss = 0.05627797544002533, lr = 0.000125
2025-09-19 12:40:15 INFO     Epoch 1233 [0/32]: loss = 0.034779101610183716, lr = 0.000125
2025-09-19 12:40:15 INFO     Epoch 1233 [0/32]: loss = 0.034779101610183716, lr = 0.000125
2025-09-19 12:40:15 INFO     Epoch 1233 [0/32]: loss = 0.034779101610183716, lr = 0.000125
2025-09-19 12:40:15 INFO     Epoch 1233 [0/32]: loss = 0.034779101610183716, lr = 0.000125
2025-09-19 12:40:27 INFO     Epoch 1233 [10/32]: loss = 0.04942367225885391, lr = 0.000125
2025-09-19 12:40:27 INFO     Epoch 1233 [10/32]: loss = 0.04942367225885391, lr = 0.000125
2025-09-19 12:40:27 INFO     Epoch 1233 [10/32]: loss = 0.04942367225885391, lr = 0.000125
2025-09-19 12:40:27 INFO     Epoch 1233 [10/32]: loss = 0.04942367225885391, lr = 0.000125
2025-09-19 12:40:39 INFO     Epoch 1233 [20/32]: loss = 0.03667038679122925, lr = 0.000125
2025-09-19 12:40:39 INFO     Epoch 1233 [20/32]: loss = 0.03667038679122925, lr = 0.000125
2025-09-19 12:40:39 INFO     Epoch 1233 [20/32]: loss = 0.03667038679122925, lr = 0.000125
2025-09-19 12:40:39 INFO     Epoch 1233 [20/32]: loss = 0.03667038679122925, lr = 0.000125
2025-09-19 12:40:51 INFO     Epoch 1233 [30/32]: loss = 0.04319402575492859, lr = 0.000125
2025-09-19 12:40:51 INFO     Epoch 1233 [30/32]: loss = 0.04319402575492859, lr = 0.000125
2025-09-19 12:40:51 INFO     Epoch 1233 [30/32]: loss = 0.04319402575492859, lr = 0.000125
2025-09-19 12:40:51 INFO     Epoch 1233 [30/32]: loss = 0.04319402575492859, lr = 0.000125
2025-09-19 12:40:54 INFO     Epoch 1234 [0/32]: loss = 0.05614442378282547, lr = 0.000125
2025-09-19 12:40:54 INFO     Epoch 1234 [0/32]: loss = 0.05614442378282547, lr = 0.000125
2025-09-19 12:40:54 INFO     Epoch 1234 [0/32]: loss = 0.05614442378282547, lr = 0.000125
2025-09-19 12:40:54 INFO     Epoch 1234 [0/32]: loss = 0.05614442378282547, lr = 0.000125
2025-09-19 12:41:06 INFO     Epoch 1234 [10/32]: loss = 0.06444662809371948, lr = 0.000125
2025-09-19 12:41:06 INFO     Epoch 1234 [10/32]: loss = 0.06444662809371948, lr = 0.000125
2025-09-19 12:41:06 INFO     Epoch 1234 [10/32]: loss = 0.06444662809371948, lr = 0.000125
2025-09-19 12:41:06 INFO     Epoch 1234 [10/32]: loss = 0.06444662809371948, lr = 0.000125
2025-09-19 12:41:18 INFO     Epoch 1234 [20/32]: loss = 0.04218240827322006, lr = 0.000125
2025-09-19 12:41:18 INFO     Epoch 1234 [20/32]: loss = 0.04218240827322006, lr = 0.000125
2025-09-19 12:41:18 INFO     Epoch 1234 [20/32]: loss = 0.04218240827322006, lr = 0.000125
2025-09-19 12:41:18 INFO     Epoch 1234 [20/32]: loss = 0.04218240827322006, lr = 0.000125
2025-09-19 12:41:29 INFO     Epoch 1234 [30/32]: loss = 0.06322380900382996, lr = 0.000125
2025-09-19 12:41:29 INFO     Epoch 1234 [30/32]: loss = 0.06322380900382996, lr = 0.000125
2025-09-19 12:41:29 INFO     Epoch 1234 [30/32]: loss = 0.06322380900382996, lr = 0.000125
2025-09-19 12:41:29 INFO     Epoch 1234 [30/32]: loss = 0.06322380900382996, lr = 0.000125
2025-09-19 12:41:33 INFO     Epoch 1235 [0/32]: loss = 0.05024190619587898, lr = 0.000125
2025-09-19 12:41:33 INFO     Epoch 1235 [0/32]: loss = 0.05024190619587898, lr = 0.000125
2025-09-19 12:41:33 INFO     Epoch 1235 [0/32]: loss = 0.05024190619587898, lr = 0.000125
2025-09-19 12:41:33 INFO     Epoch 1235 [0/32]: loss = 0.05024190619587898, lr = 0.000125
2025-09-19 12:41:44 INFO     Epoch 1235 [10/32]: loss = 0.05095069855451584, lr = 0.000125
2025-09-19 12:41:44 INFO     Epoch 1235 [10/32]: loss = 0.05095069855451584, lr = 0.000125
2025-09-19 12:41:44 INFO     Epoch 1235 [10/32]: loss = 0.05095069855451584, lr = 0.000125
2025-09-19 12:41:44 INFO     Epoch 1235 [10/32]: loss = 0.05095069855451584, lr = 0.000125
2025-09-19 12:41:56 INFO     Epoch 1235 [20/32]: loss = 0.047140516340732574, lr = 0.000125
2025-09-19 12:41:56 INFO     Epoch 1235 [20/32]: loss = 0.047140516340732574, lr = 0.000125
2025-09-19 12:41:56 INFO     Epoch 1235 [20/32]: loss = 0.047140516340732574, lr = 0.000125
2025-09-19 12:41:56 INFO     Epoch 1235 [20/32]: loss = 0.047140516340732574, lr = 0.000125
2025-09-19 12:42:08 INFO     Epoch 1235 [30/32]: loss = 0.04524168372154236, lr = 0.000125
2025-09-19 12:42:08 INFO     Epoch 1235 [30/32]: loss = 0.04524168372154236, lr = 0.000125
2025-09-19 12:42:08 INFO     Epoch 1235 [30/32]: loss = 0.04524168372154236, lr = 0.000125
2025-09-19 12:42:08 INFO     Epoch 1235 [30/32]: loss = 0.04524168372154236, lr = 0.000125
2025-09-19 12:42:11 INFO     Epoch 1236 [0/32]: loss = 0.05785751715302467, lr = 0.000125
2025-09-19 12:42:11 INFO     Epoch 1236 [0/32]: loss = 0.05785751715302467, lr = 0.000125
2025-09-19 12:42:11 INFO     Epoch 1236 [0/32]: loss = 0.05785751715302467, lr = 0.000125
2025-09-19 12:42:11 INFO     Epoch 1236 [0/32]: loss = 0.05785751715302467, lr = 0.000125
2025-09-19 12:42:23 INFO     Epoch 1236 [10/32]: loss = 0.05856682360172272, lr = 0.000125
2025-09-19 12:42:23 INFO     Epoch 1236 [10/32]: loss = 0.05856682360172272, lr = 0.000125
2025-09-19 12:42:23 INFO     Epoch 1236 [10/32]: loss = 0.05856682360172272, lr = 0.000125
2025-09-19 12:42:23 INFO     Epoch 1236 [10/32]: loss = 0.05856682360172272, lr = 0.000125
2025-09-19 12:42:35 INFO     Epoch 1236 [20/32]: loss = 0.05139369145035744, lr = 0.000125
2025-09-19 12:42:35 INFO     Epoch 1236 [20/32]: loss = 0.05139369145035744, lr = 0.000125
2025-09-19 12:42:35 INFO     Epoch 1236 [20/32]: loss = 0.05139369145035744, lr = 0.000125
2025-09-19 12:42:35 INFO     Epoch 1236 [20/32]: loss = 0.05139369145035744, lr = 0.000125
2025-09-19 12:42:47 INFO     Epoch 1236 [30/32]: loss = 0.04250405728816986, lr = 0.000125
2025-09-19 12:42:47 INFO     Epoch 1236 [30/32]: loss = 0.04250405728816986, lr = 0.000125
2025-09-19 12:42:47 INFO     Epoch 1236 [30/32]: loss = 0.04250405728816986, lr = 0.000125
2025-09-19 12:42:47 INFO     Epoch 1236 [30/32]: loss = 0.04250405728816986, lr = 0.000125
2025-09-19 12:42:50 INFO     Epoch 1237 [0/32]: loss = 0.05513431504368782, lr = 0.000125
2025-09-19 12:42:50 INFO     Epoch 1237 [0/32]: loss = 0.05513431504368782, lr = 0.000125
2025-09-19 12:42:50 INFO     Epoch 1237 [0/32]: loss = 0.05513431504368782, lr = 0.000125
2025-09-19 12:42:50 INFO     Epoch 1237 [0/32]: loss = 0.05513431504368782, lr = 0.000125
2025-09-19 12:43:02 INFO     Epoch 1237 [10/32]: loss = 0.04964660853147507, lr = 0.000125
2025-09-19 12:43:02 INFO     Epoch 1237 [10/32]: loss = 0.04964660853147507, lr = 0.000125
2025-09-19 12:43:02 INFO     Epoch 1237 [10/32]: loss = 0.04964660853147507, lr = 0.000125
2025-09-19 12:43:02 INFO     Epoch 1237 [10/32]: loss = 0.04964660853147507, lr = 0.000125
2025-09-19 12:43:14 INFO     Epoch 1237 [20/32]: loss = 0.0560176745057106, lr = 0.000125
2025-09-19 12:43:14 INFO     Epoch 1237 [20/32]: loss = 0.0560176745057106, lr = 0.000125
2025-09-19 12:43:14 INFO     Epoch 1237 [20/32]: loss = 0.0560176745057106, lr = 0.000125
2025-09-19 12:43:14 INFO     Epoch 1237 [20/32]: loss = 0.0560176745057106, lr = 0.000125
2025-09-19 12:43:26 INFO     Epoch 1237 [30/32]: loss = 0.04637347534298897, lr = 0.000125
2025-09-19 12:43:26 INFO     Epoch 1237 [30/32]: loss = 0.04637347534298897, lr = 0.000125
2025-09-19 12:43:26 INFO     Epoch 1237 [30/32]: loss = 0.04637347534298897, lr = 0.000125
2025-09-19 12:43:26 INFO     Epoch 1237 [30/32]: loss = 0.04637347534298897, lr = 0.000125
2025-09-19 12:43:29 INFO     Epoch 1238 [0/32]: loss = 0.02662406489253044, lr = 0.000125
2025-09-19 12:43:29 INFO     Epoch 1238 [0/32]: loss = 0.02662406489253044, lr = 0.000125
2025-09-19 12:43:29 INFO     Epoch 1238 [0/32]: loss = 0.02662406489253044, lr = 0.000125
2025-09-19 12:43:29 INFO     Epoch 1238 [0/32]: loss = 0.02662406489253044, lr = 0.000125
2025-09-19 12:43:41 INFO     Epoch 1238 [10/32]: loss = 0.04388321936130524, lr = 0.000125
2025-09-19 12:43:41 INFO     Epoch 1238 [10/32]: loss = 0.04388321936130524, lr = 0.000125
2025-09-19 12:43:41 INFO     Epoch 1238 [10/32]: loss = 0.04388321936130524, lr = 0.000125
2025-09-19 12:43:41 INFO     Epoch 1238 [10/32]: loss = 0.04388321936130524, lr = 0.000125
2025-09-19 12:43:53 INFO     Epoch 1238 [20/32]: loss = 0.0425998717546463, lr = 0.000125
2025-09-19 12:43:53 INFO     Epoch 1238 [20/32]: loss = 0.0425998717546463, lr = 0.000125
2025-09-19 12:43:53 INFO     Epoch 1238 [20/32]: loss = 0.0425998717546463, lr = 0.000125
2025-09-19 12:43:53 INFO     Epoch 1238 [20/32]: loss = 0.0425998717546463, lr = 0.000125
2025-09-19 12:44:05 INFO     Epoch 1238 [30/32]: loss = 0.04258750379085541, lr = 0.000125
2025-09-19 12:44:05 INFO     Epoch 1238 [30/32]: loss = 0.04258750379085541, lr = 0.000125
2025-09-19 12:44:05 INFO     Epoch 1238 [30/32]: loss = 0.04258750379085541, lr = 0.000125
2025-09-19 12:44:05 INFO     Epoch 1238 [30/32]: loss = 0.04258750379085541, lr = 0.000125
2025-09-19 12:44:08 INFO     Epoch 1239 [0/32]: loss = 0.013659325428307056, lr = 0.000125
2025-09-19 12:44:08 INFO     Epoch 1239 [0/32]: loss = 0.013659325428307056, lr = 0.000125
2025-09-19 12:44:08 INFO     Epoch 1239 [0/32]: loss = 0.013659325428307056, lr = 0.000125
2025-09-19 12:44:08 INFO     Epoch 1239 [0/32]: loss = 0.013659325428307056, lr = 0.000125
2025-09-19 12:44:20 INFO     Epoch 1239 [10/32]: loss = 0.030172277241945267, lr = 0.000125
2025-09-19 12:44:20 INFO     Epoch 1239 [10/32]: loss = 0.030172277241945267, lr = 0.000125
2025-09-19 12:44:20 INFO     Epoch 1239 [10/32]: loss = 0.030172277241945267, lr = 0.000125
2025-09-19 12:44:20 INFO     Epoch 1239 [10/32]: loss = 0.030172277241945267, lr = 0.000125
2025-09-19 12:44:32 INFO     Epoch 1239 [20/32]: loss = 0.033501386642456055, lr = 0.000125
2025-09-19 12:44:32 INFO     Epoch 1239 [20/32]: loss = 0.033501386642456055, lr = 0.000125
2025-09-19 12:44:32 INFO     Epoch 1239 [20/32]: loss = 0.033501386642456055, lr = 0.000125
2025-09-19 12:44:32 INFO     Epoch 1239 [20/32]: loss = 0.033501386642456055, lr = 0.000125
2025-09-19 12:44:44 INFO     Epoch 1239 [30/32]: loss = 0.0763191282749176, lr = 0.000125
2025-09-19 12:44:44 INFO     Epoch 1239 [30/32]: loss = 0.0763191282749176, lr = 0.000125
2025-09-19 12:44:44 INFO     Epoch 1239 [30/32]: loss = 0.0763191282749176, lr = 0.000125
2025-09-19 12:44:44 INFO     Epoch 1239 [30/32]: loss = 0.0763191282749176, lr = 0.000125
2025-09-19 12:44:47 INFO     Epoch 1240 [0/32]: loss = 0.04687415808439255, lr = 0.000125
2025-09-19 12:44:47 INFO     Epoch 1240 [0/32]: loss = 0.04687415808439255, lr = 0.000125
2025-09-19 12:44:47 INFO     Epoch 1240 [0/32]: loss = 0.04687415808439255, lr = 0.000125
2025-09-19 12:44:47 INFO     Epoch 1240 [0/32]: loss = 0.04687415808439255, lr = 0.000125
2025-09-19 12:44:59 INFO     Epoch 1240 [10/32]: loss = 0.05441008508205414, lr = 0.000125
2025-09-19 12:44:59 INFO     Epoch 1240 [10/32]: loss = 0.05441008508205414, lr = 0.000125
2025-09-19 12:44:59 INFO     Epoch 1240 [10/32]: loss = 0.05441008508205414, lr = 0.000125
2025-09-19 12:44:59 INFO     Epoch 1240 [10/32]: loss = 0.05441008508205414, lr = 0.000125
2025-09-19 12:45:11 INFO     Epoch 1240 [20/32]: loss = 0.06330695748329163, lr = 0.000125
2025-09-19 12:45:11 INFO     Epoch 1240 [20/32]: loss = 0.06330695748329163, lr = 0.000125
2025-09-19 12:45:11 INFO     Epoch 1240 [20/32]: loss = 0.06330695748329163, lr = 0.000125
2025-09-19 12:45:11 INFO     Epoch 1240 [20/32]: loss = 0.06330695748329163, lr = 0.000125
2025-09-19 12:45:22 INFO     Epoch 1240 [30/32]: loss = 0.06228547915816307, lr = 0.000125
2025-09-19 12:45:22 INFO     Epoch 1240 [30/32]: loss = 0.06228547915816307, lr = 0.000125
2025-09-19 12:45:22 INFO     Epoch 1240 [30/32]: loss = 0.06228547915816307, lr = 0.000125
2025-09-19 12:45:22 INFO     Epoch 1240 [30/32]: loss = 0.06228547915816307, lr = 0.000125
2025-09-19 12:45:25 INFO     Epoch 1241 [0/32]: loss = 0.0364404059946537, lr = 0.000125
2025-09-19 12:45:25 INFO     Epoch 1241 [0/32]: loss = 0.0364404059946537, lr = 0.000125
2025-09-19 12:45:25 INFO     Epoch 1241 [0/32]: loss = 0.0364404059946537, lr = 0.000125
2025-09-19 12:45:25 INFO     Epoch 1241 [0/32]: loss = 0.0364404059946537, lr = 0.000125
2025-09-19 12:45:37 INFO     Epoch 1241 [10/32]: loss = 0.04786025732755661, lr = 0.000125
2025-09-19 12:45:37 INFO     Epoch 1241 [10/32]: loss = 0.04786025732755661, lr = 0.000125
2025-09-19 12:45:37 INFO     Epoch 1241 [10/32]: loss = 0.04786025732755661, lr = 0.000125
2025-09-19 12:45:37 INFO     Epoch 1241 [10/32]: loss = 0.04786025732755661, lr = 0.000125
2025-09-19 12:45:49 INFO     Epoch 1241 [20/32]: loss = 0.03286063298583031, lr = 0.000125
2025-09-19 12:45:49 INFO     Epoch 1241 [20/32]: loss = 0.03286063298583031, lr = 0.000125
2025-09-19 12:45:49 INFO     Epoch 1241 [20/32]: loss = 0.03286063298583031, lr = 0.000125
2025-09-19 12:45:49 INFO     Epoch 1241 [20/32]: loss = 0.03286063298583031, lr = 0.000125
2025-09-19 12:46:01 INFO     Epoch 1241 [30/32]: loss = 0.03384243696928024, lr = 0.000125
2025-09-19 12:46:01 INFO     Epoch 1241 [30/32]: loss = 0.03384243696928024, lr = 0.000125
2025-09-19 12:46:01 INFO     Epoch 1241 [30/32]: loss = 0.03384243696928024, lr = 0.000125
2025-09-19 12:46:01 INFO     Epoch 1241 [30/32]: loss = 0.03384243696928024, lr = 0.000125
2025-09-19 12:46:04 INFO     Epoch 1242 [0/32]: loss = 0.04541242867708206, lr = 0.000125
2025-09-19 12:46:04 INFO     Epoch 1242 [0/32]: loss = 0.04541242867708206, lr = 0.000125
2025-09-19 12:46:04 INFO     Epoch 1242 [0/32]: loss = 0.04541242867708206, lr = 0.000125
2025-09-19 12:46:04 INFO     Epoch 1242 [0/32]: loss = 0.04541242867708206, lr = 0.000125
2025-09-19 12:46:16 INFO     Epoch 1242 [10/32]: loss = 0.032239120453596115, lr = 0.000125
2025-09-19 12:46:16 INFO     Epoch 1242 [10/32]: loss = 0.032239120453596115, lr = 0.000125
2025-09-19 12:46:16 INFO     Epoch 1242 [10/32]: loss = 0.032239120453596115, lr = 0.000125
2025-09-19 12:46:16 INFO     Epoch 1242 [10/32]: loss = 0.032239120453596115, lr = 0.000125
2025-09-19 12:46:28 INFO     Epoch 1242 [20/32]: loss = 0.03380889445543289, lr = 0.000125
2025-09-19 12:46:28 INFO     Epoch 1242 [20/32]: loss = 0.03380889445543289, lr = 0.000125
2025-09-19 12:46:28 INFO     Epoch 1242 [20/32]: loss = 0.03380889445543289, lr = 0.000125
2025-09-19 12:46:28 INFO     Epoch 1242 [20/32]: loss = 0.03380889445543289, lr = 0.000125
2025-09-19 12:46:39 INFO     Epoch 1242 [30/32]: loss = 0.035782042890787125, lr = 0.000125
2025-09-19 12:46:39 INFO     Epoch 1242 [30/32]: loss = 0.035782042890787125, lr = 0.000125
2025-09-19 12:46:39 INFO     Epoch 1242 [30/32]: loss = 0.035782042890787125, lr = 0.000125
2025-09-19 12:46:39 INFO     Epoch 1242 [30/32]: loss = 0.035782042890787125, lr = 0.000125
2025-09-19 12:46:42 INFO     Epoch 1243 [0/32]: loss = 0.041787564754486084, lr = 0.000125
2025-09-19 12:46:42 INFO     Epoch 1243 [0/32]: loss = 0.041787564754486084, lr = 0.000125
2025-09-19 12:46:42 INFO     Epoch 1243 [0/32]: loss = 0.041787564754486084, lr = 0.000125
2025-09-19 12:46:42 INFO     Epoch 1243 [0/32]: loss = 0.041787564754486084, lr = 0.000125
2025-09-19 12:46:54 INFO     Epoch 1243 [10/32]: loss = 0.027392027899622917, lr = 0.000125
2025-09-19 12:46:54 INFO     Epoch 1243 [10/32]: loss = 0.027392027899622917, lr = 0.000125
2025-09-19 12:46:54 INFO     Epoch 1243 [10/32]: loss = 0.027392027899622917, lr = 0.000125
2025-09-19 12:46:54 INFO     Epoch 1243 [10/32]: loss = 0.027392027899622917, lr = 0.000125
2025-09-19 12:47:06 INFO     Epoch 1243 [20/32]: loss = 0.04658158868551254, lr = 0.000125
2025-09-19 12:47:06 INFO     Epoch 1243 [20/32]: loss = 0.04658158868551254, lr = 0.000125
2025-09-19 12:47:06 INFO     Epoch 1243 [20/32]: loss = 0.04658158868551254, lr = 0.000125
2025-09-19 12:47:06 INFO     Epoch 1243 [20/32]: loss = 0.04658158868551254, lr = 0.000125
2025-09-19 12:47:18 INFO     Epoch 1243 [30/32]: loss = 0.03503705561161041, lr = 0.000125
2025-09-19 12:47:18 INFO     Epoch 1243 [30/32]: loss = 0.03503705561161041, lr = 0.000125
2025-09-19 12:47:18 INFO     Epoch 1243 [30/32]: loss = 0.03503705561161041, lr = 0.000125
2025-09-19 12:47:18 INFO     Epoch 1243 [30/32]: loss = 0.03503705561161041, lr = 0.000125
2025-09-19 12:47:21 INFO     Epoch 1244 [0/32]: loss = 0.02507152035832405, lr = 0.000125
2025-09-19 12:47:21 INFO     Epoch 1244 [0/32]: loss = 0.02507152035832405, lr = 0.000125
2025-09-19 12:47:21 INFO     Epoch 1244 [0/32]: loss = 0.02507152035832405, lr = 0.000125
2025-09-19 12:47:21 INFO     Epoch 1244 [0/32]: loss = 0.02507152035832405, lr = 0.000125
2025-09-19 12:47:33 INFO     Epoch 1244 [10/32]: loss = 0.06601641327142715, lr = 0.000125
2025-09-19 12:47:33 INFO     Epoch 1244 [10/32]: loss = 0.06601641327142715, lr = 0.000125
2025-09-19 12:47:33 INFO     Epoch 1244 [10/32]: loss = 0.06601641327142715, lr = 0.000125
2025-09-19 12:47:33 INFO     Epoch 1244 [10/32]: loss = 0.06601641327142715, lr = 0.000125
2025-09-19 12:47:45 INFO     Epoch 1244 [20/32]: loss = 0.052049823105335236, lr = 0.000125
2025-09-19 12:47:45 INFO     Epoch 1244 [20/32]: loss = 0.052049823105335236, lr = 0.000125
2025-09-19 12:47:45 INFO     Epoch 1244 [20/32]: loss = 0.052049823105335236, lr = 0.000125
2025-09-19 12:47:45 INFO     Epoch 1244 [20/32]: loss = 0.052049823105335236, lr = 0.000125
2025-09-19 12:47:57 INFO     Epoch 1244 [30/32]: loss = 0.03604912757873535, lr = 0.000125
2025-09-19 12:47:57 INFO     Epoch 1244 [30/32]: loss = 0.03604912757873535, lr = 0.000125
2025-09-19 12:47:57 INFO     Epoch 1244 [30/32]: loss = 0.03604912757873535, lr = 0.000125
2025-09-19 12:47:57 INFO     Epoch 1244 [30/32]: loss = 0.03604912757873535, lr = 0.000125
2025-09-19 12:48:00 INFO     Epoch 1245 [0/32]: loss = 0.028337471187114716, lr = 0.000125
2025-09-19 12:48:00 INFO     Epoch 1245 [0/32]: loss = 0.028337471187114716, lr = 0.000125
2025-09-19 12:48:00 INFO     Epoch 1245 [0/32]: loss = 0.028337471187114716, lr = 0.000125
2025-09-19 12:48:00 INFO     Epoch 1245 [0/32]: loss = 0.028337471187114716, lr = 0.000125
2025-09-19 12:48:12 INFO     Epoch 1245 [10/32]: loss = 0.033019643276929855, lr = 0.000125
2025-09-19 12:48:12 INFO     Epoch 1245 [10/32]: loss = 0.033019643276929855, lr = 0.000125
2025-09-19 12:48:12 INFO     Epoch 1245 [10/32]: loss = 0.033019643276929855, lr = 0.000125
2025-09-19 12:48:12 INFO     Epoch 1245 [10/32]: loss = 0.033019643276929855, lr = 0.000125
2025-09-19 12:48:24 INFO     Epoch 1245 [20/32]: loss = 0.043783120810985565, lr = 0.000125
2025-09-19 12:48:24 INFO     Epoch 1245 [20/32]: loss = 0.043783120810985565, lr = 0.000125
2025-09-19 12:48:24 INFO     Epoch 1245 [20/32]: loss = 0.043783120810985565, lr = 0.000125
2025-09-19 12:48:24 INFO     Epoch 1245 [20/32]: loss = 0.043783120810985565, lr = 0.000125
2025-09-19 12:48:36 INFO     Epoch 1245 [30/32]: loss = 0.04486624151468277, lr = 0.000125
2025-09-19 12:48:36 INFO     Epoch 1245 [30/32]: loss = 0.04486624151468277, lr = 0.000125
2025-09-19 12:48:36 INFO     Epoch 1245 [30/32]: loss = 0.04486624151468277, lr = 0.000125
2025-09-19 12:48:36 INFO     Epoch 1245 [30/32]: loss = 0.04486624151468277, lr = 0.000125
2025-09-19 12:48:39 INFO     Epoch 1246 [0/32]: loss = 0.0487627238035202, lr = 0.000125
2025-09-19 12:48:39 INFO     Epoch 1246 [0/32]: loss = 0.0487627238035202, lr = 0.000125
2025-09-19 12:48:39 INFO     Epoch 1246 [0/32]: loss = 0.0487627238035202, lr = 0.000125
2025-09-19 12:48:39 INFO     Epoch 1246 [0/32]: loss = 0.0487627238035202, lr = 0.000125
2025-09-19 12:48:51 INFO     Epoch 1246 [10/32]: loss = 0.04568750038743019, lr = 0.000125
2025-09-19 12:48:51 INFO     Epoch 1246 [10/32]: loss = 0.04568750038743019, lr = 0.000125
2025-09-19 12:48:51 INFO     Epoch 1246 [10/32]: loss = 0.04568750038743019, lr = 0.000125
2025-09-19 12:48:51 INFO     Epoch 1246 [10/32]: loss = 0.04568750038743019, lr = 0.000125
2025-09-19 12:49:02 INFO     Epoch 1246 [20/32]: loss = 0.05812688171863556, lr = 0.000125
2025-09-19 12:49:02 INFO     Epoch 1246 [20/32]: loss = 0.05812688171863556, lr = 0.000125
2025-09-19 12:49:02 INFO     Epoch 1246 [20/32]: loss = 0.05812688171863556, lr = 0.000125
2025-09-19 12:49:02 INFO     Epoch 1246 [20/32]: loss = 0.05812688171863556, lr = 0.000125
2025-09-19 12:49:14 INFO     Epoch 1246 [30/32]: loss = 0.0430062860250473, lr = 0.000125
2025-09-19 12:49:14 INFO     Epoch 1246 [30/32]: loss = 0.0430062860250473, lr = 0.000125
2025-09-19 12:49:14 INFO     Epoch 1246 [30/32]: loss = 0.0430062860250473, lr = 0.000125
2025-09-19 12:49:14 INFO     Epoch 1246 [30/32]: loss = 0.0430062860250473, lr = 0.000125
2025-09-19 12:49:17 INFO     Epoch 1247 [0/32]: loss = 0.04552191495895386, lr = 0.000125
2025-09-19 12:49:17 INFO     Epoch 1247 [0/32]: loss = 0.04552191495895386, lr = 0.000125
2025-09-19 12:49:17 INFO     Epoch 1247 [0/32]: loss = 0.04552191495895386, lr = 0.000125
2025-09-19 12:49:17 INFO     Epoch 1247 [0/32]: loss = 0.04552191495895386, lr = 0.000125
2025-09-19 12:49:29 INFO     Epoch 1247 [10/32]: loss = 0.05089800804853439, lr = 0.000125
2025-09-19 12:49:29 INFO     Epoch 1247 [10/32]: loss = 0.05089800804853439, lr = 0.000125
2025-09-19 12:49:29 INFO     Epoch 1247 [10/32]: loss = 0.05089800804853439, lr = 0.000125
2025-09-19 12:49:29 INFO     Epoch 1247 [10/32]: loss = 0.05089800804853439, lr = 0.000125
2025-09-19 12:49:41 INFO     Epoch 1247 [20/32]: loss = 0.02217099256813526, lr = 0.000125
2025-09-19 12:49:41 INFO     Epoch 1247 [20/32]: loss = 0.02217099256813526, lr = 0.000125
2025-09-19 12:49:41 INFO     Epoch 1247 [20/32]: loss = 0.02217099256813526, lr = 0.000125
2025-09-19 12:49:41 INFO     Epoch 1247 [20/32]: loss = 0.02217099256813526, lr = 0.000125
2025-09-19 12:49:53 INFO     Epoch 1247 [30/32]: loss = 0.033290840685367584, lr = 0.000125
2025-09-19 12:49:53 INFO     Epoch 1247 [30/32]: loss = 0.033290840685367584, lr = 0.000125
2025-09-19 12:49:53 INFO     Epoch 1247 [30/32]: loss = 0.033290840685367584, lr = 0.000125
2025-09-19 12:49:53 INFO     Epoch 1247 [30/32]: loss = 0.033290840685367584, lr = 0.000125
2025-09-19 12:49:56 INFO     Epoch 1248 [0/32]: loss = 0.027357032522559166, lr = 0.000125
2025-09-19 12:49:56 INFO     Epoch 1248 [0/32]: loss = 0.027357032522559166, lr = 0.000125
2025-09-19 12:49:56 INFO     Epoch 1248 [0/32]: loss = 0.027357032522559166, lr = 0.000125
2025-09-19 12:49:56 INFO     Epoch 1248 [0/32]: loss = 0.027357032522559166, lr = 0.000125
2025-09-19 12:50:08 INFO     Epoch 1248 [10/32]: loss = 0.02606898732483387, lr = 0.000125
2025-09-19 12:50:08 INFO     Epoch 1248 [10/32]: loss = 0.02606898732483387, lr = 0.000125
2025-09-19 12:50:08 INFO     Epoch 1248 [10/32]: loss = 0.02606898732483387, lr = 0.000125
2025-09-19 12:50:08 INFO     Epoch 1248 [10/32]: loss = 0.02606898732483387, lr = 0.000125
2025-09-19 12:50:19 INFO     Epoch 1248 [20/32]: loss = 0.05893494933843613, lr = 0.000125
2025-09-19 12:50:19 INFO     Epoch 1248 [20/32]: loss = 0.05893494933843613, lr = 0.000125
2025-09-19 12:50:19 INFO     Epoch 1248 [20/32]: loss = 0.05893494933843613, lr = 0.000125
2025-09-19 12:50:19 INFO     Epoch 1248 [20/32]: loss = 0.05893494933843613, lr = 0.000125
2025-09-19 12:50:31 INFO     Epoch 1248 [30/32]: loss = 0.06260360777378082, lr = 0.000125
2025-09-19 12:50:31 INFO     Epoch 1248 [30/32]: loss = 0.06260360777378082, lr = 0.000125
2025-09-19 12:50:31 INFO     Epoch 1248 [30/32]: loss = 0.06260360777378082, lr = 0.000125
2025-09-19 12:50:31 INFO     Epoch 1248 [30/32]: loss = 0.06260360777378082, lr = 0.000125
2025-09-19 12:50:34 INFO     Epoch 1249 [0/32]: loss = 0.03544694185256958, lr = 0.000125
2025-09-19 12:50:34 INFO     Epoch 1249 [0/32]: loss = 0.03544694185256958, lr = 0.000125
2025-09-19 12:50:34 INFO     Epoch 1249 [0/32]: loss = 0.03544694185256958, lr = 0.000125
2025-09-19 12:50:34 INFO     Epoch 1249 [0/32]: loss = 0.03544694185256958, lr = 0.000125
2025-09-19 12:50:46 INFO     Epoch 1249 [10/32]: loss = 0.04079282283782959, lr = 0.000125
2025-09-19 12:50:46 INFO     Epoch 1249 [10/32]: loss = 0.04079282283782959, lr = 0.000125
2025-09-19 12:50:46 INFO     Epoch 1249 [10/32]: loss = 0.04079282283782959, lr = 0.000125
2025-09-19 12:50:46 INFO     Epoch 1249 [10/32]: loss = 0.04079282283782959, lr = 0.000125
2025-09-19 12:50:58 INFO     Epoch 1249 [20/32]: loss = 0.04555746167898178, lr = 0.000125
2025-09-19 12:50:58 INFO     Epoch 1249 [20/32]: loss = 0.04555746167898178, lr = 0.000125
2025-09-19 12:50:58 INFO     Epoch 1249 [20/32]: loss = 0.04555746167898178, lr = 0.000125
2025-09-19 12:50:58 INFO     Epoch 1249 [20/32]: loss = 0.04555746167898178, lr = 0.000125
2025-09-19 12:51:10 INFO     Epoch 1249 [30/32]: loss = 0.0540350079536438, lr = 0.000125
2025-09-19 12:51:10 INFO     Epoch 1249 [30/32]: loss = 0.0540350079536438, lr = 0.000125
2025-09-19 12:51:10 INFO     Epoch 1249 [30/32]: loss = 0.0540350079536438, lr = 0.000125
2025-09-19 12:51:10 INFO     Epoch 1249 [30/32]: loss = 0.0540350079536438, lr = 0.000125
2025-09-19 12:58:22 INFO     384 samples generated in 1024 evaluations.
2025-09-19 12:58:28 INFO     384 samples generated in 1024 evaluations.
2025-09-19 12:58:30 INFO     384 samples generated in 1024 evaluations.
2025-09-19 12:58:32 INFO     384 samples generated in 1024 evaluations.
2025-09-19 12:58:35 INFO     Evaluating [0/32] samples generated [250/250] running fid 176.75985717773438
2025-09-19 12:58:35 INFO     Evaluating [0/32] samples generated [250/250] running fid 176.75985717773438
2025-09-19 12:58:35 INFO     Evaluating [0/32] samples generated [250/250] running fid 176.75985717773438
2025-09-19 12:58:35 INFO     Evaluating [0/32] samples generated [250/250] running fid 176.75985717773438
2025-09-19 12:58:45 INFO     Epoch 1250 [0/32]: loss = 0.05162200331687927, lr = 0.000125
2025-09-19 12:58:45 INFO     Epoch 1250 [0/32]: loss = 0.05162200331687927, lr = 0.000125
2025-09-19 12:58:45 INFO     Epoch 1250 [0/32]: loss = 0.05162200331687927, lr = 0.000125
2025-09-19 12:58:45 INFO     Epoch 1250 [0/32]: loss = 0.05162200331687927, lr = 0.000125
2025-09-19 12:58:56 INFO     Epoch 1250 [10/32]: loss = 0.050314269959926605, lr = 0.000125
2025-09-19 12:58:56 INFO     Epoch 1250 [10/32]: loss = 0.050314269959926605, lr = 0.000125
2025-09-19 12:58:56 INFO     Epoch 1250 [10/32]: loss = 0.050314269959926605, lr = 0.000125
2025-09-19 12:58:56 INFO     Epoch 1250 [10/32]: loss = 0.050314269959926605, lr = 0.000125
2025-09-19 12:59:08 INFO     Epoch 1250 [20/32]: loss = 0.008742175996303558, lr = 0.000125
2025-09-19 12:59:08 INFO     Epoch 1250 [20/32]: loss = 0.008742175996303558, lr = 0.000125
2025-09-19 12:59:08 INFO     Epoch 1250 [20/32]: loss = 0.008742175996303558, lr = 0.000125
2025-09-19 12:59:08 INFO     Epoch 1250 [20/32]: loss = 0.008742175996303558, lr = 0.000125
2025-09-19 12:59:20 INFO     Epoch 1250 [30/32]: loss = 0.020557940006256104, lr = 0.000125
2025-09-19 12:59:20 INFO     Epoch 1250 [30/32]: loss = 0.020557940006256104, lr = 0.000125
2025-09-19 12:59:20 INFO     Epoch 1250 [30/32]: loss = 0.020557940006256104, lr = 0.000125
2025-09-19 12:59:20 INFO     Epoch 1250 [30/32]: loss = 0.020557940006256104, lr = 0.000125
2025-09-19 12:59:23 INFO     Epoch 1251 [0/32]: loss = 0.03932955861091614, lr = 0.000125
2025-09-19 12:59:23 INFO     Epoch 1251 [0/32]: loss = 0.03932955861091614, lr = 0.000125
2025-09-19 12:59:23 INFO     Epoch 1251 [0/32]: loss = 0.03932955861091614, lr = 0.000125
2025-09-19 12:59:23 INFO     Epoch 1251 [0/32]: loss = 0.03932955861091614, lr = 0.000125
2025-09-19 12:59:35 INFO     Epoch 1251 [10/32]: loss = 0.016047481447458267, lr = 0.000125
2025-09-19 12:59:35 INFO     Epoch 1251 [10/32]: loss = 0.016047481447458267, lr = 0.000125
2025-09-19 12:59:35 INFO     Epoch 1251 [10/32]: loss = 0.016047481447458267, lr = 0.000125
2025-09-19 12:59:35 INFO     Epoch 1251 [10/32]: loss = 0.016047481447458267, lr = 0.000125
2025-09-19 12:59:46 INFO     Epoch 1251 [20/32]: loss = 0.03125807270407677, lr = 0.000125
2025-09-19 12:59:46 INFO     Epoch 1251 [20/32]: loss = 0.03125807270407677, lr = 0.000125
2025-09-19 12:59:46 INFO     Epoch 1251 [20/32]: loss = 0.03125807270407677, lr = 0.000125
2025-09-19 12:59:46 INFO     Epoch 1251 [20/32]: loss = 0.03125807270407677, lr = 0.000125
2025-09-19 12:59:58 INFO     Epoch 1251 [30/32]: loss = 0.0552215576171875, lr = 0.000125
2025-09-19 12:59:58 INFO     Epoch 1251 [30/32]: loss = 0.0552215576171875, lr = 0.000125
2025-09-19 12:59:58 INFO     Epoch 1251 [30/32]: loss = 0.0552215576171875, lr = 0.000125
2025-09-19 12:59:58 INFO     Epoch 1251 [30/32]: loss = 0.0552215576171875, lr = 0.000125
2025-09-19 13:00:01 INFO     Epoch 1252 [0/32]: loss = 0.04618089646100998, lr = 0.000125
2025-09-19 13:00:01 INFO     Epoch 1252 [0/32]: loss = 0.04618089646100998, lr = 0.000125
2025-09-19 13:00:01 INFO     Epoch 1252 [0/32]: loss = 0.04618089646100998, lr = 0.000125
2025-09-19 13:00:01 INFO     Epoch 1252 [0/32]: loss = 0.04618089646100998, lr = 0.000125
2025-09-19 13:00:13 INFO     Epoch 1252 [10/32]: loss = 0.03421454876661301, lr = 0.000125
2025-09-19 13:00:13 INFO     Epoch 1252 [10/32]: loss = 0.03421454876661301, lr = 0.000125
2025-09-19 13:00:13 INFO     Epoch 1252 [10/32]: loss = 0.03421454876661301, lr = 0.000125
2025-09-19 13:00:13 INFO     Epoch 1252 [10/32]: loss = 0.03421454876661301, lr = 0.000125
2025-09-19 13:00:25 INFO     Epoch 1252 [20/32]: loss = 0.03837784752249718, lr = 0.000125
2025-09-19 13:00:25 INFO     Epoch 1252 [20/32]: loss = 0.03837784752249718, lr = 0.000125
2025-09-19 13:00:25 INFO     Epoch 1252 [20/32]: loss = 0.03837784752249718, lr = 0.000125
2025-09-19 13:00:25 INFO     Epoch 1252 [20/32]: loss = 0.03837784752249718, lr = 0.000125
2025-09-19 13:00:37 INFO     Epoch 1252 [30/32]: loss = 0.03877396509051323, lr = 0.000125
2025-09-19 13:00:37 INFO     Epoch 1252 [30/32]: loss = 0.03877396509051323, lr = 0.000125
2025-09-19 13:00:37 INFO     Epoch 1252 [30/32]: loss = 0.03877396509051323, lr = 0.000125
2025-09-19 13:00:37 INFO     Epoch 1252 [30/32]: loss = 0.03877396509051323, lr = 0.000125
2025-09-19 13:00:40 INFO     Epoch 1253 [0/32]: loss = 0.03474505990743637, lr = 0.000125
2025-09-19 13:00:40 INFO     Epoch 1253 [0/32]: loss = 0.03474505990743637, lr = 0.000125
2025-09-19 13:00:40 INFO     Epoch 1253 [0/32]: loss = 0.03474505990743637, lr = 0.000125
2025-09-19 13:00:40 INFO     Epoch 1253 [0/32]: loss = 0.03474505990743637, lr = 0.000125
2025-09-19 13:00:52 INFO     Epoch 1253 [10/32]: loss = 0.04617026820778847, lr = 0.000125
2025-09-19 13:00:52 INFO     Epoch 1253 [10/32]: loss = 0.04617026820778847, lr = 0.000125
2025-09-19 13:00:52 INFO     Epoch 1253 [10/32]: loss = 0.04617026820778847, lr = 0.000125
2025-09-19 13:00:52 INFO     Epoch 1253 [10/32]: loss = 0.04617026820778847, lr = 0.000125
2025-09-19 13:01:04 INFO     Epoch 1253 [20/32]: loss = 0.02027164027094841, lr = 0.000125
2025-09-19 13:01:04 INFO     Epoch 1253 [20/32]: loss = 0.02027164027094841, lr = 0.000125
2025-09-19 13:01:04 INFO     Epoch 1253 [20/32]: loss = 0.02027164027094841, lr = 0.000125
2025-09-19 13:01:04 INFO     Epoch 1253 [20/32]: loss = 0.02027164027094841, lr = 0.000125
2025-09-19 13:01:15 INFO     Epoch 1253 [30/32]: loss = 0.046263355761766434, lr = 0.000125
2025-09-19 13:01:15 INFO     Epoch 1253 [30/32]: loss = 0.046263355761766434, lr = 0.000125
2025-09-19 13:01:15 INFO     Epoch 1253 [30/32]: loss = 0.046263355761766434, lr = 0.000125
2025-09-19 13:01:15 INFO     Epoch 1253 [30/32]: loss = 0.046263355761766434, lr = 0.000125
2025-09-19 13:01:19 INFO     Epoch 1254 [0/32]: loss = 0.04425380378961563, lr = 0.000125
2025-09-19 13:01:19 INFO     Epoch 1254 [0/32]: loss = 0.04425380378961563, lr = 0.000125
2025-09-19 13:01:19 INFO     Epoch 1254 [0/32]: loss = 0.04425380378961563, lr = 0.000125
2025-09-19 13:01:19 INFO     Epoch 1254 [0/32]: loss = 0.04425380378961563, lr = 0.000125
2025-09-19 13:01:30 INFO     Epoch 1254 [10/32]: loss = 0.03513260930776596, lr = 0.000125
2025-09-19 13:01:30 INFO     Epoch 1254 [10/32]: loss = 0.03513260930776596, lr = 0.000125
2025-09-19 13:01:30 INFO     Epoch 1254 [10/32]: loss = 0.03513260930776596, lr = 0.000125
2025-09-19 13:01:30 INFO     Epoch 1254 [10/32]: loss = 0.03513260930776596, lr = 0.000125
2025-09-19 13:01:42 INFO     Epoch 1254 [20/32]: loss = 0.04654012992978096, lr = 0.000125
2025-09-19 13:01:42 INFO     Epoch 1254 [20/32]: loss = 0.04654012992978096, lr = 0.000125
2025-09-19 13:01:42 INFO     Epoch 1254 [20/32]: loss = 0.04654012992978096, lr = 0.000125
2025-09-19 13:01:42 INFO     Epoch 1254 [20/32]: loss = 0.04654012992978096, lr = 0.000125
2025-09-19 13:01:54 INFO     Epoch 1254 [30/32]: loss = 0.07292789965867996, lr = 0.000125
2025-09-19 13:01:54 INFO     Epoch 1254 [30/32]: loss = 0.07292789965867996, lr = 0.000125
2025-09-19 13:01:54 INFO     Epoch 1254 [30/32]: loss = 0.07292789965867996, lr = 0.000125
2025-09-19 13:01:54 INFO     Epoch 1254 [30/32]: loss = 0.07292789965867996, lr = 0.000125
2025-09-19 13:01:57 INFO     Epoch 1255 [0/32]: loss = 0.046007849276065826, lr = 0.000125
2025-09-19 13:01:57 INFO     Epoch 1255 [0/32]: loss = 0.046007849276065826, lr = 0.000125
2025-09-19 13:01:57 INFO     Epoch 1255 [0/32]: loss = 0.046007849276065826, lr = 0.000125
2025-09-19 13:01:57 INFO     Epoch 1255 [0/32]: loss = 0.046007849276065826, lr = 0.000125
2025-09-19 13:02:09 INFO     Epoch 1255 [10/32]: loss = 0.044315848499536514, lr = 0.000125
2025-09-19 13:02:09 INFO     Epoch 1255 [10/32]: loss = 0.044315848499536514, lr = 0.000125
2025-09-19 13:02:09 INFO     Epoch 1255 [10/32]: loss = 0.044315848499536514, lr = 0.000125
2025-09-19 13:02:09 INFO     Epoch 1255 [10/32]: loss = 0.044315848499536514, lr = 0.000125
2025-09-19 13:02:21 INFO     Epoch 1255 [20/32]: loss = 0.02601996809244156, lr = 0.000125
2025-09-19 13:02:21 INFO     Epoch 1255 [20/32]: loss = 0.02601996809244156, lr = 0.000125
2025-09-19 13:02:21 INFO     Epoch 1255 [20/32]: loss = 0.02601996809244156, lr = 0.000125
2025-09-19 13:02:21 INFO     Epoch 1255 [20/32]: loss = 0.02601996809244156, lr = 0.000125
2025-09-19 13:02:33 INFO     Epoch 1255 [30/32]: loss = 0.026682615280151367, lr = 0.000125
2025-09-19 13:02:33 INFO     Epoch 1255 [30/32]: loss = 0.026682615280151367, lr = 0.000125
2025-09-19 13:02:33 INFO     Epoch 1255 [30/32]: loss = 0.026682615280151367, lr = 0.000125
2025-09-19 13:02:33 INFO     Epoch 1255 [30/32]: loss = 0.026682615280151367, lr = 0.000125
2025-09-19 13:02:36 INFO     Epoch 1256 [0/32]: loss = 0.02484230510890484, lr = 0.000125
2025-09-19 13:02:36 INFO     Epoch 1256 [0/32]: loss = 0.02484230510890484, lr = 0.000125
2025-09-19 13:02:36 INFO     Epoch 1256 [0/32]: loss = 0.02484230510890484, lr = 0.000125
2025-09-19 13:02:36 INFO     Epoch 1256 [0/32]: loss = 0.02484230510890484, lr = 0.000125
2025-09-19 13:02:48 INFO     Epoch 1256 [10/32]: loss = 0.03732144832611084, lr = 0.000125
2025-09-19 13:02:48 INFO     Epoch 1256 [10/32]: loss = 0.03732144832611084, lr = 0.000125
2025-09-19 13:02:48 INFO     Epoch 1256 [10/32]: loss = 0.03732144832611084, lr = 0.000125
2025-09-19 13:02:48 INFO     Epoch 1256 [10/32]: loss = 0.03732144832611084, lr = 0.000125
2025-09-19 13:03:00 INFO     Epoch 1256 [20/32]: loss = 0.044497616589069366, lr = 0.000125
2025-09-19 13:03:00 INFO     Epoch 1256 [20/32]: loss = 0.044497616589069366, lr = 0.000125
2025-09-19 13:03:00 INFO     Epoch 1256 [20/32]: loss = 0.044497616589069366, lr = 0.000125
2025-09-19 13:03:00 INFO     Epoch 1256 [20/32]: loss = 0.044497616589069366, lr = 0.000125
2025-09-19 13:03:12 INFO     Epoch 1256 [30/32]: loss = 0.047037273645401, lr = 0.000125
2025-09-19 13:03:12 INFO     Epoch 1256 [30/32]: loss = 0.047037273645401, lr = 0.000125
2025-09-19 13:03:12 INFO     Epoch 1256 [30/32]: loss = 0.047037273645401, lr = 0.000125
2025-09-19 13:03:12 INFO     Epoch 1256 [30/32]: loss = 0.047037273645401, lr = 0.000125
2025-09-19 13:03:15 INFO     Epoch 1257 [0/32]: loss = 0.05514681711792946, lr = 0.000125
2025-09-19 13:03:15 INFO     Epoch 1257 [0/32]: loss = 0.05514681711792946, lr = 0.000125
2025-09-19 13:03:15 INFO     Epoch 1257 [0/32]: loss = 0.05514681711792946, lr = 0.000125
2025-09-19 13:03:15 INFO     Epoch 1257 [0/32]: loss = 0.05514681711792946, lr = 0.000125
2025-09-19 13:03:27 INFO     Epoch 1257 [10/32]: loss = 0.040709514170885086, lr = 0.000125
2025-09-19 13:03:27 INFO     Epoch 1257 [10/32]: loss = 0.040709514170885086, lr = 0.000125
2025-09-19 13:03:27 INFO     Epoch 1257 [10/32]: loss = 0.040709514170885086, lr = 0.000125
2025-09-19 13:03:27 INFO     Epoch 1257 [10/32]: loss = 0.040709514170885086, lr = 0.000125
2025-09-19 13:03:39 INFO     Epoch 1257 [20/32]: loss = 0.03414492681622505, lr = 0.000125
2025-09-19 13:03:39 INFO     Epoch 1257 [20/32]: loss = 0.03414492681622505, lr = 0.000125
2025-09-19 13:03:39 INFO     Epoch 1257 [20/32]: loss = 0.03414492681622505, lr = 0.000125
2025-09-19 13:03:39 INFO     Epoch 1257 [20/32]: loss = 0.03414492681622505, lr = 0.000125
2025-09-19 13:03:51 INFO     Epoch 1257 [30/32]: loss = 0.04226106032729149, lr = 0.000125
2025-09-19 13:03:51 INFO     Epoch 1257 [30/32]: loss = 0.04226106032729149, lr = 0.000125
2025-09-19 13:03:51 INFO     Epoch 1257 [30/32]: loss = 0.04226106032729149, lr = 0.000125
2025-09-19 13:03:51 INFO     Epoch 1257 [30/32]: loss = 0.04226106032729149, lr = 0.000125
2025-09-19 13:03:54 INFO     Epoch 1258 [0/32]: loss = 0.019857216626405716, lr = 0.000125
2025-09-19 13:03:54 INFO     Epoch 1258 [0/32]: loss = 0.019857216626405716, lr = 0.000125
2025-09-19 13:03:54 INFO     Epoch 1258 [0/32]: loss = 0.019857216626405716, lr = 0.000125
2025-09-19 13:03:54 INFO     Epoch 1258 [0/32]: loss = 0.019857216626405716, lr = 0.000125
2025-09-19 13:04:05 INFO     Epoch 1258 [10/32]: loss = 0.034614890813827515, lr = 0.000125
2025-09-19 13:04:05 INFO     Epoch 1258 [10/32]: loss = 0.034614890813827515, lr = 0.000125
2025-09-19 13:04:05 INFO     Epoch 1258 [10/32]: loss = 0.034614890813827515, lr = 0.000125
2025-09-19 13:04:05 INFO     Epoch 1258 [10/32]: loss = 0.034614890813827515, lr = 0.000125
2025-09-19 13:04:17 INFO     Epoch 1258 [20/32]: loss = 0.03212941437959671, lr = 0.000125
2025-09-19 13:04:17 INFO     Epoch 1258 [20/32]: loss = 0.03212941437959671, lr = 0.000125
2025-09-19 13:04:17 INFO     Epoch 1258 [20/32]: loss = 0.03212941437959671, lr = 0.000125
2025-09-19 13:04:17 INFO     Epoch 1258 [20/32]: loss = 0.03212941437959671, lr = 0.000125
2025-09-19 13:04:29 INFO     Epoch 1258 [30/32]: loss = 0.05387992039322853, lr = 0.000125
2025-09-19 13:04:29 INFO     Epoch 1258 [30/32]: loss = 0.05387992039322853, lr = 0.000125
2025-09-19 13:04:29 INFO     Epoch 1258 [30/32]: loss = 0.05387992039322853, lr = 0.000125
2025-09-19 13:04:29 INFO     Epoch 1258 [30/32]: loss = 0.05387992039322853, lr = 0.000125
2025-09-19 13:04:32 INFO     Epoch 1259 [0/32]: loss = 0.04243236780166626, lr = 0.000125
2025-09-19 13:04:32 INFO     Epoch 1259 [0/32]: loss = 0.04243236780166626, lr = 0.000125
2025-09-19 13:04:32 INFO     Epoch 1259 [0/32]: loss = 0.04243236780166626, lr = 0.000125
2025-09-19 13:04:32 INFO     Epoch 1259 [0/32]: loss = 0.04243236780166626, lr = 0.000125
2025-09-19 13:04:44 INFO     Epoch 1259 [10/32]: loss = 0.04314209520816803, lr = 0.000125
2025-09-19 13:04:44 INFO     Epoch 1259 [10/32]: loss = 0.04314209520816803, lr = 0.000125
2025-09-19 13:04:44 INFO     Epoch 1259 [10/32]: loss = 0.04314209520816803, lr = 0.000125
2025-09-19 13:04:44 INFO     Epoch 1259 [10/32]: loss = 0.04314209520816803, lr = 0.000125
2025-09-19 13:04:56 INFO     Epoch 1259 [20/32]: loss = 0.03847045078873634, lr = 0.000125
2025-09-19 13:04:56 INFO     Epoch 1259 [20/32]: loss = 0.03847045078873634, lr = 0.000125
2025-09-19 13:04:56 INFO     Epoch 1259 [20/32]: loss = 0.03847045078873634, lr = 0.000125
2025-09-19 13:04:56 INFO     Epoch 1259 [20/32]: loss = 0.03847045078873634, lr = 0.000125
2025-09-19 13:05:08 INFO     Epoch 1259 [30/32]: loss = 0.04200137406587601, lr = 0.000125
2025-09-19 13:05:08 INFO     Epoch 1259 [30/32]: loss = 0.04200137406587601, lr = 0.000125
2025-09-19 13:05:08 INFO     Epoch 1259 [30/32]: loss = 0.04200137406587601, lr = 0.000125
2025-09-19 13:05:08 INFO     Epoch 1259 [30/32]: loss = 0.04200137406587601, lr = 0.000125
2025-09-19 13:05:11 INFO     Epoch 1260 [0/32]: loss = 0.052824653685092926, lr = 0.000125
2025-09-19 13:05:11 INFO     Epoch 1260 [0/32]: loss = 0.052824653685092926, lr = 0.000125
2025-09-19 13:05:11 INFO     Epoch 1260 [0/32]: loss = 0.052824653685092926, lr = 0.000125
2025-09-19 13:05:11 INFO     Epoch 1260 [0/32]: loss = 0.052824653685092926, lr = 0.000125
2025-09-19 13:05:23 INFO     Epoch 1260 [10/32]: loss = 0.03409105911850929, lr = 0.000125
2025-09-19 13:05:23 INFO     Epoch 1260 [10/32]: loss = 0.03409105911850929, lr = 0.000125
2025-09-19 13:05:23 INFO     Epoch 1260 [10/32]: loss = 0.03409105911850929, lr = 0.000125
2025-09-19 13:05:23 INFO     Epoch 1260 [10/32]: loss = 0.03409105911850929, lr = 0.000125
2025-09-19 13:05:34 INFO     Epoch 1260 [20/32]: loss = 0.03319749981164932, lr = 0.000125
2025-09-19 13:05:34 INFO     Epoch 1260 [20/32]: loss = 0.03319749981164932, lr = 0.000125
2025-09-19 13:05:34 INFO     Epoch 1260 [20/32]: loss = 0.03319749981164932, lr = 0.000125
2025-09-19 13:05:34 INFO     Epoch 1260 [20/32]: loss = 0.03319749981164932, lr = 0.000125
2025-09-19 13:05:46 INFO     Epoch 1260 [30/32]: loss = 0.03961067646741867, lr = 0.000125
2025-09-19 13:05:46 INFO     Epoch 1260 [30/32]: loss = 0.03961067646741867, lr = 0.000125
2025-09-19 13:05:46 INFO     Epoch 1260 [30/32]: loss = 0.03961067646741867, lr = 0.000125
2025-09-19 13:05:46 INFO     Epoch 1260 [30/32]: loss = 0.03961067646741867, lr = 0.000125
2025-09-19 13:05:49 INFO     Epoch 1261 [0/32]: loss = 0.06476065516471863, lr = 0.000125
2025-09-19 13:05:49 INFO     Epoch 1261 [0/32]: loss = 0.06476065516471863, lr = 0.000125
2025-09-19 13:05:49 INFO     Epoch 1261 [0/32]: loss = 0.06476065516471863, lr = 0.000125
2025-09-19 13:05:49 INFO     Epoch 1261 [0/32]: loss = 0.06476065516471863, lr = 0.000125
2025-09-19 13:06:01 INFO     Epoch 1261 [10/32]: loss = 0.034215591847896576, lr = 0.000125
2025-09-19 13:06:01 INFO     Epoch 1261 [10/32]: loss = 0.034215591847896576, lr = 0.000125
2025-09-19 13:06:01 INFO     Epoch 1261 [10/32]: loss = 0.034215591847896576, lr = 0.000125
2025-09-19 13:06:01 INFO     Epoch 1261 [10/32]: loss = 0.034215591847896576, lr = 0.000125
2025-09-19 13:06:13 INFO     Epoch 1261 [20/32]: loss = 0.03767763078212738, lr = 0.000125
2025-09-19 13:06:13 INFO     Epoch 1261 [20/32]: loss = 0.03767763078212738, lr = 0.000125
2025-09-19 13:06:13 INFO     Epoch 1261 [20/32]: loss = 0.03767763078212738, lr = 0.000125
2025-09-19 13:06:13 INFO     Epoch 1261 [20/32]: loss = 0.03767763078212738, lr = 0.000125
2025-09-19 13:06:25 INFO     Epoch 1261 [30/32]: loss = 0.04959171265363693, lr = 0.000125
2025-09-19 13:06:25 INFO     Epoch 1261 [30/32]: loss = 0.04959171265363693, lr = 0.000125
2025-09-19 13:06:25 INFO     Epoch 1261 [30/32]: loss = 0.04959171265363693, lr = 0.000125
2025-09-19 13:06:25 INFO     Epoch 1261 [30/32]: loss = 0.04959171265363693, lr = 0.000125
2025-09-19 13:06:28 INFO     Epoch 1262 [0/32]: loss = 0.03574823588132858, lr = 0.000125
2025-09-19 13:06:28 INFO     Epoch 1262 [0/32]: loss = 0.03574823588132858, lr = 0.000125
2025-09-19 13:06:28 INFO     Epoch 1262 [0/32]: loss = 0.03574823588132858, lr = 0.000125
2025-09-19 13:06:28 INFO     Epoch 1262 [0/32]: loss = 0.03574823588132858, lr = 0.000125
2025-09-19 13:06:40 INFO     Epoch 1262 [10/32]: loss = 0.04143337160348892, lr = 0.000125
2025-09-19 13:06:40 INFO     Epoch 1262 [10/32]: loss = 0.04143337160348892, lr = 0.000125
2025-09-19 13:06:40 INFO     Epoch 1262 [10/32]: loss = 0.04143337160348892, lr = 0.000125
2025-09-19 13:06:40 INFO     Epoch 1262 [10/32]: loss = 0.04143337160348892, lr = 0.000125
2025-09-19 13:06:52 INFO     Epoch 1262 [20/32]: loss = 0.059495531022548676, lr = 0.000125
2025-09-19 13:06:52 INFO     Epoch 1262 [20/32]: loss = 0.059495531022548676, lr = 0.000125
2025-09-19 13:06:52 INFO     Epoch 1262 [20/32]: loss = 0.059495531022548676, lr = 0.000125
2025-09-19 13:06:52 INFO     Epoch 1262 [20/32]: loss = 0.059495531022548676, lr = 0.000125
2025-09-19 13:07:04 INFO     Epoch 1262 [30/32]: loss = 0.024344805628061295, lr = 0.000125
2025-09-19 13:07:04 INFO     Epoch 1262 [30/32]: loss = 0.024344805628061295, lr = 0.000125
2025-09-19 13:07:04 INFO     Epoch 1262 [30/32]: loss = 0.024344805628061295, lr = 0.000125
2025-09-19 13:07:04 INFO     Epoch 1262 [30/32]: loss = 0.024344805628061295, lr = 0.000125
2025-09-19 13:07:07 INFO     Epoch 1263 [0/32]: loss = 0.028475897386670113, lr = 0.000125
2025-09-19 13:07:07 INFO     Epoch 1263 [0/32]: loss = 0.028475897386670113, lr = 0.000125
2025-09-19 13:07:07 INFO     Epoch 1263 [0/32]: loss = 0.028475897386670113, lr = 0.000125
2025-09-19 13:07:07 INFO     Epoch 1263 [0/32]: loss = 0.028475897386670113, lr = 0.000125
2025-09-19 13:07:19 INFO     Epoch 1263 [10/32]: loss = 0.02014855295419693, lr = 0.000125
2025-09-19 13:07:19 INFO     Epoch 1263 [10/32]: loss = 0.02014855295419693, lr = 0.000125
2025-09-19 13:07:19 INFO     Epoch 1263 [10/32]: loss = 0.02014855295419693, lr = 0.000125
2025-09-19 13:07:19 INFO     Epoch 1263 [10/32]: loss = 0.02014855295419693, lr = 0.000125
2025-09-19 13:07:31 INFO     Epoch 1263 [20/32]: loss = 0.03506328910589218, lr = 0.000125
2025-09-19 13:07:31 INFO     Epoch 1263 [20/32]: loss = 0.03506328910589218, lr = 0.000125
2025-09-19 13:07:31 INFO     Epoch 1263 [20/32]: loss = 0.03506328910589218, lr = 0.000125
2025-09-19 13:07:31 INFO     Epoch 1263 [20/32]: loss = 0.03506328910589218, lr = 0.000125
2025-09-19 13:07:42 INFO     Epoch 1263 [30/32]: loss = 0.032166145741939545, lr = 0.000125
2025-09-19 13:07:42 INFO     Epoch 1263 [30/32]: loss = 0.032166145741939545, lr = 0.000125
2025-09-19 13:07:42 INFO     Epoch 1263 [30/32]: loss = 0.032166145741939545, lr = 0.000125
2025-09-19 13:07:42 INFO     Epoch 1263 [30/32]: loss = 0.032166145741939545, lr = 0.000125
2025-09-19 13:07:46 INFO     Epoch 1264 [0/32]: loss = 0.051772911101579666, lr = 0.000125
2025-09-19 13:07:46 INFO     Epoch 1264 [0/32]: loss = 0.051772911101579666, lr = 0.000125
2025-09-19 13:07:46 INFO     Epoch 1264 [0/32]: loss = 0.051772911101579666, lr = 0.000125
2025-09-19 13:07:46 INFO     Epoch 1264 [0/32]: loss = 0.051772911101579666, lr = 0.000125
2025-09-19 13:07:57 INFO     Epoch 1264 [10/32]: loss = 0.03474736213684082, lr = 0.000125
2025-09-19 13:07:57 INFO     Epoch 1264 [10/32]: loss = 0.03474736213684082, lr = 0.000125
2025-09-19 13:07:57 INFO     Epoch 1264 [10/32]: loss = 0.03474736213684082, lr = 0.000125
2025-09-19 13:07:57 INFO     Epoch 1264 [10/32]: loss = 0.03474736213684082, lr = 0.000125
2025-09-19 13:08:09 INFO     Epoch 1264 [20/32]: loss = 0.04941096156835556, lr = 0.000125
2025-09-19 13:08:09 INFO     Epoch 1264 [20/32]: loss = 0.04941096156835556, lr = 0.000125
2025-09-19 13:08:09 INFO     Epoch 1264 [20/32]: loss = 0.04941096156835556, lr = 0.000125
2025-09-19 13:08:09 INFO     Epoch 1264 [20/32]: loss = 0.04941096156835556, lr = 0.000125
2025-09-19 13:08:21 INFO     Epoch 1264 [30/32]: loss = 0.03519322723150253, lr = 0.000125
2025-09-19 13:08:21 INFO     Epoch 1264 [30/32]: loss = 0.03519322723150253, lr = 0.000125
2025-09-19 13:08:21 INFO     Epoch 1264 [30/32]: loss = 0.03519322723150253, lr = 0.000125
2025-09-19 13:08:21 INFO     Epoch 1264 [30/32]: loss = 0.03519322723150253, lr = 0.000125
2025-09-19 13:08:24 INFO     Epoch 1265 [0/32]: loss = 0.03328603878617287, lr = 0.000125
2025-09-19 13:08:24 INFO     Epoch 1265 [0/32]: loss = 0.03328603878617287, lr = 0.000125
2025-09-19 13:08:24 INFO     Epoch 1265 [0/32]: loss = 0.03328603878617287, lr = 0.000125
2025-09-19 13:08:24 INFO     Epoch 1265 [0/32]: loss = 0.03328603878617287, lr = 0.000125
2025-09-19 13:08:36 INFO     Epoch 1265 [10/32]: loss = 0.034157007932662964, lr = 0.000125
2025-09-19 13:08:36 INFO     Epoch 1265 [10/32]: loss = 0.034157007932662964, lr = 0.000125
2025-09-19 13:08:36 INFO     Epoch 1265 [10/32]: loss = 0.034157007932662964, lr = 0.000125
2025-09-19 13:08:36 INFO     Epoch 1265 [10/32]: loss = 0.034157007932662964, lr = 0.000125
2025-09-19 13:08:48 INFO     Epoch 1265 [20/32]: loss = 0.0357145294547081, lr = 0.000125
2025-09-19 13:08:48 INFO     Epoch 1265 [20/32]: loss = 0.0357145294547081, lr = 0.000125
2025-09-19 13:08:48 INFO     Epoch 1265 [20/32]: loss = 0.0357145294547081, lr = 0.000125
2025-09-19 13:08:48 INFO     Epoch 1265 [20/32]: loss = 0.0357145294547081, lr = 0.000125
2025-09-19 13:09:00 INFO     Epoch 1265 [30/32]: loss = 0.03877909854054451, lr = 0.000125
2025-09-19 13:09:00 INFO     Epoch 1265 [30/32]: loss = 0.03877909854054451, lr = 0.000125
2025-09-19 13:09:00 INFO     Epoch 1265 [30/32]: loss = 0.03877909854054451, lr = 0.000125
2025-09-19 13:09:00 INFO     Epoch 1265 [30/32]: loss = 0.03877909854054451, lr = 0.000125
2025-09-19 13:09:03 INFO     Epoch 1266 [0/32]: loss = 0.02885146625339985, lr = 0.000125
2025-09-19 13:09:03 INFO     Epoch 1266 [0/32]: loss = 0.02885146625339985, lr = 0.000125
2025-09-19 13:09:03 INFO     Epoch 1266 [0/32]: loss = 0.02885146625339985, lr = 0.000125
2025-09-19 13:09:03 INFO     Epoch 1266 [0/32]: loss = 0.02885146625339985, lr = 0.000125
2025-09-19 13:09:15 INFO     Epoch 1266 [10/32]: loss = 0.042820245027542114, lr = 0.000125
2025-09-19 13:09:15 INFO     Epoch 1266 [10/32]: loss = 0.042820245027542114, lr = 0.000125
2025-09-19 13:09:15 INFO     Epoch 1266 [10/32]: loss = 0.042820245027542114, lr = 0.000125
2025-09-19 13:09:15 INFO     Epoch 1266 [10/32]: loss = 0.042820245027542114, lr = 0.000125
2025-09-19 13:09:27 INFO     Epoch 1266 [20/32]: loss = 0.04173649474978447, lr = 0.000125
2025-09-19 13:09:27 INFO     Epoch 1266 [20/32]: loss = 0.04173649474978447, lr = 0.000125
2025-09-19 13:09:27 INFO     Epoch 1266 [20/32]: loss = 0.04173649474978447, lr = 0.000125
2025-09-19 13:09:27 INFO     Epoch 1266 [20/32]: loss = 0.04173649474978447, lr = 0.000125
2025-09-19 13:09:38 INFO     Epoch 1266 [30/32]: loss = 0.05396085977554321, lr = 0.000125
2025-09-19 13:09:38 INFO     Epoch 1266 [30/32]: loss = 0.05396085977554321, lr = 0.000125
2025-09-19 13:09:38 INFO     Epoch 1266 [30/32]: loss = 0.05396085977554321, lr = 0.000125
2025-09-19 13:09:38 INFO     Epoch 1266 [30/32]: loss = 0.05396085977554321, lr = 0.000125
2025-09-19 13:09:42 INFO     Epoch 1267 [0/32]: loss = 0.014857420697808266, lr = 0.000125
2025-09-19 13:09:42 INFO     Epoch 1267 [0/32]: loss = 0.014857420697808266, lr = 0.000125
2025-09-19 13:09:42 INFO     Epoch 1267 [0/32]: loss = 0.014857420697808266, lr = 0.000125
2025-09-19 13:09:42 INFO     Epoch 1267 [0/32]: loss = 0.014857420697808266, lr = 0.000125
2025-09-19 13:09:53 INFO     Epoch 1267 [10/32]: loss = 0.036645468324422836, lr = 0.000125
2025-09-19 13:09:53 INFO     Epoch 1267 [10/32]: loss = 0.036645468324422836, lr = 0.000125
2025-09-19 13:09:53 INFO     Epoch 1267 [10/32]: loss = 0.036645468324422836, lr = 0.000125
2025-09-19 13:09:53 INFO     Epoch 1267 [10/32]: loss = 0.036645468324422836, lr = 0.000125
2025-09-19 13:10:05 INFO     Epoch 1267 [20/32]: loss = 0.061155498027801514, lr = 0.000125
2025-09-19 13:10:05 INFO     Epoch 1267 [20/32]: loss = 0.061155498027801514, lr = 0.000125
2025-09-19 13:10:05 INFO     Epoch 1267 [20/32]: loss = 0.061155498027801514, lr = 0.000125
2025-09-19 13:10:05 INFO     Epoch 1267 [20/32]: loss = 0.061155498027801514, lr = 0.000125
2025-09-19 13:10:17 INFO     Epoch 1267 [30/32]: loss = 0.03855670988559723, lr = 0.000125
2025-09-19 13:10:17 INFO     Epoch 1267 [30/32]: loss = 0.03855670988559723, lr = 0.000125
2025-09-19 13:10:17 INFO     Epoch 1267 [30/32]: loss = 0.03855670988559723, lr = 0.000125
2025-09-19 13:10:17 INFO     Epoch 1267 [30/32]: loss = 0.03855670988559723, lr = 0.000125
2025-09-19 13:10:20 INFO     Epoch 1268 [0/32]: loss = 0.033411964774131775, lr = 0.000125
2025-09-19 13:10:20 INFO     Epoch 1268 [0/32]: loss = 0.033411964774131775, lr = 0.000125
2025-09-19 13:10:20 INFO     Epoch 1268 [0/32]: loss = 0.033411964774131775, lr = 0.000125
2025-09-19 13:10:20 INFO     Epoch 1268 [0/32]: loss = 0.033411964774131775, lr = 0.000125
2025-09-19 13:10:32 INFO     Epoch 1268 [10/32]: loss = 0.04059160500764847, lr = 0.000125
2025-09-19 13:10:32 INFO     Epoch 1268 [10/32]: loss = 0.04059160500764847, lr = 0.000125
2025-09-19 13:10:32 INFO     Epoch 1268 [10/32]: loss = 0.04059160500764847, lr = 0.000125
2025-09-19 13:10:32 INFO     Epoch 1268 [10/32]: loss = 0.04059160500764847, lr = 0.000125
2025-09-19 13:10:44 INFO     Epoch 1268 [20/32]: loss = 0.027213796973228455, lr = 0.000125
2025-09-19 13:10:44 INFO     Epoch 1268 [20/32]: loss = 0.027213796973228455, lr = 0.000125
2025-09-19 13:10:44 INFO     Epoch 1268 [20/32]: loss = 0.027213796973228455, lr = 0.000125
2025-09-19 13:10:44 INFO     Epoch 1268 [20/32]: loss = 0.027213796973228455, lr = 0.000125
2025-09-19 13:10:56 INFO     Epoch 1268 [30/32]: loss = 0.030959125608205795, lr = 0.000125
2025-09-19 13:10:56 INFO     Epoch 1268 [30/32]: loss = 0.030959125608205795, lr = 0.000125
2025-09-19 13:10:56 INFO     Epoch 1268 [30/32]: loss = 0.030959125608205795, lr = 0.000125
2025-09-19 13:10:56 INFO     Epoch 1268 [30/32]: loss = 0.030959125608205795, lr = 0.000125
2025-09-19 13:10:59 INFO     Epoch 1269 [0/32]: loss = 0.0660458654165268, lr = 0.000125
2025-09-19 13:10:59 INFO     Epoch 1269 [0/32]: loss = 0.0660458654165268, lr = 0.000125
2025-09-19 13:10:59 INFO     Epoch 1269 [0/32]: loss = 0.0660458654165268, lr = 0.000125
2025-09-19 13:10:59 INFO     Epoch 1269 [0/32]: loss = 0.0660458654165268, lr = 0.000125
2025-09-19 13:11:11 INFO     Epoch 1269 [10/32]: loss = 0.03620000183582306, lr = 0.000125
2025-09-19 13:11:11 INFO     Epoch 1269 [10/32]: loss = 0.03620000183582306, lr = 0.000125
2025-09-19 13:11:11 INFO     Epoch 1269 [10/32]: loss = 0.03620000183582306, lr = 0.000125
2025-09-19 13:11:11 INFO     Epoch 1269 [10/32]: loss = 0.03620000183582306, lr = 0.000125
2025-09-19 13:11:23 INFO     Epoch 1269 [20/32]: loss = 0.028452342376112938, lr = 0.000125
2025-09-19 13:11:23 INFO     Epoch 1269 [20/32]: loss = 0.028452342376112938, lr = 0.000125
2025-09-19 13:11:23 INFO     Epoch 1269 [20/32]: loss = 0.028452342376112938, lr = 0.000125
2025-09-19 13:11:23 INFO     Epoch 1269 [20/32]: loss = 0.028452342376112938, lr = 0.000125
2025-09-19 13:11:35 INFO     Epoch 1269 [30/32]: loss = 0.04356852546334267, lr = 0.000125
2025-09-19 13:11:35 INFO     Epoch 1269 [30/32]: loss = 0.04356852546334267, lr = 0.000125
2025-09-19 13:11:35 INFO     Epoch 1269 [30/32]: loss = 0.04356852546334267, lr = 0.000125
2025-09-19 13:11:35 INFO     Epoch 1269 [30/32]: loss = 0.04356852546334267, lr = 0.000125
2025-09-19 13:11:38 INFO     Epoch 1270 [0/32]: loss = 0.028247294947504997, lr = 0.000125
2025-09-19 13:11:38 INFO     Epoch 1270 [0/32]: loss = 0.028247294947504997, lr = 0.000125
2025-09-19 13:11:38 INFO     Epoch 1270 [0/32]: loss = 0.028247294947504997, lr = 0.000125
2025-09-19 13:11:38 INFO     Epoch 1270 [0/32]: loss = 0.028247294947504997, lr = 0.000125
2025-09-19 13:11:50 INFO     Epoch 1270 [10/32]: loss = 0.0347900316119194, lr = 0.000125
2025-09-19 13:11:50 INFO     Epoch 1270 [10/32]: loss = 0.0347900316119194, lr = 0.000125
2025-09-19 13:11:50 INFO     Epoch 1270 [10/32]: loss = 0.0347900316119194, lr = 0.000125
2025-09-19 13:11:50 INFO     Epoch 1270 [10/32]: loss = 0.0347900316119194, lr = 0.000125
2025-09-19 13:12:02 INFO     Epoch 1270 [20/32]: loss = 0.031945038586854935, lr = 0.000125
2025-09-19 13:12:02 INFO     Epoch 1270 [20/32]: loss = 0.031945038586854935, lr = 0.000125
2025-09-19 13:12:02 INFO     Epoch 1270 [20/32]: loss = 0.031945038586854935, lr = 0.000125
2025-09-19 13:12:02 INFO     Epoch 1270 [20/32]: loss = 0.031945038586854935, lr = 0.000125
2025-09-19 13:12:14 INFO     Epoch 1270 [30/32]: loss = 0.04224652051925659, lr = 0.000125
2025-09-19 13:12:14 INFO     Epoch 1270 [30/32]: loss = 0.04224652051925659, lr = 0.000125
2025-09-19 13:12:14 INFO     Epoch 1270 [30/32]: loss = 0.04224652051925659, lr = 0.000125
2025-09-19 13:12:14 INFO     Epoch 1270 [30/32]: loss = 0.04224652051925659, lr = 0.000125
2025-09-19 13:12:17 INFO     Epoch 1271 [0/32]: loss = 0.044344186782836914, lr = 0.000125
2025-09-19 13:12:17 INFO     Epoch 1271 [0/32]: loss = 0.044344186782836914, lr = 0.000125
2025-09-19 13:12:17 INFO     Epoch 1271 [0/32]: loss = 0.044344186782836914, lr = 0.000125
2025-09-19 13:12:17 INFO     Epoch 1271 [0/32]: loss = 0.044344186782836914, lr = 0.000125
2025-09-19 13:12:29 INFO     Epoch 1271 [10/32]: loss = 0.035406894981861115, lr = 0.000125
2025-09-19 13:12:29 INFO     Epoch 1271 [10/32]: loss = 0.035406894981861115, lr = 0.000125
2025-09-19 13:12:29 INFO     Epoch 1271 [10/32]: loss = 0.035406894981861115, lr = 0.000125
2025-09-19 13:12:29 INFO     Epoch 1271 [10/32]: loss = 0.035406894981861115, lr = 0.000125
2025-09-19 13:12:40 INFO     Epoch 1271 [20/32]: loss = 0.04299992695450783, lr = 0.000125
2025-09-19 13:12:40 INFO     Epoch 1271 [20/32]: loss = 0.04299992695450783, lr = 0.000125
2025-09-19 13:12:40 INFO     Epoch 1271 [20/32]: loss = 0.04299992695450783, lr = 0.000125
2025-09-19 13:12:40 INFO     Epoch 1271 [20/32]: loss = 0.04299992695450783, lr = 0.000125
2025-09-19 13:12:52 INFO     Epoch 1271 [30/32]: loss = 0.0604349821805954, lr = 0.000125
2025-09-19 13:12:52 INFO     Epoch 1271 [30/32]: loss = 0.0604349821805954, lr = 0.000125
2025-09-19 13:12:52 INFO     Epoch 1271 [30/32]: loss = 0.0604349821805954, lr = 0.000125
2025-09-19 13:12:52 INFO     Epoch 1271 [30/32]: loss = 0.0604349821805954, lr = 0.000125
2025-09-19 13:12:55 INFO     Epoch 1272 [0/32]: loss = 0.02961522340774536, lr = 0.000125
2025-09-19 13:12:55 INFO     Epoch 1272 [0/32]: loss = 0.02961522340774536, lr = 0.000125
2025-09-19 13:12:55 INFO     Epoch 1272 [0/32]: loss = 0.02961522340774536, lr = 0.000125
2025-09-19 13:12:55 INFO     Epoch 1272 [0/32]: loss = 0.02961522340774536, lr = 0.000125
2025-09-19 13:13:07 INFO     Epoch 1272 [10/32]: loss = 0.049823060631752014, lr = 0.000125
2025-09-19 13:13:07 INFO     Epoch 1272 [10/32]: loss = 0.049823060631752014, lr = 0.000125
2025-09-19 13:13:07 INFO     Epoch 1272 [10/32]: loss = 0.049823060631752014, lr = 0.000125
2025-09-19 13:13:07 INFO     Epoch 1272 [10/32]: loss = 0.049823060631752014, lr = 0.000125
2025-09-19 13:13:19 INFO     Epoch 1272 [20/32]: loss = 0.0417136624455452, lr = 0.000125
2025-09-19 13:13:19 INFO     Epoch 1272 [20/32]: loss = 0.0417136624455452, lr = 0.000125
2025-09-19 13:13:19 INFO     Epoch 1272 [20/32]: loss = 0.0417136624455452, lr = 0.000125
2025-09-19 13:13:19 INFO     Epoch 1272 [20/32]: loss = 0.0417136624455452, lr = 0.000125
2025-09-19 13:13:31 INFO     Epoch 1272 [30/32]: loss = 0.02761644683778286, lr = 0.000125
2025-09-19 13:13:31 INFO     Epoch 1272 [30/32]: loss = 0.02761644683778286, lr = 0.000125
2025-09-19 13:13:31 INFO     Epoch 1272 [30/32]: loss = 0.02761644683778286, lr = 0.000125
2025-09-19 13:13:31 INFO     Epoch 1272 [30/32]: loss = 0.02761644683778286, lr = 0.000125
2025-09-19 13:13:34 INFO     Epoch 1273 [0/32]: loss = 0.03399309143424034, lr = 0.000125
2025-09-19 13:13:34 INFO     Epoch 1273 [0/32]: loss = 0.03399309143424034, lr = 0.000125
2025-09-19 13:13:34 INFO     Epoch 1273 [0/32]: loss = 0.03399309143424034, lr = 0.000125
2025-09-19 13:13:34 INFO     Epoch 1273 [0/32]: loss = 0.03399309143424034, lr = 0.000125
2025-09-19 13:13:45 INFO     Epoch 1273 [10/32]: loss = 0.03520192205905914, lr = 0.000125
2025-09-19 13:13:45 INFO     Epoch 1273 [10/32]: loss = 0.03520192205905914, lr = 0.000125
2025-09-19 13:13:45 INFO     Epoch 1273 [10/32]: loss = 0.03520192205905914, lr = 0.000125
2025-09-19 13:13:45 INFO     Epoch 1273 [10/32]: loss = 0.03520192205905914, lr = 0.000125
2025-09-19 13:13:57 INFO     Epoch 1273 [20/32]: loss = 0.02973124198615551, lr = 0.000125
2025-09-19 13:13:57 INFO     Epoch 1273 [20/32]: loss = 0.02973124198615551, lr = 0.000125
2025-09-19 13:13:57 INFO     Epoch 1273 [20/32]: loss = 0.02973124198615551, lr = 0.000125
2025-09-19 13:13:57 INFO     Epoch 1273 [20/32]: loss = 0.02973124198615551, lr = 0.000125
2025-09-19 13:14:09 INFO     Epoch 1273 [30/32]: loss = 0.05559546500444412, lr = 0.000125
2025-09-19 13:14:09 INFO     Epoch 1273 [30/32]: loss = 0.05559546500444412, lr = 0.000125
2025-09-19 13:14:09 INFO     Epoch 1273 [30/32]: loss = 0.05559546500444412, lr = 0.000125
2025-09-19 13:14:09 INFO     Epoch 1273 [30/32]: loss = 0.05559546500444412, lr = 0.000125
2025-09-19 13:14:12 INFO     Epoch 1274 [0/32]: loss = 0.06495468318462372, lr = 0.000125
2025-09-19 13:14:12 INFO     Epoch 1274 [0/32]: loss = 0.06495468318462372, lr = 0.000125
2025-09-19 13:14:12 INFO     Epoch 1274 [0/32]: loss = 0.06495468318462372, lr = 0.000125
2025-09-19 13:14:12 INFO     Epoch 1274 [0/32]: loss = 0.06495468318462372, lr = 0.000125
2025-09-19 13:14:24 INFO     Epoch 1274 [10/32]: loss = 0.038630157709121704, lr = 0.000125
2025-09-19 13:14:24 INFO     Epoch 1274 [10/32]: loss = 0.038630157709121704, lr = 0.000125
2025-09-19 13:14:24 INFO     Epoch 1274 [10/32]: loss = 0.038630157709121704, lr = 0.000125
2025-09-19 13:14:24 INFO     Epoch 1274 [10/32]: loss = 0.038630157709121704, lr = 0.000125
2025-09-19 13:14:36 INFO     Epoch 1274 [20/32]: loss = 0.04001651704311371, lr = 0.000125
2025-09-19 13:14:36 INFO     Epoch 1274 [20/32]: loss = 0.04001651704311371, lr = 0.000125
2025-09-19 13:14:36 INFO     Epoch 1274 [20/32]: loss = 0.04001651704311371, lr = 0.000125
2025-09-19 13:14:36 INFO     Epoch 1274 [20/32]: loss = 0.04001651704311371, lr = 0.000125
2025-09-19 13:14:48 INFO     Epoch 1274 [30/32]: loss = 0.03791306912899017, lr = 0.000125
2025-09-19 13:14:48 INFO     Epoch 1274 [30/32]: loss = 0.03791306912899017, lr = 0.000125
2025-09-19 13:14:48 INFO     Epoch 1274 [30/32]: loss = 0.03791306912899017, lr = 0.000125
2025-09-19 13:14:48 INFO     Epoch 1274 [30/32]: loss = 0.03791306912899017, lr = 0.000125
2025-09-19 13:14:51 INFO     Epoch 1275 [0/32]: loss = 0.03341462090611458, lr = 0.000125
2025-09-19 13:14:51 INFO     Epoch 1275 [0/32]: loss = 0.03341462090611458, lr = 0.000125
2025-09-19 13:14:51 INFO     Epoch 1275 [0/32]: loss = 0.03341462090611458, lr = 0.000125
2025-09-19 13:14:51 INFO     Epoch 1275 [0/32]: loss = 0.03341462090611458, lr = 0.000125
2025-09-19 13:15:03 INFO     Epoch 1275 [10/32]: loss = 0.04497595876455307, lr = 0.000125
2025-09-19 13:15:03 INFO     Epoch 1275 [10/32]: loss = 0.04497595876455307, lr = 0.000125
2025-09-19 13:15:03 INFO     Epoch 1275 [10/32]: loss = 0.04497595876455307, lr = 0.000125
2025-09-19 13:15:03 INFO     Epoch 1275 [10/32]: loss = 0.04497595876455307, lr = 0.000125
2025-09-19 13:15:15 INFO     Epoch 1275 [20/32]: loss = 0.040540341287851334, lr = 0.000125
2025-09-19 13:15:15 INFO     Epoch 1275 [20/32]: loss = 0.040540341287851334, lr = 0.000125
2025-09-19 13:15:15 INFO     Epoch 1275 [20/32]: loss = 0.040540341287851334, lr = 0.000125
2025-09-19 13:15:15 INFO     Epoch 1275 [20/32]: loss = 0.040540341287851334, lr = 0.000125
2025-09-19 13:15:27 INFO     Epoch 1275 [30/32]: loss = 0.01757371611893177, lr = 0.000125
2025-09-19 13:15:27 INFO     Epoch 1275 [30/32]: loss = 0.01757371611893177, lr = 0.000125
2025-09-19 13:15:27 INFO     Epoch 1275 [30/32]: loss = 0.01757371611893177, lr = 0.000125
2025-09-19 13:15:27 INFO     Epoch 1275 [30/32]: loss = 0.01757371611893177, lr = 0.000125
2025-09-19 13:15:30 INFO     Epoch 1276 [0/32]: loss = 0.02748360112309456, lr = 0.000125
2025-09-19 13:15:30 INFO     Epoch 1276 [0/32]: loss = 0.02748360112309456, lr = 0.000125
2025-09-19 13:15:30 INFO     Epoch 1276 [0/32]: loss = 0.02748360112309456, lr = 0.000125
2025-09-19 13:15:30 INFO     Epoch 1276 [0/32]: loss = 0.02748360112309456, lr = 0.000125
2025-09-19 13:15:41 INFO     Epoch 1276 [10/32]: loss = 0.03851437568664551, lr = 0.000125
2025-09-19 13:15:41 INFO     Epoch 1276 [10/32]: loss = 0.03851437568664551, lr = 0.000125
2025-09-19 13:15:41 INFO     Epoch 1276 [10/32]: loss = 0.03851437568664551, lr = 0.000125
2025-09-19 13:15:41 INFO     Epoch 1276 [10/32]: loss = 0.03851437568664551, lr = 0.000125
2025-09-19 13:15:53 INFO     Epoch 1276 [20/32]: loss = 0.0499904528260231, lr = 0.000125
2025-09-19 13:15:53 INFO     Epoch 1276 [20/32]: loss = 0.0499904528260231, lr = 0.000125
2025-09-19 13:15:53 INFO     Epoch 1276 [20/32]: loss = 0.0499904528260231, lr = 0.000125
2025-09-19 13:15:53 INFO     Epoch 1276 [20/32]: loss = 0.0499904528260231, lr = 0.000125
2025-09-19 13:16:05 INFO     Epoch 1276 [30/32]: loss = 0.024099409580230713, lr = 0.000125
2025-09-19 13:16:05 INFO     Epoch 1276 [30/32]: loss = 0.024099409580230713, lr = 0.000125
2025-09-19 13:16:05 INFO     Epoch 1276 [30/32]: loss = 0.024099409580230713, lr = 0.000125
2025-09-19 13:16:05 INFO     Epoch 1276 [30/32]: loss = 0.024099409580230713, lr = 0.000125
2025-09-19 13:16:08 INFO     Epoch 1277 [0/32]: loss = 0.04053453728556633, lr = 0.000125
2025-09-19 13:16:08 INFO     Epoch 1277 [0/32]: loss = 0.04053453728556633, lr = 0.000125
2025-09-19 13:16:08 INFO     Epoch 1277 [0/32]: loss = 0.04053453728556633, lr = 0.000125
2025-09-19 13:16:08 INFO     Epoch 1277 [0/32]: loss = 0.04053453728556633, lr = 0.000125
2025-09-19 13:16:20 INFO     Epoch 1277 [10/32]: loss = 0.04937860369682312, lr = 0.000125
2025-09-19 13:16:20 INFO     Epoch 1277 [10/32]: loss = 0.04937860369682312, lr = 0.000125
2025-09-19 13:16:20 INFO     Epoch 1277 [10/32]: loss = 0.04937860369682312, lr = 0.000125
2025-09-19 13:16:20 INFO     Epoch 1277 [10/32]: loss = 0.04937860369682312, lr = 0.000125
2025-09-19 13:16:32 INFO     Epoch 1277 [20/32]: loss = 0.05219344049692154, lr = 0.000125
2025-09-19 13:16:32 INFO     Epoch 1277 [20/32]: loss = 0.05219344049692154, lr = 0.000125
2025-09-19 13:16:32 INFO     Epoch 1277 [20/32]: loss = 0.05219344049692154, lr = 0.000125
2025-09-19 13:16:32 INFO     Epoch 1277 [20/32]: loss = 0.05219344049692154, lr = 0.000125
2025-09-19 13:16:44 INFO     Epoch 1277 [30/32]: loss = 0.05047116428613663, lr = 0.000125
2025-09-19 13:16:44 INFO     Epoch 1277 [30/32]: loss = 0.05047116428613663, lr = 0.000125
2025-09-19 13:16:44 INFO     Epoch 1277 [30/32]: loss = 0.05047116428613663, lr = 0.000125
2025-09-19 13:16:44 INFO     Epoch 1277 [30/32]: loss = 0.05047116428613663, lr = 0.000125
2025-09-19 13:16:47 INFO     Epoch 1278 [0/32]: loss = 0.05910066142678261, lr = 0.000125
2025-09-19 13:16:47 INFO     Epoch 1278 [0/32]: loss = 0.05910066142678261, lr = 0.000125
2025-09-19 13:16:47 INFO     Epoch 1278 [0/32]: loss = 0.05910066142678261, lr = 0.000125
2025-09-19 13:16:47 INFO     Epoch 1278 [0/32]: loss = 0.05910066142678261, lr = 0.000125
2025-09-19 13:16:59 INFO     Epoch 1278 [10/32]: loss = 0.06641130894422531, lr = 0.000125
2025-09-19 13:16:59 INFO     Epoch 1278 [10/32]: loss = 0.06641130894422531, lr = 0.000125
2025-09-19 13:16:59 INFO     Epoch 1278 [10/32]: loss = 0.06641130894422531, lr = 0.000125
2025-09-19 13:16:59 INFO     Epoch 1278 [10/32]: loss = 0.06641130894422531, lr = 0.000125
2025-09-19 13:17:10 INFO     Epoch 1278 [20/32]: loss = 0.033041730523109436, lr = 0.000125
2025-09-19 13:17:10 INFO     Epoch 1278 [20/32]: loss = 0.033041730523109436, lr = 0.000125
2025-09-19 13:17:10 INFO     Epoch 1278 [20/32]: loss = 0.033041730523109436, lr = 0.000125
2025-09-19 13:17:10 INFO     Epoch 1278 [20/32]: loss = 0.033041730523109436, lr = 0.000125
2025-09-19 13:17:22 INFO     Epoch 1278 [30/32]: loss = 0.023346494883298874, lr = 0.000125
2025-09-19 13:17:22 INFO     Epoch 1278 [30/32]: loss = 0.023346494883298874, lr = 0.000125
2025-09-19 13:17:22 INFO     Epoch 1278 [30/32]: loss = 0.023346494883298874, lr = 0.000125
2025-09-19 13:17:22 INFO     Epoch 1278 [30/32]: loss = 0.023346494883298874, lr = 0.000125
2025-09-19 13:17:25 INFO     Epoch 1279 [0/32]: loss = 0.024750685319304466, lr = 0.000125
2025-09-19 13:17:25 INFO     Epoch 1279 [0/32]: loss = 0.024750685319304466, lr = 0.000125
2025-09-19 13:17:25 INFO     Epoch 1279 [0/32]: loss = 0.024750685319304466, lr = 0.000125
2025-09-19 13:17:25 INFO     Epoch 1279 [0/32]: loss = 0.024750685319304466, lr = 0.000125
2025-09-19 13:17:37 INFO     Epoch 1279 [10/32]: loss = 0.031148672103881836, lr = 0.000125
2025-09-19 13:17:37 INFO     Epoch 1279 [10/32]: loss = 0.031148672103881836, lr = 0.000125
2025-09-19 13:17:37 INFO     Epoch 1279 [10/32]: loss = 0.031148672103881836, lr = 0.000125
2025-09-19 13:17:37 INFO     Epoch 1279 [10/32]: loss = 0.031148672103881836, lr = 0.000125
2025-09-19 13:17:49 INFO     Epoch 1279 [20/32]: loss = 0.06300373375415802, lr = 0.000125
2025-09-19 13:17:49 INFO     Epoch 1279 [20/32]: loss = 0.06300373375415802, lr = 0.000125
2025-09-19 13:17:49 INFO     Epoch 1279 [20/32]: loss = 0.06300373375415802, lr = 0.000125
2025-09-19 13:17:49 INFO     Epoch 1279 [20/32]: loss = 0.06300373375415802, lr = 0.000125
2025-09-19 13:18:01 INFO     Epoch 1279 [30/32]: loss = 0.06324148178100586, lr = 0.000125
2025-09-19 13:18:01 INFO     Epoch 1279 [30/32]: loss = 0.06324148178100586, lr = 0.000125
2025-09-19 13:18:01 INFO     Epoch 1279 [30/32]: loss = 0.06324148178100586, lr = 0.000125
2025-09-19 13:18:01 INFO     Epoch 1279 [30/32]: loss = 0.06324148178100586, lr = 0.000125
2025-09-19 13:18:04 INFO     Epoch 1280 [0/32]: loss = 0.024319445714354515, lr = 0.000125
2025-09-19 13:18:04 INFO     Epoch 1280 [0/32]: loss = 0.024319445714354515, lr = 0.000125
2025-09-19 13:18:04 INFO     Epoch 1280 [0/32]: loss = 0.024319445714354515, lr = 0.000125
2025-09-19 13:18:04 INFO     Epoch 1280 [0/32]: loss = 0.024319445714354515, lr = 0.000125
2025-09-19 13:18:16 INFO     Epoch 1280 [10/32]: loss = 0.056691691279411316, lr = 0.000125
2025-09-19 13:18:16 INFO     Epoch 1280 [10/32]: loss = 0.056691691279411316, lr = 0.000125
2025-09-19 13:18:16 INFO     Epoch 1280 [10/32]: loss = 0.056691691279411316, lr = 0.000125
2025-09-19 13:18:16 INFO     Epoch 1280 [10/32]: loss = 0.056691691279411316, lr = 0.000125
2025-09-19 13:18:28 INFO     Epoch 1280 [20/32]: loss = 0.040875595062971115, lr = 0.000125
2025-09-19 13:18:28 INFO     Epoch 1280 [20/32]: loss = 0.040875595062971115, lr = 0.000125
2025-09-19 13:18:28 INFO     Epoch 1280 [20/32]: loss = 0.040875595062971115, lr = 0.000125
2025-09-19 13:18:28 INFO     Epoch 1280 [20/32]: loss = 0.040875595062971115, lr = 0.000125
2025-09-19 13:18:40 INFO     Epoch 1280 [30/32]: loss = 0.021626796573400497, lr = 0.000125
2025-09-19 13:18:40 INFO     Epoch 1280 [30/32]: loss = 0.021626796573400497, lr = 0.000125
2025-09-19 13:18:40 INFO     Epoch 1280 [30/32]: loss = 0.021626796573400497, lr = 0.000125
2025-09-19 13:18:40 INFO     Epoch 1280 [30/32]: loss = 0.021626796573400497, lr = 0.000125
2025-09-19 13:18:43 INFO     Epoch 1281 [0/32]: loss = 0.02923717349767685, lr = 0.000125
2025-09-19 13:18:43 INFO     Epoch 1281 [0/32]: loss = 0.02923717349767685, lr = 0.000125
2025-09-19 13:18:43 INFO     Epoch 1281 [0/32]: loss = 0.02923717349767685, lr = 0.000125
2025-09-19 13:18:43 INFO     Epoch 1281 [0/32]: loss = 0.02923717349767685, lr = 0.000125
2025-09-19 13:18:55 INFO     Epoch 1281 [10/32]: loss = 0.028496868908405304, lr = 0.000125
2025-09-19 13:18:55 INFO     Epoch 1281 [10/32]: loss = 0.028496868908405304, lr = 0.000125
2025-09-19 13:18:55 INFO     Epoch 1281 [10/32]: loss = 0.028496868908405304, lr = 0.000125
2025-09-19 13:18:55 INFO     Epoch 1281 [10/32]: loss = 0.028496868908405304, lr = 0.000125
2025-09-19 13:19:07 INFO     Epoch 1281 [20/32]: loss = 0.041323862969875336, lr = 0.000125
2025-09-19 13:19:07 INFO     Epoch 1281 [20/32]: loss = 0.041323862969875336, lr = 0.000125
2025-09-19 13:19:07 INFO     Epoch 1281 [20/32]: loss = 0.041323862969875336, lr = 0.000125
2025-09-19 13:19:07 INFO     Epoch 1281 [20/32]: loss = 0.041323862969875336, lr = 0.000125
2025-09-19 13:19:19 INFO     Epoch 1281 [30/32]: loss = 0.030580420047044754, lr = 0.000125
2025-09-19 13:19:19 INFO     Epoch 1281 [30/32]: loss = 0.030580420047044754, lr = 0.000125
2025-09-19 13:19:19 INFO     Epoch 1281 [30/32]: loss = 0.030580420047044754, lr = 0.000125
2025-09-19 13:19:19 INFO     Epoch 1281 [30/32]: loss = 0.030580420047044754, lr = 0.000125
2025-09-19 13:19:22 INFO     Epoch 1282 [0/32]: loss = 0.025892388075590134, lr = 0.000125
2025-09-19 13:19:22 INFO     Epoch 1282 [0/32]: loss = 0.025892388075590134, lr = 0.000125
2025-09-19 13:19:22 INFO     Epoch 1282 [0/32]: loss = 0.025892388075590134, lr = 0.000125
2025-09-19 13:19:22 INFO     Epoch 1282 [0/32]: loss = 0.025892388075590134, lr = 0.000125
2025-09-19 13:19:34 INFO     Epoch 1282 [10/32]: loss = 0.03493858128786087, lr = 0.000125
2025-09-19 13:19:34 INFO     Epoch 1282 [10/32]: loss = 0.03493858128786087, lr = 0.000125
2025-09-19 13:19:34 INFO     Epoch 1282 [10/32]: loss = 0.03493858128786087, lr = 0.000125
2025-09-19 13:19:34 INFO     Epoch 1282 [10/32]: loss = 0.03493858128786087, lr = 0.000125
2025-09-19 13:19:45 INFO     Epoch 1282 [20/32]: loss = 0.025498606264591217, lr = 0.000125
2025-09-19 13:19:45 INFO     Epoch 1282 [20/32]: loss = 0.025498606264591217, lr = 0.000125
2025-09-19 13:19:45 INFO     Epoch 1282 [20/32]: loss = 0.025498606264591217, lr = 0.000125
2025-09-19 13:19:45 INFO     Epoch 1282 [20/32]: loss = 0.025498606264591217, lr = 0.000125
2025-09-19 13:19:57 INFO     Epoch 1282 [30/32]: loss = 0.05552692711353302, lr = 0.000125
2025-09-19 13:19:57 INFO     Epoch 1282 [30/32]: loss = 0.05552692711353302, lr = 0.000125
2025-09-19 13:19:57 INFO     Epoch 1282 [30/32]: loss = 0.05552692711353302, lr = 0.000125
2025-09-19 13:19:57 INFO     Epoch 1282 [30/32]: loss = 0.05552692711353302, lr = 0.000125
2025-09-19 13:20:00 INFO     Epoch 1283 [0/32]: loss = 0.0189565010368824, lr = 0.000125
2025-09-19 13:20:00 INFO     Epoch 1283 [0/32]: loss = 0.0189565010368824, lr = 0.000125
2025-09-19 13:20:00 INFO     Epoch 1283 [0/32]: loss = 0.0189565010368824, lr = 0.000125
2025-09-19 13:20:00 INFO     Epoch 1283 [0/32]: loss = 0.0189565010368824, lr = 0.000125
2025-09-19 13:20:12 INFO     Epoch 1283 [10/32]: loss = 0.034239061176776886, lr = 0.000125
2025-09-19 13:20:12 INFO     Epoch 1283 [10/32]: loss = 0.034239061176776886, lr = 0.000125
2025-09-19 13:20:12 INFO     Epoch 1283 [10/32]: loss = 0.034239061176776886, lr = 0.000125
2025-09-19 13:20:12 INFO     Epoch 1283 [10/32]: loss = 0.034239061176776886, lr = 0.000125
2025-09-19 13:20:24 INFO     Epoch 1283 [20/32]: loss = 0.04580805450677872, lr = 0.000125
2025-09-19 13:20:24 INFO     Epoch 1283 [20/32]: loss = 0.04580805450677872, lr = 0.000125
2025-09-19 13:20:24 INFO     Epoch 1283 [20/32]: loss = 0.04580805450677872, lr = 0.000125
2025-09-19 13:20:24 INFO     Epoch 1283 [20/32]: loss = 0.04580805450677872, lr = 0.000125
2025-09-19 13:20:36 INFO     Epoch 1283 [30/32]: loss = 0.03588474914431572, lr = 0.000125
2025-09-19 13:20:36 INFO     Epoch 1283 [30/32]: loss = 0.03588474914431572, lr = 0.000125
2025-09-19 13:20:36 INFO     Epoch 1283 [30/32]: loss = 0.03588474914431572, lr = 0.000125
2025-09-19 13:20:36 INFO     Epoch 1283 [30/32]: loss = 0.03588474914431572, lr = 0.000125
2025-09-19 13:20:39 INFO     Epoch 1284 [0/32]: loss = 0.04063522070646286, lr = 0.000125
2025-09-19 13:20:39 INFO     Epoch 1284 [0/32]: loss = 0.04063522070646286, lr = 0.000125
2025-09-19 13:20:39 INFO     Epoch 1284 [0/32]: loss = 0.04063522070646286, lr = 0.000125
2025-09-19 13:20:39 INFO     Epoch 1284 [0/32]: loss = 0.04063522070646286, lr = 0.000125
2025-09-19 13:20:50 INFO     Epoch 1284 [10/32]: loss = 0.03220616281032562, lr = 0.000125
2025-09-19 13:20:50 INFO     Epoch 1284 [10/32]: loss = 0.03220616281032562, lr = 0.000125
2025-09-19 13:20:50 INFO     Epoch 1284 [10/32]: loss = 0.03220616281032562, lr = 0.000125
2025-09-19 13:20:50 INFO     Epoch 1284 [10/32]: loss = 0.03220616281032562, lr = 0.000125
2025-09-19 13:21:02 INFO     Epoch 1284 [20/32]: loss = 0.030737027525901794, lr = 0.000125
2025-09-19 13:21:02 INFO     Epoch 1284 [20/32]: loss = 0.030737027525901794, lr = 0.000125
2025-09-19 13:21:02 INFO     Epoch 1284 [20/32]: loss = 0.030737027525901794, lr = 0.000125
2025-09-19 13:21:02 INFO     Epoch 1284 [20/32]: loss = 0.030737027525901794, lr = 0.000125
2025-09-19 13:21:14 INFO     Epoch 1284 [30/32]: loss = 0.02580193430185318, lr = 0.000125
2025-09-19 13:21:14 INFO     Epoch 1284 [30/32]: loss = 0.02580193430185318, lr = 0.000125
2025-09-19 13:21:14 INFO     Epoch 1284 [30/32]: loss = 0.02580193430185318, lr = 0.000125
2025-09-19 13:21:14 INFO     Epoch 1284 [30/32]: loss = 0.02580193430185318, lr = 0.000125
2025-09-19 13:21:17 INFO     Epoch 1285 [0/32]: loss = 0.03624693304300308, lr = 0.000125
2025-09-19 13:21:17 INFO     Epoch 1285 [0/32]: loss = 0.03624693304300308, lr = 0.000125
2025-09-19 13:21:17 INFO     Epoch 1285 [0/32]: loss = 0.03624693304300308, lr = 0.000125
2025-09-19 13:21:17 INFO     Epoch 1285 [0/32]: loss = 0.03624693304300308, lr = 0.000125
2025-09-19 13:21:29 INFO     Epoch 1285 [10/32]: loss = 0.062336515635252, lr = 0.000125
2025-09-19 13:21:29 INFO     Epoch 1285 [10/32]: loss = 0.062336515635252, lr = 0.000125
2025-09-19 13:21:29 INFO     Epoch 1285 [10/32]: loss = 0.062336515635252, lr = 0.000125
2025-09-19 13:21:29 INFO     Epoch 1285 [10/32]: loss = 0.062336515635252, lr = 0.000125
2025-09-19 13:21:41 INFO     Epoch 1285 [20/32]: loss = 0.047067902982234955, lr = 0.000125
2025-09-19 13:21:41 INFO     Epoch 1285 [20/32]: loss = 0.047067902982234955, lr = 0.000125
2025-09-19 13:21:41 INFO     Epoch 1285 [20/32]: loss = 0.047067902982234955, lr = 0.000125
2025-09-19 13:21:41 INFO     Epoch 1285 [20/32]: loss = 0.047067902982234955, lr = 0.000125
2025-09-19 13:21:53 INFO     Epoch 1285 [30/32]: loss = 0.016238953918218613, lr = 0.000125
2025-09-19 13:21:53 INFO     Epoch 1285 [30/32]: loss = 0.016238953918218613, lr = 0.000125
2025-09-19 13:21:53 INFO     Epoch 1285 [30/32]: loss = 0.016238953918218613, lr = 0.000125
2025-09-19 13:21:53 INFO     Epoch 1285 [30/32]: loss = 0.016238953918218613, lr = 0.000125
2025-09-19 13:21:56 INFO     Epoch 1286 [0/32]: loss = 0.02509802207350731, lr = 0.000125
2025-09-19 13:21:56 INFO     Epoch 1286 [0/32]: loss = 0.02509802207350731, lr = 0.000125
2025-09-19 13:21:56 INFO     Epoch 1286 [0/32]: loss = 0.02509802207350731, lr = 0.000125
2025-09-19 13:21:56 INFO     Epoch 1286 [0/32]: loss = 0.02509802207350731, lr = 0.000125
2025-09-19 13:22:08 INFO     Epoch 1286 [10/32]: loss = 0.03346199169754982, lr = 0.000125
2025-09-19 13:22:08 INFO     Epoch 1286 [10/32]: loss = 0.03346199169754982, lr = 0.000125
2025-09-19 13:22:08 INFO     Epoch 1286 [10/32]: loss = 0.03346199169754982, lr = 0.000125
2025-09-19 13:22:08 INFO     Epoch 1286 [10/32]: loss = 0.03346199169754982, lr = 0.000125
2025-09-19 13:22:20 INFO     Epoch 1286 [20/32]: loss = 0.02253776416182518, lr = 0.000125
2025-09-19 13:22:20 INFO     Epoch 1286 [20/32]: loss = 0.02253776416182518, lr = 0.000125
2025-09-19 13:22:20 INFO     Epoch 1286 [20/32]: loss = 0.02253776416182518, lr = 0.000125
2025-09-19 13:22:20 INFO     Epoch 1286 [20/32]: loss = 0.02253776416182518, lr = 0.000125
2025-09-19 13:22:32 INFO     Epoch 1286 [30/32]: loss = 0.03543231636285782, lr = 0.000125
2025-09-19 13:22:32 INFO     Epoch 1286 [30/32]: loss = 0.03543231636285782, lr = 0.000125
2025-09-19 13:22:32 INFO     Epoch 1286 [30/32]: loss = 0.03543231636285782, lr = 0.000125
2025-09-19 13:22:32 INFO     Epoch 1286 [30/32]: loss = 0.03543231636285782, lr = 0.000125
2025-09-19 13:22:35 INFO     Epoch 1287 [0/32]: loss = 0.031263429671525955, lr = 0.000125
2025-09-19 13:22:35 INFO     Epoch 1287 [0/32]: loss = 0.031263429671525955, lr = 0.000125
2025-09-19 13:22:35 INFO     Epoch 1287 [0/32]: loss = 0.031263429671525955, lr = 0.000125
2025-09-19 13:22:35 INFO     Epoch 1287 [0/32]: loss = 0.031263429671525955, lr = 0.000125
2025-09-19 13:22:46 INFO     Epoch 1287 [10/32]: loss = 0.04082810878753662, lr = 0.000125
2025-09-19 13:22:46 INFO     Epoch 1287 [10/32]: loss = 0.04082810878753662, lr = 0.000125
2025-09-19 13:22:46 INFO     Epoch 1287 [10/32]: loss = 0.04082810878753662, lr = 0.000125
2025-09-19 13:22:46 INFO     Epoch 1287 [10/32]: loss = 0.04082810878753662, lr = 0.000125
2025-09-19 13:22:58 INFO     Epoch 1287 [20/32]: loss = 0.040946632623672485, lr = 0.000125
2025-09-19 13:22:58 INFO     Epoch 1287 [20/32]: loss = 0.040946632623672485, lr = 0.000125
2025-09-19 13:22:58 INFO     Epoch 1287 [20/32]: loss = 0.040946632623672485, lr = 0.000125
2025-09-19 13:22:58 INFO     Epoch 1287 [20/32]: loss = 0.040946632623672485, lr = 0.000125
2025-09-19 13:23:10 INFO     Epoch 1287 [30/32]: loss = 0.045873478055000305, lr = 0.000125
2025-09-19 13:23:10 INFO     Epoch 1287 [30/32]: loss = 0.045873478055000305, lr = 0.000125
2025-09-19 13:23:10 INFO     Epoch 1287 [30/32]: loss = 0.045873478055000305, lr = 0.000125
2025-09-19 13:23:10 INFO     Epoch 1287 [30/32]: loss = 0.045873478055000305, lr = 0.000125
2025-09-19 13:23:13 INFO     Epoch 1288 [0/32]: loss = 0.030185341835021973, lr = 0.000125
2025-09-19 13:23:13 INFO     Epoch 1288 [0/32]: loss = 0.030185341835021973, lr = 0.000125
2025-09-19 13:23:13 INFO     Epoch 1288 [0/32]: loss = 0.030185341835021973, lr = 0.000125
2025-09-19 13:23:13 INFO     Epoch 1288 [0/32]: loss = 0.030185341835021973, lr = 0.000125
2025-09-19 13:23:25 INFO     Epoch 1288 [10/32]: loss = 0.019837921485304832, lr = 0.000125
2025-09-19 13:23:25 INFO     Epoch 1288 [10/32]: loss = 0.019837921485304832, lr = 0.000125
2025-09-19 13:23:25 INFO     Epoch 1288 [10/32]: loss = 0.019837921485304832, lr = 0.000125
2025-09-19 13:23:25 INFO     Epoch 1288 [10/32]: loss = 0.019837921485304832, lr = 0.000125
2025-09-19 13:23:36 INFO     Epoch 1288 [20/32]: loss = 0.03258466720581055, lr = 0.000125
2025-09-19 13:23:36 INFO     Epoch 1288 [20/32]: loss = 0.03258466720581055, lr = 0.000125
2025-09-19 13:23:36 INFO     Epoch 1288 [20/32]: loss = 0.03258466720581055, lr = 0.000125
2025-09-19 13:23:36 INFO     Epoch 1288 [20/32]: loss = 0.03258466720581055, lr = 0.000125
2025-09-19 13:23:48 INFO     Epoch 1288 [30/32]: loss = 0.049171458929777145, lr = 0.000125
2025-09-19 13:23:48 INFO     Epoch 1288 [30/32]: loss = 0.049171458929777145, lr = 0.000125
2025-09-19 13:23:48 INFO     Epoch 1288 [30/32]: loss = 0.049171458929777145, lr = 0.000125
2025-09-19 13:23:48 INFO     Epoch 1288 [30/32]: loss = 0.049171458929777145, lr = 0.000125
2025-09-19 13:23:51 INFO     Epoch 1289 [0/32]: loss = 0.021495137363672256, lr = 0.000125
2025-09-19 13:23:51 INFO     Epoch 1289 [0/32]: loss = 0.021495137363672256, lr = 0.000125
2025-09-19 13:23:51 INFO     Epoch 1289 [0/32]: loss = 0.021495137363672256, lr = 0.000125
2025-09-19 13:23:51 INFO     Epoch 1289 [0/32]: loss = 0.021495137363672256, lr = 0.000125
2025-09-19 13:24:03 INFO     Epoch 1289 [10/32]: loss = 0.026051463559269905, lr = 0.000125
2025-09-19 13:24:03 INFO     Epoch 1289 [10/32]: loss = 0.026051463559269905, lr = 0.000125
2025-09-19 13:24:03 INFO     Epoch 1289 [10/32]: loss = 0.026051463559269905, lr = 0.000125
2025-09-19 13:24:03 INFO     Epoch 1289 [10/32]: loss = 0.026051463559269905, lr = 0.000125
2025-09-19 13:24:15 INFO     Epoch 1289 [20/32]: loss = 0.04024350643157959, lr = 0.000125
2025-09-19 13:24:15 INFO     Epoch 1289 [20/32]: loss = 0.04024350643157959, lr = 0.000125
2025-09-19 13:24:15 INFO     Epoch 1289 [20/32]: loss = 0.04024350643157959, lr = 0.000125
2025-09-19 13:24:15 INFO     Epoch 1289 [20/32]: loss = 0.04024350643157959, lr = 0.000125
2025-09-19 13:24:27 INFO     Epoch 1289 [30/32]: loss = 0.03174504637718201, lr = 0.000125
2025-09-19 13:24:27 INFO     Epoch 1289 [30/32]: loss = 0.03174504637718201, lr = 0.000125
2025-09-19 13:24:27 INFO     Epoch 1289 [30/32]: loss = 0.03174504637718201, lr = 0.000125
2025-09-19 13:24:27 INFO     Epoch 1289 [30/32]: loss = 0.03174504637718201, lr = 0.000125
2025-09-19 13:24:30 INFO     Epoch 1290 [0/32]: loss = 0.027189292013645172, lr = 0.000125
2025-09-19 13:24:30 INFO     Epoch 1290 [0/32]: loss = 0.027189292013645172, lr = 0.000125
2025-09-19 13:24:30 INFO     Epoch 1290 [0/32]: loss = 0.027189292013645172, lr = 0.000125
2025-09-19 13:24:30 INFO     Epoch 1290 [0/32]: loss = 0.027189292013645172, lr = 0.000125
2025-09-19 13:24:42 INFO     Epoch 1290 [10/32]: loss = 0.02286844328045845, lr = 0.000125
2025-09-19 13:24:42 INFO     Epoch 1290 [10/32]: loss = 0.02286844328045845, lr = 0.000125
2025-09-19 13:24:42 INFO     Epoch 1290 [10/32]: loss = 0.02286844328045845, lr = 0.000125
2025-09-19 13:24:42 INFO     Epoch 1290 [10/32]: loss = 0.02286844328045845, lr = 0.000125
2025-09-19 13:24:54 INFO     Epoch 1290 [20/32]: loss = 0.03512205928564072, lr = 0.000125
2025-09-19 13:24:54 INFO     Epoch 1290 [20/32]: loss = 0.03512205928564072, lr = 0.000125
2025-09-19 13:24:54 INFO     Epoch 1290 [20/32]: loss = 0.03512205928564072, lr = 0.000125
2025-09-19 13:24:54 INFO     Epoch 1290 [20/32]: loss = 0.03512205928564072, lr = 0.000125
2025-09-19 13:25:06 INFO     Epoch 1290 [30/32]: loss = 0.028876375406980515, lr = 0.000125
2025-09-19 13:25:06 INFO     Epoch 1290 [30/32]: loss = 0.028876375406980515, lr = 0.000125
2025-09-19 13:25:06 INFO     Epoch 1290 [30/32]: loss = 0.028876375406980515, lr = 0.000125
2025-09-19 13:25:06 INFO     Epoch 1290 [30/32]: loss = 0.028876375406980515, lr = 0.000125
2025-09-19 13:25:09 INFO     Epoch 1291 [0/32]: loss = 0.020465493202209473, lr = 0.000125
2025-09-19 13:25:09 INFO     Epoch 1291 [0/32]: loss = 0.020465493202209473, lr = 0.000125
2025-09-19 13:25:09 INFO     Epoch 1291 [0/32]: loss = 0.020465493202209473, lr = 0.000125
2025-09-19 13:25:09 INFO     Epoch 1291 [0/32]: loss = 0.020465493202209473, lr = 0.000125
2025-09-19 13:25:21 INFO     Epoch 1291 [10/32]: loss = 0.0466049462556839, lr = 0.000125
2025-09-19 13:25:21 INFO     Epoch 1291 [10/32]: loss = 0.0466049462556839, lr = 0.000125
2025-09-19 13:25:21 INFO     Epoch 1291 [10/32]: loss = 0.0466049462556839, lr = 0.000125
2025-09-19 13:25:21 INFO     Epoch 1291 [10/32]: loss = 0.0466049462556839, lr = 0.000125
2025-09-19 13:25:33 INFO     Epoch 1291 [20/32]: loss = 0.02465875633060932, lr = 0.000125
2025-09-19 13:25:33 INFO     Epoch 1291 [20/32]: loss = 0.02465875633060932, lr = 0.000125
2025-09-19 13:25:33 INFO     Epoch 1291 [20/32]: loss = 0.02465875633060932, lr = 0.000125
2025-09-19 13:25:33 INFO     Epoch 1291 [20/32]: loss = 0.02465875633060932, lr = 0.000125
2025-09-19 13:25:45 INFO     Epoch 1291 [30/32]: loss = 0.023676328361034393, lr = 0.000125
2025-09-19 13:25:45 INFO     Epoch 1291 [30/32]: loss = 0.023676328361034393, lr = 0.000125
2025-09-19 13:25:45 INFO     Epoch 1291 [30/32]: loss = 0.023676328361034393, lr = 0.000125
2025-09-19 13:25:45 INFO     Epoch 1291 [30/32]: loss = 0.023676328361034393, lr = 0.000125
2025-09-19 13:25:48 INFO     Epoch 1292 [0/32]: loss = 0.019483445212244987, lr = 0.000125
2025-09-19 13:25:48 INFO     Epoch 1292 [0/32]: loss = 0.019483445212244987, lr = 0.000125
2025-09-19 13:25:48 INFO     Epoch 1292 [0/32]: loss = 0.019483445212244987, lr = 0.000125
2025-09-19 13:25:48 INFO     Epoch 1292 [0/32]: loss = 0.019483445212244987, lr = 0.000125
2025-09-19 13:26:00 INFO     Epoch 1292 [10/32]: loss = 0.03780007362365723, lr = 0.000125
2025-09-19 13:26:00 INFO     Epoch 1292 [10/32]: loss = 0.03780007362365723, lr = 0.000125
2025-09-19 13:26:00 INFO     Epoch 1292 [10/32]: loss = 0.03780007362365723, lr = 0.000125
2025-09-19 13:26:00 INFO     Epoch 1292 [10/32]: loss = 0.03780007362365723, lr = 0.000125
2025-09-19 13:26:12 INFO     Epoch 1292 [20/32]: loss = 0.03625951707363129, lr = 0.000125
2025-09-19 13:26:12 INFO     Epoch 1292 [20/32]: loss = 0.03625951707363129, lr = 0.000125
2025-09-19 13:26:12 INFO     Epoch 1292 [20/32]: loss = 0.03625951707363129, lr = 0.000125
2025-09-19 13:26:12 INFO     Epoch 1292 [20/32]: loss = 0.03625951707363129, lr = 0.000125
2025-09-19 13:26:24 INFO     Epoch 1292 [30/32]: loss = 0.039630815386772156, lr = 0.000125
2025-09-19 13:26:24 INFO     Epoch 1292 [30/32]: loss = 0.039630815386772156, lr = 0.000125
2025-09-19 13:26:24 INFO     Epoch 1292 [30/32]: loss = 0.039630815386772156, lr = 0.000125
2025-09-19 13:26:24 INFO     Epoch 1292 [30/32]: loss = 0.039630815386772156, lr = 0.000125
2025-09-19 13:26:27 INFO     Epoch 1293 [0/32]: loss = 0.021120216697454453, lr = 0.000125
2025-09-19 13:26:27 INFO     Epoch 1293 [0/32]: loss = 0.021120216697454453, lr = 0.000125
2025-09-19 13:26:27 INFO     Epoch 1293 [0/32]: loss = 0.021120216697454453, lr = 0.000125
2025-09-19 13:26:27 INFO     Epoch 1293 [0/32]: loss = 0.021120216697454453, lr = 0.000125
2025-09-19 13:26:39 INFO     Epoch 1293 [10/32]: loss = 0.039985764771699905, lr = 0.000125
2025-09-19 13:26:39 INFO     Epoch 1293 [10/32]: loss = 0.039985764771699905, lr = 0.000125
2025-09-19 13:26:39 INFO     Epoch 1293 [10/32]: loss = 0.039985764771699905, lr = 0.000125
2025-09-19 13:26:39 INFO     Epoch 1293 [10/32]: loss = 0.039985764771699905, lr = 0.000125
2025-09-19 13:26:51 INFO     Epoch 1293 [20/32]: loss = 0.04092196375131607, lr = 0.000125
2025-09-19 13:26:51 INFO     Epoch 1293 [20/32]: loss = 0.04092196375131607, lr = 0.000125
2025-09-19 13:26:51 INFO     Epoch 1293 [20/32]: loss = 0.04092196375131607, lr = 0.000125
2025-09-19 13:26:51 INFO     Epoch 1293 [20/32]: loss = 0.04092196375131607, lr = 0.000125
2025-09-19 13:27:03 INFO     Epoch 1293 [30/32]: loss = 0.026020806282758713, lr = 0.000125
2025-09-19 13:27:03 INFO     Epoch 1293 [30/32]: loss = 0.026020806282758713, lr = 0.000125
2025-09-19 13:27:03 INFO     Epoch 1293 [30/32]: loss = 0.026020806282758713, lr = 0.000125
2025-09-19 13:27:03 INFO     Epoch 1293 [30/32]: loss = 0.026020806282758713, lr = 0.000125
2025-09-19 13:27:06 INFO     Epoch 1294 [0/32]: loss = 0.0386270135641098, lr = 0.000125
2025-09-19 13:27:06 INFO     Epoch 1294 [0/32]: loss = 0.0386270135641098, lr = 0.000125
2025-09-19 13:27:06 INFO     Epoch 1294 [0/32]: loss = 0.0386270135641098, lr = 0.000125
2025-09-19 13:27:06 INFO     Epoch 1294 [0/32]: loss = 0.0386270135641098, lr = 0.000125
2025-09-19 13:27:17 INFO     Epoch 1294 [10/32]: loss = 0.02158704400062561, lr = 0.000125
2025-09-19 13:27:17 INFO     Epoch 1294 [10/32]: loss = 0.02158704400062561, lr = 0.000125
2025-09-19 13:27:17 INFO     Epoch 1294 [10/32]: loss = 0.02158704400062561, lr = 0.000125
2025-09-19 13:27:17 INFO     Epoch 1294 [10/32]: loss = 0.02158704400062561, lr = 0.000125
2025-09-19 13:27:29 INFO     Epoch 1294 [20/32]: loss = 0.019938137382268906, lr = 0.000125
2025-09-19 13:27:29 INFO     Epoch 1294 [20/32]: loss = 0.019938137382268906, lr = 0.000125
2025-09-19 13:27:29 INFO     Epoch 1294 [20/32]: loss = 0.019938137382268906, lr = 0.000125
2025-09-19 13:27:29 INFO     Epoch 1294 [20/32]: loss = 0.019938137382268906, lr = 0.000125
2025-09-19 13:27:41 INFO     Epoch 1294 [30/32]: loss = 0.0326777845621109, lr = 0.000125
2025-09-19 13:27:41 INFO     Epoch 1294 [30/32]: loss = 0.0326777845621109, lr = 0.000125
2025-09-19 13:27:41 INFO     Epoch 1294 [30/32]: loss = 0.0326777845621109, lr = 0.000125
2025-09-19 13:27:41 INFO     Epoch 1294 [30/32]: loss = 0.0326777845621109, lr = 0.000125
2025-09-19 13:27:44 INFO     Epoch 1295 [0/32]: loss = 0.0294930599629879, lr = 0.000125
2025-09-19 13:27:44 INFO     Epoch 1295 [0/32]: loss = 0.0294930599629879, lr = 0.000125
2025-09-19 13:27:44 INFO     Epoch 1295 [0/32]: loss = 0.0294930599629879, lr = 0.000125
2025-09-19 13:27:44 INFO     Epoch 1295 [0/32]: loss = 0.0294930599629879, lr = 0.000125
2025-09-19 13:27:56 INFO     Epoch 1295 [10/32]: loss = 0.047976259142160416, lr = 0.000125
2025-09-19 13:27:56 INFO     Epoch 1295 [10/32]: loss = 0.047976259142160416, lr = 0.000125
2025-09-19 13:27:56 INFO     Epoch 1295 [10/32]: loss = 0.047976259142160416, lr = 0.000125
2025-09-19 13:27:56 INFO     Epoch 1295 [10/32]: loss = 0.047976259142160416, lr = 0.000125
2025-09-19 13:28:07 INFO     Epoch 1295 [20/32]: loss = 0.028047621250152588, lr = 0.000125
2025-09-19 13:28:07 INFO     Epoch 1295 [20/32]: loss = 0.028047621250152588, lr = 0.000125
2025-09-19 13:28:07 INFO     Epoch 1295 [20/32]: loss = 0.028047621250152588, lr = 0.000125
2025-09-19 13:28:07 INFO     Epoch 1295 [20/32]: loss = 0.028047621250152588, lr = 0.000125
2025-09-19 13:28:19 INFO     Epoch 1295 [30/32]: loss = 0.03063242882490158, lr = 0.000125
2025-09-19 13:28:19 INFO     Epoch 1295 [30/32]: loss = 0.03063242882490158, lr = 0.000125
2025-09-19 13:28:19 INFO     Epoch 1295 [30/32]: loss = 0.03063242882490158, lr = 0.000125
2025-09-19 13:28:19 INFO     Epoch 1295 [30/32]: loss = 0.03063242882490158, lr = 0.000125
2025-09-19 13:28:22 INFO     Epoch 1296 [0/32]: loss = 0.03907540440559387, lr = 0.000125
2025-09-19 13:28:22 INFO     Epoch 1296 [0/32]: loss = 0.03907540440559387, lr = 0.000125
2025-09-19 13:28:22 INFO     Epoch 1296 [0/32]: loss = 0.03907540440559387, lr = 0.000125
2025-09-19 13:28:22 INFO     Epoch 1296 [0/32]: loss = 0.03907540440559387, lr = 0.000125
2025-09-19 13:28:34 INFO     Epoch 1296 [10/32]: loss = 0.036668673157691956, lr = 0.000125
2025-09-19 13:28:34 INFO     Epoch 1296 [10/32]: loss = 0.036668673157691956, lr = 0.000125
2025-09-19 13:28:34 INFO     Epoch 1296 [10/32]: loss = 0.036668673157691956, lr = 0.000125
2025-09-19 13:28:34 INFO     Epoch 1296 [10/32]: loss = 0.036668673157691956, lr = 0.000125
2025-09-19 13:28:46 INFO     Epoch 1296 [20/32]: loss = 0.03516361862421036, lr = 0.000125
2025-09-19 13:28:46 INFO     Epoch 1296 [20/32]: loss = 0.03516361862421036, lr = 0.000125
2025-09-19 13:28:46 INFO     Epoch 1296 [20/32]: loss = 0.03516361862421036, lr = 0.000125
2025-09-19 13:28:46 INFO     Epoch 1296 [20/32]: loss = 0.03516361862421036, lr = 0.000125
2025-09-19 13:28:58 INFO     Epoch 1296 [30/32]: loss = 0.04901846498250961, lr = 0.000125
2025-09-19 13:28:58 INFO     Epoch 1296 [30/32]: loss = 0.04901846498250961, lr = 0.000125
2025-09-19 13:28:58 INFO     Epoch 1296 [30/32]: loss = 0.04901846498250961, lr = 0.000125
2025-09-19 13:28:58 INFO     Epoch 1296 [30/32]: loss = 0.04901846498250961, lr = 0.000125
2025-09-19 13:29:01 INFO     Epoch 1297 [0/32]: loss = 0.033853158354759216, lr = 0.000125
2025-09-19 13:29:01 INFO     Epoch 1297 [0/32]: loss = 0.033853158354759216, lr = 0.000125
2025-09-19 13:29:01 INFO     Epoch 1297 [0/32]: loss = 0.033853158354759216, lr = 0.000125
2025-09-19 13:29:01 INFO     Epoch 1297 [0/32]: loss = 0.033853158354759216, lr = 0.000125
2025-09-19 13:29:13 INFO     Epoch 1297 [10/32]: loss = 0.03320365026593208, lr = 0.000125
2025-09-19 13:29:13 INFO     Epoch 1297 [10/32]: loss = 0.03320365026593208, lr = 0.000125
2025-09-19 13:29:13 INFO     Epoch 1297 [10/32]: loss = 0.03320365026593208, lr = 0.000125
2025-09-19 13:29:13 INFO     Epoch 1297 [10/32]: loss = 0.03320365026593208, lr = 0.000125
2025-09-19 13:29:25 INFO     Epoch 1297 [20/32]: loss = 0.02049105614423752, lr = 0.000125
2025-09-19 13:29:25 INFO     Epoch 1297 [20/32]: loss = 0.02049105614423752, lr = 0.000125
2025-09-19 13:29:25 INFO     Epoch 1297 [20/32]: loss = 0.02049105614423752, lr = 0.000125
2025-09-19 13:29:25 INFO     Epoch 1297 [20/32]: loss = 0.02049105614423752, lr = 0.000125
2025-09-19 13:29:37 INFO     Epoch 1297 [30/32]: loss = 0.026318587362766266, lr = 0.000125
2025-09-19 13:29:37 INFO     Epoch 1297 [30/32]: loss = 0.026318587362766266, lr = 0.000125
2025-09-19 13:29:37 INFO     Epoch 1297 [30/32]: loss = 0.026318587362766266, lr = 0.000125
2025-09-19 13:29:37 INFO     Epoch 1297 [30/32]: loss = 0.026318587362766266, lr = 0.000125
2025-09-19 13:29:40 INFO     Epoch 1298 [0/32]: loss = 0.03399484604597092, lr = 0.000125
2025-09-19 13:29:40 INFO     Epoch 1298 [0/32]: loss = 0.03399484604597092, lr = 0.000125
2025-09-19 13:29:40 INFO     Epoch 1298 [0/32]: loss = 0.03399484604597092, lr = 0.000125
2025-09-19 13:29:40 INFO     Epoch 1298 [0/32]: loss = 0.03399484604597092, lr = 0.000125
2025-09-19 13:29:52 INFO     Epoch 1298 [10/32]: loss = 0.04083693027496338, lr = 0.000125
2025-09-19 13:29:52 INFO     Epoch 1298 [10/32]: loss = 0.04083693027496338, lr = 0.000125
2025-09-19 13:29:52 INFO     Epoch 1298 [10/32]: loss = 0.04083693027496338, lr = 0.000125
2025-09-19 13:29:52 INFO     Epoch 1298 [10/32]: loss = 0.04083693027496338, lr = 0.000125
2025-09-19 13:30:04 INFO     Epoch 1298 [20/32]: loss = 0.031942371279001236, lr = 0.000125
2025-09-19 13:30:04 INFO     Epoch 1298 [20/32]: loss = 0.031942371279001236, lr = 0.000125
2025-09-19 13:30:04 INFO     Epoch 1298 [20/32]: loss = 0.031942371279001236, lr = 0.000125
2025-09-19 13:30:04 INFO     Epoch 1298 [20/32]: loss = 0.031942371279001236, lr = 0.000125
2025-09-19 13:30:15 INFO     Epoch 1298 [30/32]: loss = 0.020702317357063293, lr = 0.000125
2025-09-19 13:30:15 INFO     Epoch 1298 [30/32]: loss = 0.020702317357063293, lr = 0.000125
2025-09-19 13:30:15 INFO     Epoch 1298 [30/32]: loss = 0.020702317357063293, lr = 0.000125
2025-09-19 13:30:15 INFO     Epoch 1298 [30/32]: loss = 0.020702317357063293, lr = 0.000125
2025-09-19 13:30:19 INFO     Epoch 1299 [0/32]: loss = 0.02635328657925129, lr = 0.000125
2025-09-19 13:30:19 INFO     Epoch 1299 [0/32]: loss = 0.02635328657925129, lr = 0.000125
2025-09-19 13:30:19 INFO     Epoch 1299 [0/32]: loss = 0.02635328657925129, lr = 0.000125
2025-09-19 13:30:19 INFO     Epoch 1299 [0/32]: loss = 0.02635328657925129, lr = 0.000125
2025-09-19 13:30:31 INFO     Epoch 1299 [10/32]: loss = 0.05381434038281441, lr = 0.000125
2025-09-19 13:30:31 INFO     Epoch 1299 [10/32]: loss = 0.05381434038281441, lr = 0.000125
2025-09-19 13:30:31 INFO     Epoch 1299 [10/32]: loss = 0.05381434038281441, lr = 0.000125
2025-09-19 13:30:31 INFO     Epoch 1299 [10/32]: loss = 0.05381434038281441, lr = 0.000125
2025-09-19 13:30:42 INFO     Epoch 1299 [20/32]: loss = 0.03381041809916496, lr = 0.000125
2025-09-19 13:30:42 INFO     Epoch 1299 [20/32]: loss = 0.03381041809916496, lr = 0.000125
2025-09-19 13:30:42 INFO     Epoch 1299 [20/32]: loss = 0.03381041809916496, lr = 0.000125
2025-09-19 13:30:42 INFO     Epoch 1299 [20/32]: loss = 0.03381041809916496, lr = 0.000125
2025-09-19 13:30:54 INFO     Epoch 1299 [30/32]: loss = 0.026067227125167847, lr = 0.000125
2025-09-19 13:30:54 INFO     Epoch 1299 [30/32]: loss = 0.026067227125167847, lr = 0.000125
2025-09-19 13:30:54 INFO     Epoch 1299 [30/32]: loss = 0.026067227125167847, lr = 0.000125
2025-09-19 13:30:54 INFO     Epoch 1299 [30/32]: loss = 0.026067227125167847, lr = 0.000125
2025-09-19 13:38:06 INFO     384 samples generated in 1024 evaluations.
2025-09-19 13:38:12 INFO     384 samples generated in 1024 evaluations.
2025-09-19 13:38:14 INFO     384 samples generated in 1024 evaluations.
2025-09-19 13:38:16 INFO     384 samples generated in 1024 evaluations.
2025-09-19 13:38:19 INFO     Evaluating [0/32] samples generated [250/250] running fid 200.61427307128906
2025-09-19 13:38:19 INFO     Evaluating [0/32] samples generated [250/250] running fid 200.61427307128906
2025-09-19 13:38:19 INFO     Evaluating [0/32] samples generated [250/250] running fid 200.61427307128906
2025-09-19 13:38:19 INFO     Evaluating [0/32] samples generated [250/250] running fid 200.61427307128906
2025-09-19 13:38:28 INFO     Epoch 1300 [0/32]: loss = 0.0330708809196949, lr = 0.000125
2025-09-19 13:38:28 INFO     Epoch 1300 [0/32]: loss = 0.0330708809196949, lr = 0.000125
2025-09-19 13:38:28 INFO     Epoch 1300 [0/32]: loss = 0.0330708809196949, lr = 0.000125
2025-09-19 13:38:28 INFO     Epoch 1300 [0/32]: loss = 0.0330708809196949, lr = 0.000125
2025-09-19 13:38:40 INFO     Epoch 1300 [10/32]: loss = 0.027801653370261192, lr = 0.000125
2025-09-19 13:38:40 INFO     Epoch 1300 [10/32]: loss = 0.027801653370261192, lr = 0.000125
2025-09-19 13:38:40 INFO     Epoch 1300 [10/32]: loss = 0.027801653370261192, lr = 0.000125
2025-09-19 13:38:40 INFO     Epoch 1300 [10/32]: loss = 0.027801653370261192, lr = 0.000125
2025-09-19 13:38:52 INFO     Epoch 1300 [20/32]: loss = 0.01067948155105114, lr = 0.000125
2025-09-19 13:38:52 INFO     Epoch 1300 [20/32]: loss = 0.01067948155105114, lr = 0.000125
2025-09-19 13:38:52 INFO     Epoch 1300 [20/32]: loss = 0.01067948155105114, lr = 0.000125
2025-09-19 13:38:52 INFO     Epoch 1300 [20/32]: loss = 0.01067948155105114, lr = 0.000125
2025-09-19 13:39:04 INFO     Epoch 1300 [30/32]: loss = 0.015575557015836239, lr = 0.000125
2025-09-19 13:39:04 INFO     Epoch 1300 [30/32]: loss = 0.015575557015836239, lr = 0.000125
2025-09-19 13:39:04 INFO     Epoch 1300 [30/32]: loss = 0.015575557015836239, lr = 0.000125
2025-09-19 13:39:04 INFO     Epoch 1300 [30/32]: loss = 0.015575557015836239, lr = 0.000125
2025-09-19 13:39:07 INFO     Epoch 1301 [0/32]: loss = 0.03537905216217041, lr = 0.000125
2025-09-19 13:39:07 INFO     Epoch 1301 [0/32]: loss = 0.03537905216217041, lr = 0.000125
2025-09-19 13:39:07 INFO     Epoch 1301 [0/32]: loss = 0.03537905216217041, lr = 0.000125
2025-09-19 13:39:07 INFO     Epoch 1301 [0/32]: loss = 0.03537905216217041, lr = 0.000125
2025-09-19 13:39:19 INFO     Epoch 1301 [10/32]: loss = 0.03109065070748329, lr = 0.000125
2025-09-19 13:39:19 INFO     Epoch 1301 [10/32]: loss = 0.03109065070748329, lr = 0.000125
2025-09-19 13:39:19 INFO     Epoch 1301 [10/32]: loss = 0.03109065070748329, lr = 0.000125
2025-09-19 13:39:19 INFO     Epoch 1301 [10/32]: loss = 0.03109065070748329, lr = 0.000125
2025-09-19 13:39:31 INFO     Epoch 1301 [20/32]: loss = 0.04165239259600639, lr = 0.000125
2025-09-19 13:39:31 INFO     Epoch 1301 [20/32]: loss = 0.04165239259600639, lr = 0.000125
2025-09-19 13:39:31 INFO     Epoch 1301 [20/32]: loss = 0.04165239259600639, lr = 0.000125
2025-09-19 13:39:31 INFO     Epoch 1301 [20/32]: loss = 0.04165239259600639, lr = 0.000125
2025-09-19 13:39:42 INFO     Epoch 1301 [30/32]: loss = 0.0258338563144207, lr = 0.000125
2025-09-19 13:39:42 INFO     Epoch 1301 [30/32]: loss = 0.0258338563144207, lr = 0.000125
2025-09-19 13:39:42 INFO     Epoch 1301 [30/32]: loss = 0.0258338563144207, lr = 0.000125
2025-09-19 13:39:42 INFO     Epoch 1301 [30/32]: loss = 0.0258338563144207, lr = 0.000125
2025-09-19 13:39:45 INFO     Epoch 1302 [0/32]: loss = 0.027184240520000458, lr = 0.000125
2025-09-19 13:39:45 INFO     Epoch 1302 [0/32]: loss = 0.027184240520000458, lr = 0.000125
2025-09-19 13:39:45 INFO     Epoch 1302 [0/32]: loss = 0.027184240520000458, lr = 0.000125
2025-09-19 13:39:45 INFO     Epoch 1302 [0/32]: loss = 0.027184240520000458, lr = 0.000125
2025-09-19 13:39:57 INFO     Epoch 1302 [10/32]: loss = 0.03605153411626816, lr = 0.000125
2025-09-19 13:39:57 INFO     Epoch 1302 [10/32]: loss = 0.03605153411626816, lr = 0.000125
2025-09-19 13:39:57 INFO     Epoch 1302 [10/32]: loss = 0.03605153411626816, lr = 0.000125
2025-09-19 13:39:57 INFO     Epoch 1302 [10/32]: loss = 0.03605153411626816, lr = 0.000125
2025-09-19 13:40:09 INFO     Epoch 1302 [20/32]: loss = 0.028246302157640457, lr = 0.000125
2025-09-19 13:40:09 INFO     Epoch 1302 [20/32]: loss = 0.028246302157640457, lr = 0.000125
2025-09-19 13:40:09 INFO     Epoch 1302 [20/32]: loss = 0.028246302157640457, lr = 0.000125
2025-09-19 13:40:09 INFO     Epoch 1302 [20/32]: loss = 0.028246302157640457, lr = 0.000125
2025-09-19 13:40:21 INFO     Epoch 1302 [30/32]: loss = 0.030189622193574905, lr = 0.000125
2025-09-19 13:40:21 INFO     Epoch 1302 [30/32]: loss = 0.030189622193574905, lr = 0.000125
2025-09-19 13:40:21 INFO     Epoch 1302 [30/32]: loss = 0.030189622193574905, lr = 0.000125
2025-09-19 13:40:21 INFO     Epoch 1302 [30/32]: loss = 0.030189622193574905, lr = 0.000125
2025-09-19 13:40:24 INFO     Epoch 1303 [0/32]: loss = 0.03297644108533859, lr = 0.000125
2025-09-19 13:40:24 INFO     Epoch 1303 [0/32]: loss = 0.03297644108533859, lr = 0.000125
2025-09-19 13:40:24 INFO     Epoch 1303 [0/32]: loss = 0.03297644108533859, lr = 0.000125
2025-09-19 13:40:24 INFO     Epoch 1303 [0/32]: loss = 0.03297644108533859, lr = 0.000125
2025-09-19 13:40:36 INFO     Epoch 1303 [10/32]: loss = 0.026340972632169724, lr = 0.000125
2025-09-19 13:40:36 INFO     Epoch 1303 [10/32]: loss = 0.026340972632169724, lr = 0.000125
2025-09-19 13:40:36 INFO     Epoch 1303 [10/32]: loss = 0.026340972632169724, lr = 0.000125
2025-09-19 13:40:36 INFO     Epoch 1303 [10/32]: loss = 0.026340972632169724, lr = 0.000125
2025-09-19 13:40:48 INFO     Epoch 1303 [20/32]: loss = 0.026320740580558777, lr = 0.000125
2025-09-19 13:40:48 INFO     Epoch 1303 [20/32]: loss = 0.026320740580558777, lr = 0.000125
2025-09-19 13:40:48 INFO     Epoch 1303 [20/32]: loss = 0.026320740580558777, lr = 0.000125
2025-09-19 13:40:48 INFO     Epoch 1303 [20/32]: loss = 0.026320740580558777, lr = 0.000125
2025-09-19 13:41:00 INFO     Epoch 1303 [30/32]: loss = 0.01300798449665308, lr = 0.000125
2025-09-19 13:41:00 INFO     Epoch 1303 [30/32]: loss = 0.01300798449665308, lr = 0.000125
2025-09-19 13:41:00 INFO     Epoch 1303 [30/32]: loss = 0.01300798449665308, lr = 0.000125
2025-09-19 13:41:00 INFO     Epoch 1303 [30/32]: loss = 0.01300798449665308, lr = 0.000125
2025-09-19 13:41:03 INFO     Epoch 1304 [0/32]: loss = 0.041917260736227036, lr = 0.000125
2025-09-19 13:41:03 INFO     Epoch 1304 [0/32]: loss = 0.041917260736227036, lr = 0.000125
2025-09-19 13:41:03 INFO     Epoch 1304 [0/32]: loss = 0.041917260736227036, lr = 0.000125
2025-09-19 13:41:03 INFO     Epoch 1304 [0/32]: loss = 0.041917260736227036, lr = 0.000125
2025-09-19 13:41:15 INFO     Epoch 1304 [10/32]: loss = 0.02906404435634613, lr = 0.000125
2025-09-19 13:41:15 INFO     Epoch 1304 [10/32]: loss = 0.02906404435634613, lr = 0.000125
2025-09-19 13:41:15 INFO     Epoch 1304 [10/32]: loss = 0.02906404435634613, lr = 0.000125
2025-09-19 13:41:15 INFO     Epoch 1304 [10/32]: loss = 0.02906404435634613, lr = 0.000125
2025-09-19 13:41:27 INFO     Epoch 1304 [20/32]: loss = 0.03831959143280983, lr = 0.000125
2025-09-19 13:41:27 INFO     Epoch 1304 [20/32]: loss = 0.03831959143280983, lr = 0.000125
2025-09-19 13:41:27 INFO     Epoch 1304 [20/32]: loss = 0.03831959143280983, lr = 0.000125
2025-09-19 13:41:27 INFO     Epoch 1304 [20/32]: loss = 0.03831959143280983, lr = 0.000125
2025-09-19 13:41:39 INFO     Epoch 1304 [30/32]: loss = 0.029523136094212532, lr = 0.000125
2025-09-19 13:41:39 INFO     Epoch 1304 [30/32]: loss = 0.029523136094212532, lr = 0.000125
2025-09-19 13:41:39 INFO     Epoch 1304 [30/32]: loss = 0.029523136094212532, lr = 0.000125
2025-09-19 13:41:39 INFO     Epoch 1304 [30/32]: loss = 0.029523136094212532, lr = 0.000125
2025-09-19 13:41:42 INFO     Epoch 1305 [0/32]: loss = 0.03588087484240532, lr = 0.000125
2025-09-19 13:41:42 INFO     Epoch 1305 [0/32]: loss = 0.03588087484240532, lr = 0.000125
2025-09-19 13:41:42 INFO     Epoch 1305 [0/32]: loss = 0.03588087484240532, lr = 0.000125
2025-09-19 13:41:42 INFO     Epoch 1305 [0/32]: loss = 0.03588087484240532, lr = 0.000125
2025-09-19 13:41:54 INFO     Epoch 1305 [10/32]: loss = 0.02123393677175045, lr = 0.000125
2025-09-19 13:41:54 INFO     Epoch 1305 [10/32]: loss = 0.02123393677175045, lr = 0.000125
2025-09-19 13:41:54 INFO     Epoch 1305 [10/32]: loss = 0.02123393677175045, lr = 0.000125
2025-09-19 13:41:54 INFO     Epoch 1305 [10/32]: loss = 0.02123393677175045, lr = 0.000125
2025-09-19 13:42:06 INFO     Epoch 1305 [20/32]: loss = 0.0506935752928257, lr = 0.000125
2025-09-19 13:42:06 INFO     Epoch 1305 [20/32]: loss = 0.0506935752928257, lr = 0.000125
2025-09-19 13:42:06 INFO     Epoch 1305 [20/32]: loss = 0.0506935752928257, lr = 0.000125
2025-09-19 13:42:06 INFO     Epoch 1305 [20/32]: loss = 0.0506935752928257, lr = 0.000125
2025-09-19 13:42:17 INFO     Epoch 1305 [30/32]: loss = 0.02910408191382885, lr = 0.000125
2025-09-19 13:42:17 INFO     Epoch 1305 [30/32]: loss = 0.02910408191382885, lr = 0.000125
2025-09-19 13:42:17 INFO     Epoch 1305 [30/32]: loss = 0.02910408191382885, lr = 0.000125
2025-09-19 13:42:17 INFO     Epoch 1305 [30/32]: loss = 0.02910408191382885, lr = 0.000125
2025-09-19 13:42:20 INFO     Epoch 1306 [0/32]: loss = 0.0327608659863472, lr = 0.000125
2025-09-19 13:42:20 INFO     Epoch 1306 [0/32]: loss = 0.0327608659863472, lr = 0.000125
2025-09-19 13:42:20 INFO     Epoch 1306 [0/32]: loss = 0.0327608659863472, lr = 0.000125
2025-09-19 13:42:20 INFO     Epoch 1306 [0/32]: loss = 0.0327608659863472, lr = 0.000125
2025-09-19 13:42:32 INFO     Epoch 1306 [10/32]: loss = 0.039753735065460205, lr = 0.000125
2025-09-19 13:42:32 INFO     Epoch 1306 [10/32]: loss = 0.039753735065460205, lr = 0.000125
2025-09-19 13:42:32 INFO     Epoch 1306 [10/32]: loss = 0.039753735065460205, lr = 0.000125
2025-09-19 13:42:32 INFO     Epoch 1306 [10/32]: loss = 0.039753735065460205, lr = 0.000125
2025-09-19 13:42:44 INFO     Epoch 1306 [20/32]: loss = 0.03307568281888962, lr = 0.000125
2025-09-19 13:42:44 INFO     Epoch 1306 [20/32]: loss = 0.03307568281888962, lr = 0.000125
2025-09-19 13:42:44 INFO     Epoch 1306 [20/32]: loss = 0.03307568281888962, lr = 0.000125
2025-09-19 13:42:44 INFO     Epoch 1306 [20/32]: loss = 0.03307568281888962, lr = 0.000125
2025-09-19 13:42:56 INFO     Epoch 1306 [30/32]: loss = 0.03229637071490288, lr = 0.000125
2025-09-19 13:42:56 INFO     Epoch 1306 [30/32]: loss = 0.03229637071490288, lr = 0.000125
2025-09-19 13:42:56 INFO     Epoch 1306 [30/32]: loss = 0.03229637071490288, lr = 0.000125
2025-09-19 13:42:56 INFO     Epoch 1306 [30/32]: loss = 0.03229637071490288, lr = 0.000125
2025-09-19 13:42:59 INFO     Epoch 1307 [0/32]: loss = 0.02846566215157509, lr = 0.000125
2025-09-19 13:42:59 INFO     Epoch 1307 [0/32]: loss = 0.02846566215157509, lr = 0.000125
2025-09-19 13:42:59 INFO     Epoch 1307 [0/32]: loss = 0.02846566215157509, lr = 0.000125
2025-09-19 13:42:59 INFO     Epoch 1307 [0/32]: loss = 0.02846566215157509, lr = 0.000125
2025-09-19 13:43:11 INFO     Epoch 1307 [10/32]: loss = 0.028531255200505257, lr = 0.000125
2025-09-19 13:43:11 INFO     Epoch 1307 [10/32]: loss = 0.028531255200505257, lr = 0.000125
2025-09-19 13:43:11 INFO     Epoch 1307 [10/32]: loss = 0.028531255200505257, lr = 0.000125
2025-09-19 13:43:11 INFO     Epoch 1307 [10/32]: loss = 0.028531255200505257, lr = 0.000125
2025-09-19 13:43:23 INFO     Epoch 1307 [20/32]: loss = 0.031078478321433067, lr = 0.000125
2025-09-19 13:43:23 INFO     Epoch 1307 [20/32]: loss = 0.031078478321433067, lr = 0.000125
2025-09-19 13:43:23 INFO     Epoch 1307 [20/32]: loss = 0.031078478321433067, lr = 0.000125
2025-09-19 13:43:23 INFO     Epoch 1307 [20/32]: loss = 0.031078478321433067, lr = 0.000125
2025-09-19 13:43:34 INFO     Epoch 1307 [30/32]: loss = 0.027314843609929085, lr = 0.000125
2025-09-19 13:43:34 INFO     Epoch 1307 [30/32]: loss = 0.027314843609929085, lr = 0.000125
2025-09-19 13:43:34 INFO     Epoch 1307 [30/32]: loss = 0.027314843609929085, lr = 0.000125
2025-09-19 13:43:34 INFO     Epoch 1307 [30/32]: loss = 0.027314843609929085, lr = 0.000125
2025-09-19 13:43:37 INFO     Epoch 1308 [0/32]: loss = 0.01188645139336586, lr = 0.000125
2025-09-19 13:43:37 INFO     Epoch 1308 [0/32]: loss = 0.01188645139336586, lr = 0.000125
2025-09-19 13:43:37 INFO     Epoch 1308 [0/32]: loss = 0.01188645139336586, lr = 0.000125
2025-09-19 13:43:37 INFO     Epoch 1308 [0/32]: loss = 0.01188645139336586, lr = 0.000125
2025-09-19 13:43:49 INFO     Epoch 1308 [10/32]: loss = 0.026689603924751282, lr = 0.000125
2025-09-19 13:43:49 INFO     Epoch 1308 [10/32]: loss = 0.026689603924751282, lr = 0.000125
2025-09-19 13:43:49 INFO     Epoch 1308 [10/32]: loss = 0.026689603924751282, lr = 0.000125
2025-09-19 13:43:49 INFO     Epoch 1308 [10/32]: loss = 0.026689603924751282, lr = 0.000125
2025-09-19 13:44:01 INFO     Epoch 1308 [20/32]: loss = 0.030284244567155838, lr = 0.000125
2025-09-19 13:44:01 INFO     Epoch 1308 [20/32]: loss = 0.030284244567155838, lr = 0.000125
2025-09-19 13:44:01 INFO     Epoch 1308 [20/32]: loss = 0.030284244567155838, lr = 0.000125
2025-09-19 13:44:01 INFO     Epoch 1308 [20/32]: loss = 0.030284244567155838, lr = 0.000125
2025-09-19 13:44:13 INFO     Epoch 1308 [30/32]: loss = 0.041396744549274445, lr = 0.000125
2025-09-19 13:44:13 INFO     Epoch 1308 [30/32]: loss = 0.041396744549274445, lr = 0.000125
2025-09-19 13:44:13 INFO     Epoch 1308 [30/32]: loss = 0.041396744549274445, lr = 0.000125
2025-09-19 13:44:13 INFO     Epoch 1308 [30/32]: loss = 0.041396744549274445, lr = 0.000125
2025-09-19 13:44:16 INFO     Epoch 1309 [0/32]: loss = 0.01801813207566738, lr = 0.000125
2025-09-19 13:44:16 INFO     Epoch 1309 [0/32]: loss = 0.01801813207566738, lr = 0.000125
2025-09-19 13:44:16 INFO     Epoch 1309 [0/32]: loss = 0.01801813207566738, lr = 0.000125
2025-09-19 13:44:16 INFO     Epoch 1309 [0/32]: loss = 0.01801813207566738, lr = 0.000125
2025-09-19 13:44:28 INFO     Epoch 1309 [10/32]: loss = 0.03516337275505066, lr = 0.000125
2025-09-19 13:44:28 INFO     Epoch 1309 [10/32]: loss = 0.03516337275505066, lr = 0.000125
2025-09-19 13:44:28 INFO     Epoch 1309 [10/32]: loss = 0.03516337275505066, lr = 0.000125
2025-09-19 13:44:28 INFO     Epoch 1309 [10/32]: loss = 0.03516337275505066, lr = 0.000125
2025-09-19 13:44:40 INFO     Epoch 1309 [20/32]: loss = 0.03239588066935539, lr = 0.000125
2025-09-19 13:44:40 INFO     Epoch 1309 [20/32]: loss = 0.03239588066935539, lr = 0.000125
2025-09-19 13:44:40 INFO     Epoch 1309 [20/32]: loss = 0.03239588066935539, lr = 0.000125
2025-09-19 13:44:40 INFO     Epoch 1309 [20/32]: loss = 0.03239588066935539, lr = 0.000125
2025-09-19 13:44:52 INFO     Epoch 1309 [30/32]: loss = 0.029813887551426888, lr = 0.000125
2025-09-19 13:44:52 INFO     Epoch 1309 [30/32]: loss = 0.029813887551426888, lr = 0.000125
2025-09-19 13:44:52 INFO     Epoch 1309 [30/32]: loss = 0.029813887551426888, lr = 0.000125
2025-09-19 13:44:52 INFO     Epoch 1309 [30/32]: loss = 0.029813887551426888, lr = 0.000125
2025-09-19 13:44:55 INFO     Epoch 1310 [0/32]: loss = 0.01689477637410164, lr = 0.000125
2025-09-19 13:44:55 INFO     Epoch 1310 [0/32]: loss = 0.01689477637410164, lr = 0.000125
2025-09-19 13:44:55 INFO     Epoch 1310 [0/32]: loss = 0.01689477637410164, lr = 0.000125
2025-09-19 13:44:55 INFO     Epoch 1310 [0/32]: loss = 0.01689477637410164, lr = 0.000125
2025-09-19 13:45:07 INFO     Epoch 1310 [10/32]: loss = 0.032730624079704285, lr = 0.000125
2025-09-19 13:45:07 INFO     Epoch 1310 [10/32]: loss = 0.032730624079704285, lr = 0.000125
2025-09-19 13:45:07 INFO     Epoch 1310 [10/32]: loss = 0.032730624079704285, lr = 0.000125
2025-09-19 13:45:07 INFO     Epoch 1310 [10/32]: loss = 0.032730624079704285, lr = 0.000125
2025-09-19 13:45:19 INFO     Epoch 1310 [20/32]: loss = 0.027166111394762993, lr = 0.000125
2025-09-19 13:45:19 INFO     Epoch 1310 [20/32]: loss = 0.027166111394762993, lr = 0.000125
2025-09-19 13:45:19 INFO     Epoch 1310 [20/32]: loss = 0.027166111394762993, lr = 0.000125
2025-09-19 13:45:19 INFO     Epoch 1310 [20/32]: loss = 0.027166111394762993, lr = 0.000125
2025-09-19 13:45:31 INFO     Epoch 1310 [30/32]: loss = 0.03267596662044525, lr = 0.000125
2025-09-19 13:45:31 INFO     Epoch 1310 [30/32]: loss = 0.03267596662044525, lr = 0.000125
2025-09-19 13:45:31 INFO     Epoch 1310 [30/32]: loss = 0.03267596662044525, lr = 0.000125
2025-09-19 13:45:31 INFO     Epoch 1310 [30/32]: loss = 0.03267596662044525, lr = 0.000125
2025-09-19 13:45:34 INFO     Epoch 1311 [0/32]: loss = 0.031174030154943466, lr = 0.000125
2025-09-19 13:45:34 INFO     Epoch 1311 [0/32]: loss = 0.031174030154943466, lr = 0.000125
2025-09-19 13:45:34 INFO     Epoch 1311 [0/32]: loss = 0.031174030154943466, lr = 0.000125
2025-09-19 13:45:34 INFO     Epoch 1311 [0/32]: loss = 0.031174030154943466, lr = 0.000125
2025-09-19 13:45:46 INFO     Epoch 1311 [10/32]: loss = 0.037841737270355225, lr = 0.000125
2025-09-19 13:45:46 INFO     Epoch 1311 [10/32]: loss = 0.037841737270355225, lr = 0.000125
2025-09-19 13:45:46 INFO     Epoch 1311 [10/32]: loss = 0.037841737270355225, lr = 0.000125
2025-09-19 13:45:46 INFO     Epoch 1311 [10/32]: loss = 0.037841737270355225, lr = 0.000125
2025-09-19 13:45:58 INFO     Epoch 1311 [20/32]: loss = 0.027467813342809677, lr = 0.000125
2025-09-19 13:45:58 INFO     Epoch 1311 [20/32]: loss = 0.027467813342809677, lr = 0.000125
2025-09-19 13:45:58 INFO     Epoch 1311 [20/32]: loss = 0.027467813342809677, lr = 0.000125
2025-09-19 13:45:58 INFO     Epoch 1311 [20/32]: loss = 0.027467813342809677, lr = 0.000125
2025-09-19 13:46:10 INFO     Epoch 1311 [30/32]: loss = 0.023918725550174713, lr = 0.000125
2025-09-19 13:46:10 INFO     Epoch 1311 [30/32]: loss = 0.023918725550174713, lr = 0.000125
2025-09-19 13:46:10 INFO     Epoch 1311 [30/32]: loss = 0.023918725550174713, lr = 0.000125
2025-09-19 13:46:10 INFO     Epoch 1311 [30/32]: loss = 0.023918725550174713, lr = 0.000125
2025-09-19 13:46:13 INFO     Epoch 1312 [0/32]: loss = 0.02410212531685829, lr = 0.000125
2025-09-19 13:46:13 INFO     Epoch 1312 [0/32]: loss = 0.02410212531685829, lr = 0.000125
2025-09-19 13:46:13 INFO     Epoch 1312 [0/32]: loss = 0.02410212531685829, lr = 0.000125
2025-09-19 13:46:13 INFO     Epoch 1312 [0/32]: loss = 0.02410212531685829, lr = 0.000125
2025-09-19 13:46:25 INFO     Epoch 1312 [10/32]: loss = 0.03194553405046463, lr = 0.000125
2025-09-19 13:46:25 INFO     Epoch 1312 [10/32]: loss = 0.03194553405046463, lr = 0.000125
2025-09-19 13:46:25 INFO     Epoch 1312 [10/32]: loss = 0.03194553405046463, lr = 0.000125
2025-09-19 13:46:25 INFO     Epoch 1312 [10/32]: loss = 0.03194553405046463, lr = 0.000125
2025-09-19 13:46:37 INFO     Epoch 1312 [20/32]: loss = 0.04453983157873154, lr = 0.000125
2025-09-19 13:46:37 INFO     Epoch 1312 [20/32]: loss = 0.04453983157873154, lr = 0.000125
2025-09-19 13:46:37 INFO     Epoch 1312 [20/32]: loss = 0.04453983157873154, lr = 0.000125
2025-09-19 13:46:37 INFO     Epoch 1312 [20/32]: loss = 0.04453983157873154, lr = 0.000125
2025-09-19 13:46:48 INFO     Epoch 1312 [30/32]: loss = 0.02539443038403988, lr = 0.000125
2025-09-19 13:46:48 INFO     Epoch 1312 [30/32]: loss = 0.02539443038403988, lr = 0.000125
2025-09-19 13:46:48 INFO     Epoch 1312 [30/32]: loss = 0.02539443038403988, lr = 0.000125
2025-09-19 13:46:48 INFO     Epoch 1312 [30/32]: loss = 0.02539443038403988, lr = 0.000125
2025-09-19 13:46:52 INFO     Epoch 1313 [0/32]: loss = 0.03162417560815811, lr = 0.000125
2025-09-19 13:46:52 INFO     Epoch 1313 [0/32]: loss = 0.03162417560815811, lr = 0.000125
2025-09-19 13:46:52 INFO     Epoch 1313 [0/32]: loss = 0.03162417560815811, lr = 0.000125
2025-09-19 13:46:52 INFO     Epoch 1313 [0/32]: loss = 0.03162417560815811, lr = 0.000125
2025-09-19 13:47:03 INFO     Epoch 1313 [10/32]: loss = 0.049623340368270874, lr = 0.000125
2025-09-19 13:47:03 INFO     Epoch 1313 [10/32]: loss = 0.049623340368270874, lr = 0.000125
2025-09-19 13:47:03 INFO     Epoch 1313 [10/32]: loss = 0.049623340368270874, lr = 0.000125
2025-09-19 13:47:03 INFO     Epoch 1313 [10/32]: loss = 0.049623340368270874, lr = 0.000125
2025-09-19 13:47:15 INFO     Epoch 1313 [20/32]: loss = 0.052517808973789215, lr = 0.000125
2025-09-19 13:47:15 INFO     Epoch 1313 [20/32]: loss = 0.052517808973789215, lr = 0.000125
2025-09-19 13:47:15 INFO     Epoch 1313 [20/32]: loss = 0.052517808973789215, lr = 0.000125
2025-09-19 13:47:15 INFO     Epoch 1313 [20/32]: loss = 0.052517808973789215, lr = 0.000125
2025-09-19 13:47:27 INFO     Epoch 1313 [30/32]: loss = 0.02431723102927208, lr = 0.000125
2025-09-19 13:47:27 INFO     Epoch 1313 [30/32]: loss = 0.02431723102927208, lr = 0.000125
2025-09-19 13:47:27 INFO     Epoch 1313 [30/32]: loss = 0.02431723102927208, lr = 0.000125
2025-09-19 13:47:27 INFO     Epoch 1313 [30/32]: loss = 0.02431723102927208, lr = 0.000125
2025-09-19 13:47:30 INFO     Epoch 1314 [0/32]: loss = 0.04437589272856712, lr = 0.000125
2025-09-19 13:47:30 INFO     Epoch 1314 [0/32]: loss = 0.04437589272856712, lr = 0.000125
2025-09-19 13:47:30 INFO     Epoch 1314 [0/32]: loss = 0.04437589272856712, lr = 0.000125
2025-09-19 13:47:30 INFO     Epoch 1314 [0/32]: loss = 0.04437589272856712, lr = 0.000125
2025-09-19 13:47:42 INFO     Epoch 1314 [10/32]: loss = 0.02481064200401306, lr = 0.000125
2025-09-19 13:47:42 INFO     Epoch 1314 [10/32]: loss = 0.02481064200401306, lr = 0.000125
2025-09-19 13:47:42 INFO     Epoch 1314 [10/32]: loss = 0.02481064200401306, lr = 0.000125
2025-09-19 13:47:42 INFO     Epoch 1314 [10/32]: loss = 0.02481064200401306, lr = 0.000125
2025-09-19 13:47:54 INFO     Epoch 1314 [20/32]: loss = 0.022152435034513474, lr = 0.000125
2025-09-19 13:47:54 INFO     Epoch 1314 [20/32]: loss = 0.022152435034513474, lr = 0.000125
2025-09-19 13:47:54 INFO     Epoch 1314 [20/32]: loss = 0.022152435034513474, lr = 0.000125
2025-09-19 13:47:54 INFO     Epoch 1314 [20/32]: loss = 0.022152435034513474, lr = 0.000125
2025-09-19 13:48:06 INFO     Epoch 1314 [30/32]: loss = 0.03745688870549202, lr = 0.000125
2025-09-19 13:48:06 INFO     Epoch 1314 [30/32]: loss = 0.03745688870549202, lr = 0.000125
2025-09-19 13:48:06 INFO     Epoch 1314 [30/32]: loss = 0.03745688870549202, lr = 0.000125
2025-09-19 13:48:06 INFO     Epoch 1314 [30/32]: loss = 0.03745688870549202, lr = 0.000125
2025-09-19 13:48:09 INFO     Epoch 1315 [0/32]: loss = 0.03492147475481033, lr = 0.000125
2025-09-19 13:48:09 INFO     Epoch 1315 [0/32]: loss = 0.03492147475481033, lr = 0.000125
2025-09-19 13:48:09 INFO     Epoch 1315 [0/32]: loss = 0.03492147475481033, lr = 0.000125
2025-09-19 13:48:09 INFO     Epoch 1315 [0/32]: loss = 0.03492147475481033, lr = 0.000125
2025-09-19 13:48:21 INFO     Epoch 1315 [10/32]: loss = 0.05625060200691223, lr = 0.000125
2025-09-19 13:48:21 INFO     Epoch 1315 [10/32]: loss = 0.05625060200691223, lr = 0.000125
2025-09-19 13:48:21 INFO     Epoch 1315 [10/32]: loss = 0.05625060200691223, lr = 0.000125
2025-09-19 13:48:21 INFO     Epoch 1315 [10/32]: loss = 0.05625060200691223, lr = 0.000125
2025-09-19 13:48:32 INFO     Epoch 1315 [20/32]: loss = 0.035345353186130524, lr = 0.000125
2025-09-19 13:48:32 INFO     Epoch 1315 [20/32]: loss = 0.035345353186130524, lr = 0.000125
2025-09-19 13:48:32 INFO     Epoch 1315 [20/32]: loss = 0.035345353186130524, lr = 0.000125
2025-09-19 13:48:32 INFO     Epoch 1315 [20/32]: loss = 0.035345353186130524, lr = 0.000125
2025-09-19 13:48:44 INFO     Epoch 1315 [30/32]: loss = 0.021556910127401352, lr = 0.000125
2025-09-19 13:48:44 INFO     Epoch 1315 [30/32]: loss = 0.021556910127401352, lr = 0.000125
2025-09-19 13:48:44 INFO     Epoch 1315 [30/32]: loss = 0.021556910127401352, lr = 0.000125
2025-09-19 13:48:44 INFO     Epoch 1315 [30/32]: loss = 0.021556910127401352, lr = 0.000125
2025-09-19 13:48:47 INFO     Epoch 1316 [0/32]: loss = 0.04691940173506737, lr = 0.000125
2025-09-19 13:48:47 INFO     Epoch 1316 [0/32]: loss = 0.04691940173506737, lr = 0.000125
2025-09-19 13:48:47 INFO     Epoch 1316 [0/32]: loss = 0.04691940173506737, lr = 0.000125
2025-09-19 13:48:47 INFO     Epoch 1316 [0/32]: loss = 0.04691940173506737, lr = 0.000125
2025-09-19 13:48:59 INFO     Epoch 1316 [10/32]: loss = 0.03933386504650116, lr = 0.000125
2025-09-19 13:48:59 INFO     Epoch 1316 [10/32]: loss = 0.03933386504650116, lr = 0.000125
2025-09-19 13:48:59 INFO     Epoch 1316 [10/32]: loss = 0.03933386504650116, lr = 0.000125
2025-09-19 13:48:59 INFO     Epoch 1316 [10/32]: loss = 0.03933386504650116, lr = 0.000125
2025-09-19 13:49:11 INFO     Epoch 1316 [20/32]: loss = 0.02882402390241623, lr = 0.000125
2025-09-19 13:49:11 INFO     Epoch 1316 [20/32]: loss = 0.02882402390241623, lr = 0.000125
2025-09-19 13:49:11 INFO     Epoch 1316 [20/32]: loss = 0.02882402390241623, lr = 0.000125
2025-09-19 13:49:11 INFO     Epoch 1316 [20/32]: loss = 0.02882402390241623, lr = 0.000125
2025-09-19 13:49:23 INFO     Epoch 1316 [30/32]: loss = 0.05143432319164276, lr = 0.000125
2025-09-19 13:49:23 INFO     Epoch 1316 [30/32]: loss = 0.05143432319164276, lr = 0.000125
2025-09-19 13:49:23 INFO     Epoch 1316 [30/32]: loss = 0.05143432319164276, lr = 0.000125
2025-09-19 13:49:23 INFO     Epoch 1316 [30/32]: loss = 0.05143432319164276, lr = 0.000125
2025-09-19 13:49:26 INFO     Epoch 1317 [0/32]: loss = 0.01921721175312996, lr = 0.000125
2025-09-19 13:49:26 INFO     Epoch 1317 [0/32]: loss = 0.01921721175312996, lr = 0.000125
2025-09-19 13:49:26 INFO     Epoch 1317 [0/32]: loss = 0.01921721175312996, lr = 0.000125
2025-09-19 13:49:26 INFO     Epoch 1317 [0/32]: loss = 0.01921721175312996, lr = 0.000125
2025-09-19 13:49:38 INFO     Epoch 1317 [10/32]: loss = 0.05278656631708145, lr = 0.000125
2025-09-19 13:49:38 INFO     Epoch 1317 [10/32]: loss = 0.05278656631708145, lr = 0.000125
2025-09-19 13:49:38 INFO     Epoch 1317 [10/32]: loss = 0.05278656631708145, lr = 0.000125
2025-09-19 13:49:38 INFO     Epoch 1317 [10/32]: loss = 0.05278656631708145, lr = 0.000125
2025-09-19 13:49:50 INFO     Epoch 1317 [20/32]: loss = 0.0435451939702034, lr = 0.000125
2025-09-19 13:49:50 INFO     Epoch 1317 [20/32]: loss = 0.0435451939702034, lr = 0.000125
2025-09-19 13:49:50 INFO     Epoch 1317 [20/32]: loss = 0.0435451939702034, lr = 0.000125
2025-09-19 13:49:50 INFO     Epoch 1317 [20/32]: loss = 0.0435451939702034, lr = 0.000125
2025-09-19 13:50:02 INFO     Epoch 1317 [30/32]: loss = 0.024393705651164055, lr = 0.000125
2025-09-19 13:50:02 INFO     Epoch 1317 [30/32]: loss = 0.024393705651164055, lr = 0.000125
2025-09-19 13:50:02 INFO     Epoch 1317 [30/32]: loss = 0.024393705651164055, lr = 0.000125
2025-09-19 13:50:02 INFO     Epoch 1317 [30/32]: loss = 0.024393705651164055, lr = 0.000125
2025-09-19 13:50:05 INFO     Epoch 1318 [0/32]: loss = 0.02126268669962883, lr = 0.000125
2025-09-19 13:50:05 INFO     Epoch 1318 [0/32]: loss = 0.02126268669962883, lr = 0.000125
2025-09-19 13:50:05 INFO     Epoch 1318 [0/32]: loss = 0.02126268669962883, lr = 0.000125
2025-09-19 13:50:05 INFO     Epoch 1318 [0/32]: loss = 0.02126268669962883, lr = 0.000125
2025-09-19 13:50:17 INFO     Epoch 1318 [10/32]: loss = 0.3034908175468445, lr = 0.000125
2025-09-19 13:50:17 INFO     Epoch 1318 [10/32]: loss = 0.3034908175468445, lr = 0.000125
2025-09-19 13:50:17 INFO     Epoch 1318 [10/32]: loss = 0.3034908175468445, lr = 0.000125
2025-09-19 13:50:17 INFO     Epoch 1318 [10/32]: loss = 0.3034908175468445, lr = 0.000125
2025-09-19 13:50:28 INFO     Epoch 1318 [20/32]: loss = 0.07555796205997467, lr = 0.000125
2025-09-19 13:50:28 INFO     Epoch 1318 [20/32]: loss = 0.07555796205997467, lr = 0.000125
2025-09-19 13:50:28 INFO     Epoch 1318 [20/32]: loss = 0.07555796205997467, lr = 0.000125
2025-09-19 13:50:28 INFO     Epoch 1318 [20/32]: loss = 0.07555796205997467, lr = 0.000125
2025-09-19 13:50:40 INFO     Epoch 1318 [30/32]: loss = 0.04163883998990059, lr = 0.000125
2025-09-19 13:50:40 INFO     Epoch 1318 [30/32]: loss = 0.04163883998990059, lr = 0.000125
2025-09-19 13:50:40 INFO     Epoch 1318 [30/32]: loss = 0.04163883998990059, lr = 0.000125
2025-09-19 13:50:40 INFO     Epoch 1318 [30/32]: loss = 0.04163883998990059, lr = 0.000125
2025-09-19 13:50:43 INFO     Epoch 1319 [0/32]: loss = 0.04652639850974083, lr = 0.000125
2025-09-19 13:50:43 INFO     Epoch 1319 [0/32]: loss = 0.04652639850974083, lr = 0.000125
2025-09-19 13:50:43 INFO     Epoch 1319 [0/32]: loss = 0.04652639850974083, lr = 0.000125
2025-09-19 13:50:43 INFO     Epoch 1319 [0/32]: loss = 0.04652639850974083, lr = 0.000125
2025-09-19 13:50:55 INFO     Epoch 1319 [10/32]: loss = 0.03954261168837547, lr = 0.000125
2025-09-19 13:50:55 INFO     Epoch 1319 [10/32]: loss = 0.03954261168837547, lr = 0.000125
2025-09-19 13:50:55 INFO     Epoch 1319 [10/32]: loss = 0.03954261168837547, lr = 0.000125
2025-09-19 13:50:55 INFO     Epoch 1319 [10/32]: loss = 0.03954261168837547, lr = 0.000125
2025-09-19 13:51:07 INFO     Epoch 1319 [20/32]: loss = 0.034906189888715744, lr = 0.000125
2025-09-19 13:51:07 INFO     Epoch 1319 [20/32]: loss = 0.034906189888715744, lr = 0.000125
2025-09-19 13:51:07 INFO     Epoch 1319 [20/32]: loss = 0.034906189888715744, lr = 0.000125
2025-09-19 13:51:07 INFO     Epoch 1319 [20/32]: loss = 0.034906189888715744, lr = 0.000125
2025-09-19 13:51:19 INFO     Epoch 1319 [30/32]: loss = 0.0329885296523571, lr = 0.000125
2025-09-19 13:51:19 INFO     Epoch 1319 [30/32]: loss = 0.0329885296523571, lr = 0.000125
2025-09-19 13:51:19 INFO     Epoch 1319 [30/32]: loss = 0.0329885296523571, lr = 0.000125
2025-09-19 13:51:19 INFO     Epoch 1319 [30/32]: loss = 0.0329885296523571, lr = 0.000125
2025-09-19 13:51:22 INFO     Epoch 1320 [0/32]: loss = 0.043172698467969894, lr = 0.000125
2025-09-19 13:51:22 INFO     Epoch 1320 [0/32]: loss = 0.043172698467969894, lr = 0.000125
2025-09-19 13:51:22 INFO     Epoch 1320 [0/32]: loss = 0.043172698467969894, lr = 0.000125
2025-09-19 13:51:22 INFO     Epoch 1320 [0/32]: loss = 0.043172698467969894, lr = 0.000125
2025-09-19 13:51:34 INFO     Epoch 1320 [10/32]: loss = 0.022917689755558968, lr = 0.000125
2025-09-19 13:51:34 INFO     Epoch 1320 [10/32]: loss = 0.022917689755558968, lr = 0.000125
2025-09-19 13:51:34 INFO     Epoch 1320 [10/32]: loss = 0.022917689755558968, lr = 0.000125
2025-09-19 13:51:34 INFO     Epoch 1320 [10/32]: loss = 0.022917689755558968, lr = 0.000125
2025-09-19 13:51:46 INFO     Epoch 1320 [20/32]: loss = 0.015344163402915001, lr = 0.000125
2025-09-19 13:51:46 INFO     Epoch 1320 [20/32]: loss = 0.015344163402915001, lr = 0.000125
2025-09-19 13:51:46 INFO     Epoch 1320 [20/32]: loss = 0.015344163402915001, lr = 0.000125
2025-09-19 13:51:46 INFO     Epoch 1320 [20/32]: loss = 0.015344163402915001, lr = 0.000125
2025-09-19 13:51:57 INFO     Epoch 1320 [30/32]: loss = 0.03896306827664375, lr = 0.000125
2025-09-19 13:51:57 INFO     Epoch 1320 [30/32]: loss = 0.03896306827664375, lr = 0.000125
2025-09-19 13:51:57 INFO     Epoch 1320 [30/32]: loss = 0.03896306827664375, lr = 0.000125
2025-09-19 13:51:57 INFO     Epoch 1320 [30/32]: loss = 0.03896306827664375, lr = 0.000125
2025-09-19 13:52:01 INFO     Epoch 1321 [0/32]: loss = 0.029982922598719597, lr = 0.000125
2025-09-19 13:52:01 INFO     Epoch 1321 [0/32]: loss = 0.029982922598719597, lr = 0.000125
2025-09-19 13:52:01 INFO     Epoch 1321 [0/32]: loss = 0.029982922598719597, lr = 0.000125
2025-09-19 13:52:01 INFO     Epoch 1321 [0/32]: loss = 0.029982922598719597, lr = 0.000125
2025-09-19 13:52:13 INFO     Epoch 1321 [10/32]: loss = 0.04500337690114975, lr = 0.000125
2025-09-19 13:52:13 INFO     Epoch 1321 [10/32]: loss = 0.04500337690114975, lr = 0.000125
2025-09-19 13:52:13 INFO     Epoch 1321 [10/32]: loss = 0.04500337690114975, lr = 0.000125
2025-09-19 13:52:13 INFO     Epoch 1321 [10/32]: loss = 0.04500337690114975, lr = 0.000125
2025-09-19 13:52:24 INFO     Epoch 1321 [20/32]: loss = 0.032079827040433884, lr = 0.000125
2025-09-19 13:52:24 INFO     Epoch 1321 [20/32]: loss = 0.032079827040433884, lr = 0.000125
2025-09-19 13:52:24 INFO     Epoch 1321 [20/32]: loss = 0.032079827040433884, lr = 0.000125
2025-09-19 13:52:24 INFO     Epoch 1321 [20/32]: loss = 0.032079827040433884, lr = 0.000125
2025-09-19 13:52:36 INFO     Epoch 1321 [30/32]: loss = 0.02736625075340271, lr = 0.000125
2025-09-19 13:52:36 INFO     Epoch 1321 [30/32]: loss = 0.02736625075340271, lr = 0.000125
2025-09-19 13:52:36 INFO     Epoch 1321 [30/32]: loss = 0.02736625075340271, lr = 0.000125
2025-09-19 13:52:36 INFO     Epoch 1321 [30/32]: loss = 0.02736625075340271, lr = 0.000125
2025-09-19 13:52:39 INFO     Epoch 1322 [0/32]: loss = 0.017786838114261627, lr = 0.000125
2025-09-19 13:52:39 INFO     Epoch 1322 [0/32]: loss = 0.017786838114261627, lr = 0.000125
2025-09-19 13:52:39 INFO     Epoch 1322 [0/32]: loss = 0.017786838114261627, lr = 0.000125
2025-09-19 13:52:39 INFO     Epoch 1322 [0/32]: loss = 0.017786838114261627, lr = 0.000125
2025-09-19 13:52:51 INFO     Epoch 1322 [10/32]: loss = 0.027326468378305435, lr = 0.000125
2025-09-19 13:52:51 INFO     Epoch 1322 [10/32]: loss = 0.027326468378305435, lr = 0.000125
2025-09-19 13:52:51 INFO     Epoch 1322 [10/32]: loss = 0.027326468378305435, lr = 0.000125
2025-09-19 13:52:51 INFO     Epoch 1322 [10/32]: loss = 0.027326468378305435, lr = 0.000125
2025-09-19 13:53:03 INFO     Epoch 1322 [20/32]: loss = 0.03275128826498985, lr = 0.000125
2025-09-19 13:53:03 INFO     Epoch 1322 [20/32]: loss = 0.03275128826498985, lr = 0.000125
2025-09-19 13:53:03 INFO     Epoch 1322 [20/32]: loss = 0.03275128826498985, lr = 0.000125
2025-09-19 13:53:03 INFO     Epoch 1322 [20/32]: loss = 0.03275128826498985, lr = 0.000125
2025-09-19 13:53:15 INFO     Epoch 1322 [30/32]: loss = 0.03494050353765488, lr = 0.000125
2025-09-19 13:53:15 INFO     Epoch 1322 [30/32]: loss = 0.03494050353765488, lr = 0.000125
2025-09-19 13:53:15 INFO     Epoch 1322 [30/32]: loss = 0.03494050353765488, lr = 0.000125
2025-09-19 13:53:15 INFO     Epoch 1322 [30/32]: loss = 0.03494050353765488, lr = 0.000125
2025-09-19 13:53:18 INFO     Epoch 1323 [0/32]: loss = 0.04506455361843109, lr = 0.000125
2025-09-19 13:53:18 INFO     Epoch 1323 [0/32]: loss = 0.04506455361843109, lr = 0.000125
2025-09-19 13:53:18 INFO     Epoch 1323 [0/32]: loss = 0.04506455361843109, lr = 0.000125
2025-09-19 13:53:18 INFO     Epoch 1323 [0/32]: loss = 0.04506455361843109, lr = 0.000125
2025-09-19 13:53:30 INFO     Epoch 1323 [10/32]: loss = 0.04357942193746567, lr = 0.000125
2025-09-19 13:53:30 INFO     Epoch 1323 [10/32]: loss = 0.04357942193746567, lr = 0.000125
2025-09-19 13:53:30 INFO     Epoch 1323 [10/32]: loss = 0.04357942193746567, lr = 0.000125
2025-09-19 13:53:30 INFO     Epoch 1323 [10/32]: loss = 0.04357942193746567, lr = 0.000125
2025-09-19 13:53:41 INFO     Epoch 1323 [20/32]: loss = 0.02385624684393406, lr = 0.000125
2025-09-19 13:53:41 INFO     Epoch 1323 [20/32]: loss = 0.02385624684393406, lr = 0.000125
2025-09-19 13:53:41 INFO     Epoch 1323 [20/32]: loss = 0.02385624684393406, lr = 0.000125
2025-09-19 13:53:41 INFO     Epoch 1323 [20/32]: loss = 0.02385624684393406, lr = 0.000125
2025-09-19 13:53:53 INFO     Epoch 1323 [30/32]: loss = 0.04240725561976433, lr = 0.000125
2025-09-19 13:53:53 INFO     Epoch 1323 [30/32]: loss = 0.04240725561976433, lr = 0.000125
2025-09-19 13:53:53 INFO     Epoch 1323 [30/32]: loss = 0.04240725561976433, lr = 0.000125
2025-09-19 13:53:53 INFO     Epoch 1323 [30/32]: loss = 0.04240725561976433, lr = 0.000125
2025-09-19 13:53:56 INFO     Epoch 1324 [0/32]: loss = 0.015092793852090836, lr = 0.000125
2025-09-19 13:53:56 INFO     Epoch 1324 [0/32]: loss = 0.015092793852090836, lr = 0.000125
2025-09-19 13:53:56 INFO     Epoch 1324 [0/32]: loss = 0.015092793852090836, lr = 0.000125
2025-09-19 13:53:56 INFO     Epoch 1324 [0/32]: loss = 0.015092793852090836, lr = 0.000125
2025-09-19 13:54:08 INFO     Epoch 1324 [10/32]: loss = 0.04957597702741623, lr = 0.000125
2025-09-19 13:54:08 INFO     Epoch 1324 [10/32]: loss = 0.04957597702741623, lr = 0.000125
2025-09-19 13:54:08 INFO     Epoch 1324 [10/32]: loss = 0.04957597702741623, lr = 0.000125
2025-09-19 13:54:08 INFO     Epoch 1324 [10/32]: loss = 0.04957597702741623, lr = 0.000125
2025-09-19 13:54:20 INFO     Epoch 1324 [20/32]: loss = 0.02165422961115837, lr = 0.000125
2025-09-19 13:54:20 INFO     Epoch 1324 [20/32]: loss = 0.02165422961115837, lr = 0.000125
2025-09-19 13:54:20 INFO     Epoch 1324 [20/32]: loss = 0.02165422961115837, lr = 0.000125
2025-09-19 13:54:20 INFO     Epoch 1324 [20/32]: loss = 0.02165422961115837, lr = 0.000125
2025-09-19 13:54:32 INFO     Epoch 1324 [30/32]: loss = 0.036205146461725235, lr = 0.000125
2025-09-19 13:54:32 INFO     Epoch 1324 [30/32]: loss = 0.036205146461725235, lr = 0.000125
2025-09-19 13:54:32 INFO     Epoch 1324 [30/32]: loss = 0.036205146461725235, lr = 0.000125
2025-09-19 13:54:32 INFO     Epoch 1324 [30/32]: loss = 0.036205146461725235, lr = 0.000125
2025-09-19 13:54:35 INFO     Epoch 1325 [0/32]: loss = 0.03811861574649811, lr = 0.000125
2025-09-19 13:54:35 INFO     Epoch 1325 [0/32]: loss = 0.03811861574649811, lr = 0.000125
2025-09-19 13:54:35 INFO     Epoch 1325 [0/32]: loss = 0.03811861574649811, lr = 0.000125
2025-09-19 13:54:35 INFO     Epoch 1325 [0/32]: loss = 0.03811861574649811, lr = 0.000125
2025-09-19 13:54:47 INFO     Epoch 1325 [10/32]: loss = 0.0538749098777771, lr = 0.000125
2025-09-19 13:54:47 INFO     Epoch 1325 [10/32]: loss = 0.0538749098777771, lr = 0.000125
2025-09-19 13:54:47 INFO     Epoch 1325 [10/32]: loss = 0.0538749098777771, lr = 0.000125
2025-09-19 13:54:47 INFO     Epoch 1325 [10/32]: loss = 0.0538749098777771, lr = 0.000125
2025-09-19 13:54:59 INFO     Epoch 1325 [20/32]: loss = 0.03375454992055893, lr = 0.000125
2025-09-19 13:54:59 INFO     Epoch 1325 [20/32]: loss = 0.03375454992055893, lr = 0.000125
2025-09-19 13:54:59 INFO     Epoch 1325 [20/32]: loss = 0.03375454992055893, lr = 0.000125
2025-09-19 13:54:59 INFO     Epoch 1325 [20/32]: loss = 0.03375454992055893, lr = 0.000125
2025-09-19 13:55:11 INFO     Epoch 1325 [30/32]: loss = 0.02268271893262863, lr = 0.000125
2025-09-19 13:55:11 INFO     Epoch 1325 [30/32]: loss = 0.02268271893262863, lr = 0.000125
2025-09-19 13:55:11 INFO     Epoch 1325 [30/32]: loss = 0.02268271893262863, lr = 0.000125
2025-09-19 13:55:11 INFO     Epoch 1325 [30/32]: loss = 0.02268271893262863, lr = 0.000125
2025-09-19 13:55:14 INFO     Epoch 1326 [0/32]: loss = 0.032596126198768616, lr = 0.000125
2025-09-19 13:55:14 INFO     Epoch 1326 [0/32]: loss = 0.032596126198768616, lr = 0.000125
2025-09-19 13:55:14 INFO     Epoch 1326 [0/32]: loss = 0.032596126198768616, lr = 0.000125
2025-09-19 13:55:14 INFO     Epoch 1326 [0/32]: loss = 0.032596126198768616, lr = 0.000125
2025-09-19 13:55:26 INFO     Epoch 1326 [10/32]: loss = 0.016542352735996246, lr = 0.000125
2025-09-19 13:55:26 INFO     Epoch 1326 [10/32]: loss = 0.016542352735996246, lr = 0.000125
2025-09-19 13:55:26 INFO     Epoch 1326 [10/32]: loss = 0.016542352735996246, lr = 0.000125
2025-09-19 13:55:26 INFO     Epoch 1326 [10/32]: loss = 0.016542352735996246, lr = 0.000125
2025-09-19 13:55:38 INFO     Epoch 1326 [20/32]: loss = 0.0237797349691391, lr = 0.000125
2025-09-19 13:55:38 INFO     Epoch 1326 [20/32]: loss = 0.0237797349691391, lr = 0.000125
2025-09-19 13:55:38 INFO     Epoch 1326 [20/32]: loss = 0.0237797349691391, lr = 0.000125
2025-09-19 13:55:38 INFO     Epoch 1326 [20/32]: loss = 0.0237797349691391, lr = 0.000125
2025-09-19 13:55:50 INFO     Epoch 1326 [30/32]: loss = 0.03009091317653656, lr = 0.000125
2025-09-19 13:55:50 INFO     Epoch 1326 [30/32]: loss = 0.03009091317653656, lr = 0.000125
2025-09-19 13:55:50 INFO     Epoch 1326 [30/32]: loss = 0.03009091317653656, lr = 0.000125
2025-09-19 13:55:50 INFO     Epoch 1326 [30/32]: loss = 0.03009091317653656, lr = 0.000125
2025-09-19 13:55:53 INFO     Epoch 1327 [0/32]: loss = 0.033267855644226074, lr = 0.000125
2025-09-19 13:55:53 INFO     Epoch 1327 [0/32]: loss = 0.033267855644226074, lr = 0.000125
2025-09-19 13:55:53 INFO     Epoch 1327 [0/32]: loss = 0.033267855644226074, lr = 0.000125
2025-09-19 13:55:53 INFO     Epoch 1327 [0/32]: loss = 0.033267855644226074, lr = 0.000125
2025-09-19 13:56:05 INFO     Epoch 1327 [10/32]: loss = 0.037149664014577866, lr = 0.000125
2025-09-19 13:56:05 INFO     Epoch 1327 [10/32]: loss = 0.037149664014577866, lr = 0.000125
2025-09-19 13:56:05 INFO     Epoch 1327 [10/32]: loss = 0.037149664014577866, lr = 0.000125
2025-09-19 13:56:05 INFO     Epoch 1327 [10/32]: loss = 0.037149664014577866, lr = 0.000125
2025-09-19 13:56:16 INFO     Epoch 1327 [20/32]: loss = 0.022359266877174377, lr = 0.000125
2025-09-19 13:56:16 INFO     Epoch 1327 [20/32]: loss = 0.022359266877174377, lr = 0.000125
2025-09-19 13:56:16 INFO     Epoch 1327 [20/32]: loss = 0.022359266877174377, lr = 0.000125
2025-09-19 13:56:16 INFO     Epoch 1327 [20/32]: loss = 0.022359266877174377, lr = 0.000125
2025-09-19 13:56:28 INFO     Epoch 1327 [30/32]: loss = 0.03247736394405365, lr = 0.000125
2025-09-19 13:56:28 INFO     Epoch 1327 [30/32]: loss = 0.03247736394405365, lr = 0.000125
2025-09-19 13:56:28 INFO     Epoch 1327 [30/32]: loss = 0.03247736394405365, lr = 0.000125
2025-09-19 13:56:28 INFO     Epoch 1327 [30/32]: loss = 0.03247736394405365, lr = 0.000125
2025-09-19 13:56:31 INFO     Epoch 1328 [0/32]: loss = 0.015453718602657318, lr = 0.000125
2025-09-19 13:56:31 INFO     Epoch 1328 [0/32]: loss = 0.015453718602657318, lr = 0.000125
2025-09-19 13:56:31 INFO     Epoch 1328 [0/32]: loss = 0.015453718602657318, lr = 0.000125
2025-09-19 13:56:31 INFO     Epoch 1328 [0/32]: loss = 0.015453718602657318, lr = 0.000125
2025-09-19 13:56:43 INFO     Epoch 1328 [10/32]: loss = 0.016076307743787766, lr = 0.000125
2025-09-19 13:56:43 INFO     Epoch 1328 [10/32]: loss = 0.016076307743787766, lr = 0.000125
2025-09-19 13:56:43 INFO     Epoch 1328 [10/32]: loss = 0.016076307743787766, lr = 0.000125
2025-09-19 13:56:43 INFO     Epoch 1328 [10/32]: loss = 0.016076307743787766, lr = 0.000125
2025-09-19 13:56:55 INFO     Epoch 1328 [20/32]: loss = 0.011352580972015858, lr = 0.000125
2025-09-19 13:56:55 INFO     Epoch 1328 [20/32]: loss = 0.011352580972015858, lr = 0.000125
2025-09-19 13:56:55 INFO     Epoch 1328 [20/32]: loss = 0.011352580972015858, lr = 0.000125
2025-09-19 13:56:55 INFO     Epoch 1328 [20/32]: loss = 0.011352580972015858, lr = 0.000125
2025-09-19 13:57:07 INFO     Epoch 1328 [30/32]: loss = 0.03773948550224304, lr = 0.000125
2025-09-19 13:57:07 INFO     Epoch 1328 [30/32]: loss = 0.03773948550224304, lr = 0.000125
2025-09-19 13:57:07 INFO     Epoch 1328 [30/32]: loss = 0.03773948550224304, lr = 0.000125
2025-09-19 13:57:07 INFO     Epoch 1328 [30/32]: loss = 0.03773948550224304, lr = 0.000125
2025-09-19 13:57:10 INFO     Epoch 1329 [0/32]: loss = 0.03822560980916023, lr = 0.000125
2025-09-19 13:57:10 INFO     Epoch 1329 [0/32]: loss = 0.03822560980916023, lr = 0.000125
2025-09-19 13:57:10 INFO     Epoch 1329 [0/32]: loss = 0.03822560980916023, lr = 0.000125
2025-09-19 13:57:10 INFO     Epoch 1329 [0/32]: loss = 0.03822560980916023, lr = 0.000125
2025-09-19 13:57:22 INFO     Epoch 1329 [10/32]: loss = 0.0309964120388031, lr = 0.000125
2025-09-19 13:57:22 INFO     Epoch 1329 [10/32]: loss = 0.0309964120388031, lr = 0.000125
2025-09-19 13:57:22 INFO     Epoch 1329 [10/32]: loss = 0.0309964120388031, lr = 0.000125
2025-09-19 13:57:22 INFO     Epoch 1329 [10/32]: loss = 0.0309964120388031, lr = 0.000125
2025-09-19 13:57:34 INFO     Epoch 1329 [20/32]: loss = 0.02359364740550518, lr = 0.000125
2025-09-19 13:57:34 INFO     Epoch 1329 [20/32]: loss = 0.02359364740550518, lr = 0.000125
2025-09-19 13:57:34 INFO     Epoch 1329 [20/32]: loss = 0.02359364740550518, lr = 0.000125
2025-09-19 13:57:34 INFO     Epoch 1329 [20/32]: loss = 0.02359364740550518, lr = 0.000125
2025-09-19 13:57:46 INFO     Epoch 1329 [30/32]: loss = 0.027967700734734535, lr = 0.000125
2025-09-19 13:57:46 INFO     Epoch 1329 [30/32]: loss = 0.027967700734734535, lr = 0.000125
2025-09-19 13:57:46 INFO     Epoch 1329 [30/32]: loss = 0.027967700734734535, lr = 0.000125
2025-09-19 13:57:46 INFO     Epoch 1329 [30/32]: loss = 0.027967700734734535, lr = 0.000125
2025-09-19 13:57:49 INFO     Epoch 1330 [0/32]: loss = 0.02617030218243599, lr = 0.000125
2025-09-19 13:57:49 INFO     Epoch 1330 [0/32]: loss = 0.02617030218243599, lr = 0.000125
2025-09-19 13:57:49 INFO     Epoch 1330 [0/32]: loss = 0.02617030218243599, lr = 0.000125
2025-09-19 13:57:49 INFO     Epoch 1330 [0/32]: loss = 0.02617030218243599, lr = 0.000125
2025-09-19 13:58:01 INFO     Epoch 1330 [10/32]: loss = 0.03616240993142128, lr = 0.000125
2025-09-19 13:58:01 INFO     Epoch 1330 [10/32]: loss = 0.03616240993142128, lr = 0.000125
2025-09-19 13:58:01 INFO     Epoch 1330 [10/32]: loss = 0.03616240993142128, lr = 0.000125
2025-09-19 13:58:01 INFO     Epoch 1330 [10/32]: loss = 0.03616240993142128, lr = 0.000125
2025-09-19 13:58:13 INFO     Epoch 1330 [20/32]: loss = 0.014072648249566555, lr = 0.000125
2025-09-19 13:58:13 INFO     Epoch 1330 [20/32]: loss = 0.014072648249566555, lr = 0.000125
2025-09-19 13:58:13 INFO     Epoch 1330 [20/32]: loss = 0.014072648249566555, lr = 0.000125
2025-09-19 13:58:13 INFO     Epoch 1330 [20/32]: loss = 0.014072648249566555, lr = 0.000125
2025-09-19 13:58:25 INFO     Epoch 1330 [30/32]: loss = 0.03901592642068863, lr = 0.000125
2025-09-19 13:58:25 INFO     Epoch 1330 [30/32]: loss = 0.03901592642068863, lr = 0.000125
2025-09-19 13:58:25 INFO     Epoch 1330 [30/32]: loss = 0.03901592642068863, lr = 0.000125
2025-09-19 13:58:25 INFO     Epoch 1330 [30/32]: loss = 0.03901592642068863, lr = 0.000125
2025-09-19 13:58:28 INFO     Epoch 1331 [0/32]: loss = 0.02622004598379135, lr = 0.000125
2025-09-19 13:58:28 INFO     Epoch 1331 [0/32]: loss = 0.02622004598379135, lr = 0.000125
2025-09-19 13:58:28 INFO     Epoch 1331 [0/32]: loss = 0.02622004598379135, lr = 0.000125
2025-09-19 13:58:28 INFO     Epoch 1331 [0/32]: loss = 0.02622004598379135, lr = 0.000125
2025-09-19 13:58:40 INFO     Epoch 1331 [10/32]: loss = 0.03366035223007202, lr = 0.000125
2025-09-19 13:58:40 INFO     Epoch 1331 [10/32]: loss = 0.03366035223007202, lr = 0.000125
2025-09-19 13:58:40 INFO     Epoch 1331 [10/32]: loss = 0.03366035223007202, lr = 0.000125
2025-09-19 13:58:40 INFO     Epoch 1331 [10/32]: loss = 0.03366035223007202, lr = 0.000125
2025-09-19 13:58:52 INFO     Epoch 1331 [20/32]: loss = 0.019669225439429283, lr = 0.000125
2025-09-19 13:58:52 INFO     Epoch 1331 [20/32]: loss = 0.019669225439429283, lr = 0.000125
2025-09-19 13:58:52 INFO     Epoch 1331 [20/32]: loss = 0.019669225439429283, lr = 0.000125
2025-09-19 13:58:52 INFO     Epoch 1331 [20/32]: loss = 0.019669225439429283, lr = 0.000125
2025-09-19 13:59:04 INFO     Epoch 1331 [30/32]: loss = 0.008706244640052319, lr = 0.000125
2025-09-19 13:59:04 INFO     Epoch 1331 [30/32]: loss = 0.008706244640052319, lr = 0.000125
2025-09-19 13:59:04 INFO     Epoch 1331 [30/32]: loss = 0.008706244640052319, lr = 0.000125
2025-09-19 13:59:04 INFO     Epoch 1331 [30/32]: loss = 0.008706244640052319, lr = 0.000125
2025-09-19 13:59:07 INFO     Epoch 1332 [0/32]: loss = 0.03131452202796936, lr = 0.000125
2025-09-19 13:59:07 INFO     Epoch 1332 [0/32]: loss = 0.03131452202796936, lr = 0.000125
2025-09-19 13:59:07 INFO     Epoch 1332 [0/32]: loss = 0.03131452202796936, lr = 0.000125
2025-09-19 13:59:07 INFO     Epoch 1332 [0/32]: loss = 0.03131452202796936, lr = 0.000125
2025-09-19 13:59:19 INFO     Epoch 1332 [10/32]: loss = 0.03282131254673004, lr = 0.000125
2025-09-19 13:59:19 INFO     Epoch 1332 [10/32]: loss = 0.03282131254673004, lr = 0.000125
2025-09-19 13:59:19 INFO     Epoch 1332 [10/32]: loss = 0.03282131254673004, lr = 0.000125
2025-09-19 13:59:19 INFO     Epoch 1332 [10/32]: loss = 0.03282131254673004, lr = 0.000125
2025-09-19 13:59:30 INFO     Epoch 1332 [20/32]: loss = 0.02705537900328636, lr = 0.000125
2025-09-19 13:59:30 INFO     Epoch 1332 [20/32]: loss = 0.02705537900328636, lr = 0.000125
2025-09-19 13:59:30 INFO     Epoch 1332 [20/32]: loss = 0.02705537900328636, lr = 0.000125
2025-09-19 13:59:30 INFO     Epoch 1332 [20/32]: loss = 0.02705537900328636, lr = 0.000125
2025-09-19 13:59:42 INFO     Epoch 1332 [30/32]: loss = 0.03930921480059624, lr = 0.000125
2025-09-19 13:59:42 INFO     Epoch 1332 [30/32]: loss = 0.03930921480059624, lr = 0.000125
2025-09-19 13:59:42 INFO     Epoch 1332 [30/32]: loss = 0.03930921480059624, lr = 0.000125
2025-09-19 13:59:42 INFO     Epoch 1332 [30/32]: loss = 0.03930921480059624, lr = 0.000125
2025-09-19 13:59:45 INFO     Epoch 1333 [0/32]: loss = 0.026871904730796814, lr = 0.000125
2025-09-19 13:59:45 INFO     Epoch 1333 [0/32]: loss = 0.026871904730796814, lr = 0.000125
2025-09-19 13:59:45 INFO     Epoch 1333 [0/32]: loss = 0.026871904730796814, lr = 0.000125
2025-09-19 13:59:45 INFO     Epoch 1333 [0/32]: loss = 0.026871904730796814, lr = 0.000125
2025-09-19 13:59:57 INFO     Epoch 1333 [10/32]: loss = 0.02924695424735546, lr = 0.000125
2025-09-19 13:59:57 INFO     Epoch 1333 [10/32]: loss = 0.02924695424735546, lr = 0.000125
2025-09-19 13:59:57 INFO     Epoch 1333 [10/32]: loss = 0.02924695424735546, lr = 0.000125
2025-09-19 13:59:57 INFO     Epoch 1333 [10/32]: loss = 0.02924695424735546, lr = 0.000125
2025-09-19 14:00:09 INFO     Epoch 1333 [20/32]: loss = 0.00928617175668478, lr = 0.000125
2025-09-19 14:00:09 INFO     Epoch 1333 [20/32]: loss = 0.00928617175668478, lr = 0.000125
2025-09-19 14:00:09 INFO     Epoch 1333 [20/32]: loss = 0.00928617175668478, lr = 0.000125
2025-09-19 14:00:09 INFO     Epoch 1333 [20/32]: loss = 0.00928617175668478, lr = 0.000125
2025-09-19 14:00:21 INFO     Epoch 1333 [30/32]: loss = 0.03591913729906082, lr = 0.000125
2025-09-19 14:00:21 INFO     Epoch 1333 [30/32]: loss = 0.03591913729906082, lr = 0.000125
2025-09-19 14:00:21 INFO     Epoch 1333 [30/32]: loss = 0.03591913729906082, lr = 0.000125
2025-09-19 14:00:21 INFO     Epoch 1333 [30/32]: loss = 0.03591913729906082, lr = 0.000125
2025-09-19 14:00:24 INFO     Epoch 1334 [0/32]: loss = 0.01918439380824566, lr = 0.000125
2025-09-19 14:00:24 INFO     Epoch 1334 [0/32]: loss = 0.01918439380824566, lr = 0.000125
2025-09-19 14:00:24 INFO     Epoch 1334 [0/32]: loss = 0.01918439380824566, lr = 0.000125
2025-09-19 14:00:24 INFO     Epoch 1334 [0/32]: loss = 0.01918439380824566, lr = 0.000125
2025-09-19 14:00:36 INFO     Epoch 1334 [10/32]: loss = 0.042752332985401154, lr = 0.000125
2025-09-19 14:00:36 INFO     Epoch 1334 [10/32]: loss = 0.042752332985401154, lr = 0.000125
2025-09-19 14:00:36 INFO     Epoch 1334 [10/32]: loss = 0.042752332985401154, lr = 0.000125
2025-09-19 14:00:36 INFO     Epoch 1334 [10/32]: loss = 0.042752332985401154, lr = 0.000125
2025-09-19 14:00:47 INFO     Epoch 1334 [20/32]: loss = 0.028188593685626984, lr = 0.000125
2025-09-19 14:00:47 INFO     Epoch 1334 [20/32]: loss = 0.028188593685626984, lr = 0.000125
2025-09-19 14:00:47 INFO     Epoch 1334 [20/32]: loss = 0.028188593685626984, lr = 0.000125
2025-09-19 14:00:47 INFO     Epoch 1334 [20/32]: loss = 0.028188593685626984, lr = 0.000125
2025-09-19 14:00:59 INFO     Epoch 1334 [30/32]: loss = 0.016335709020495415, lr = 0.000125
2025-09-19 14:00:59 INFO     Epoch 1334 [30/32]: loss = 0.016335709020495415, lr = 0.000125
2025-09-19 14:00:59 INFO     Epoch 1334 [30/32]: loss = 0.016335709020495415, lr = 0.000125
2025-09-19 14:00:59 INFO     Epoch 1334 [30/32]: loss = 0.016335709020495415, lr = 0.000125
2025-09-19 14:01:02 INFO     Epoch 1335 [0/32]: loss = 0.032135553658008575, lr = 0.000125
2025-09-19 14:01:02 INFO     Epoch 1335 [0/32]: loss = 0.032135553658008575, lr = 0.000125
2025-09-19 14:01:02 INFO     Epoch 1335 [0/32]: loss = 0.032135553658008575, lr = 0.000125
2025-09-19 14:01:02 INFO     Epoch 1335 [0/32]: loss = 0.032135553658008575, lr = 0.000125
2025-09-19 14:01:14 INFO     Epoch 1335 [10/32]: loss = 0.021640297025442123, lr = 0.000125
2025-09-19 14:01:14 INFO     Epoch 1335 [10/32]: loss = 0.021640297025442123, lr = 0.000125
2025-09-19 14:01:14 INFO     Epoch 1335 [10/32]: loss = 0.021640297025442123, lr = 0.000125
2025-09-19 14:01:14 INFO     Epoch 1335 [10/32]: loss = 0.021640297025442123, lr = 0.000125
2025-09-19 14:01:26 INFO     Epoch 1335 [20/32]: loss = 0.014569268561899662, lr = 0.000125
2025-09-19 14:01:26 INFO     Epoch 1335 [20/32]: loss = 0.014569268561899662, lr = 0.000125
2025-09-19 14:01:26 INFO     Epoch 1335 [20/32]: loss = 0.014569268561899662, lr = 0.000125
2025-09-19 14:01:26 INFO     Epoch 1335 [20/32]: loss = 0.014569268561899662, lr = 0.000125
2025-09-19 14:01:38 INFO     Epoch 1335 [30/32]: loss = 0.03129284828901291, lr = 0.000125
2025-09-19 14:01:38 INFO     Epoch 1335 [30/32]: loss = 0.03129284828901291, lr = 0.000125
2025-09-19 14:01:38 INFO     Epoch 1335 [30/32]: loss = 0.03129284828901291, lr = 0.000125
2025-09-19 14:01:38 INFO     Epoch 1335 [30/32]: loss = 0.03129284828901291, lr = 0.000125
2025-09-19 14:01:41 INFO     Epoch 1336 [0/32]: loss = 0.02665671892464161, lr = 0.000125
2025-09-19 14:01:41 INFO     Epoch 1336 [0/32]: loss = 0.02665671892464161, lr = 0.000125
2025-09-19 14:01:41 INFO     Epoch 1336 [0/32]: loss = 0.02665671892464161, lr = 0.000125
2025-09-19 14:01:41 INFO     Epoch 1336 [0/32]: loss = 0.02665671892464161, lr = 0.000125
2025-09-19 14:01:53 INFO     Epoch 1336 [10/32]: loss = 0.04288609325885773, lr = 0.000125
2025-09-19 14:01:53 INFO     Epoch 1336 [10/32]: loss = 0.04288609325885773, lr = 0.000125
2025-09-19 14:01:53 INFO     Epoch 1336 [10/32]: loss = 0.04288609325885773, lr = 0.000125
2025-09-19 14:01:53 INFO     Epoch 1336 [10/32]: loss = 0.04288609325885773, lr = 0.000125
2025-09-19 14:02:05 INFO     Epoch 1336 [20/32]: loss = 0.0262753963470459, lr = 0.000125
2025-09-19 14:02:05 INFO     Epoch 1336 [20/32]: loss = 0.0262753963470459, lr = 0.000125
2025-09-19 14:02:05 INFO     Epoch 1336 [20/32]: loss = 0.0262753963470459, lr = 0.000125
2025-09-19 14:02:05 INFO     Epoch 1336 [20/32]: loss = 0.0262753963470459, lr = 0.000125
2025-09-19 14:02:17 INFO     Epoch 1336 [30/32]: loss = 0.03925717622041702, lr = 0.000125
2025-09-19 14:02:17 INFO     Epoch 1336 [30/32]: loss = 0.03925717622041702, lr = 0.000125
2025-09-19 14:02:17 INFO     Epoch 1336 [30/32]: loss = 0.03925717622041702, lr = 0.000125
2025-09-19 14:02:17 INFO     Epoch 1336 [30/32]: loss = 0.03925717622041702, lr = 0.000125
2025-09-19 14:02:20 INFO     Epoch 1337 [0/32]: loss = 0.044358644634485245, lr = 0.000125
2025-09-19 14:02:20 INFO     Epoch 1337 [0/32]: loss = 0.044358644634485245, lr = 0.000125
2025-09-19 14:02:20 INFO     Epoch 1337 [0/32]: loss = 0.044358644634485245, lr = 0.000125
2025-09-19 14:02:20 INFO     Epoch 1337 [0/32]: loss = 0.044358644634485245, lr = 0.000125
2025-09-19 14:02:32 INFO     Epoch 1337 [10/32]: loss = 0.037912722676992416, lr = 0.000125
2025-09-19 14:02:32 INFO     Epoch 1337 [10/32]: loss = 0.037912722676992416, lr = 0.000125
2025-09-19 14:02:32 INFO     Epoch 1337 [10/32]: loss = 0.037912722676992416, lr = 0.000125
2025-09-19 14:02:32 INFO     Epoch 1337 [10/32]: loss = 0.037912722676992416, lr = 0.000125
2025-09-19 14:02:44 INFO     Epoch 1337 [20/32]: loss = 0.029044881463050842, lr = 0.000125
2025-09-19 14:02:44 INFO     Epoch 1337 [20/32]: loss = 0.029044881463050842, lr = 0.000125
2025-09-19 14:02:44 INFO     Epoch 1337 [20/32]: loss = 0.029044881463050842, lr = 0.000125
2025-09-19 14:02:44 INFO     Epoch 1337 [20/32]: loss = 0.029044881463050842, lr = 0.000125
2025-09-19 14:02:56 INFO     Epoch 1337 [30/32]: loss = 0.03801573067903519, lr = 0.000125
2025-09-19 14:02:56 INFO     Epoch 1337 [30/32]: loss = 0.03801573067903519, lr = 0.000125
2025-09-19 14:02:56 INFO     Epoch 1337 [30/32]: loss = 0.03801573067903519, lr = 0.000125
2025-09-19 14:02:56 INFO     Epoch 1337 [30/32]: loss = 0.03801573067903519, lr = 0.000125
2025-09-19 14:02:59 INFO     Epoch 1338 [0/32]: loss = 0.04782211035490036, lr = 0.000125
2025-09-19 14:02:59 INFO     Epoch 1338 [0/32]: loss = 0.04782211035490036, lr = 0.000125
2025-09-19 14:02:59 INFO     Epoch 1338 [0/32]: loss = 0.04782211035490036, lr = 0.000125
2025-09-19 14:02:59 INFO     Epoch 1338 [0/32]: loss = 0.04782211035490036, lr = 0.000125
2025-09-19 14:03:11 INFO     Epoch 1338 [10/32]: loss = 0.017536967992782593, lr = 0.000125
2025-09-19 14:03:11 INFO     Epoch 1338 [10/32]: loss = 0.017536967992782593, lr = 0.000125
2025-09-19 14:03:11 INFO     Epoch 1338 [10/32]: loss = 0.017536967992782593, lr = 0.000125
2025-09-19 14:03:11 INFO     Epoch 1338 [10/32]: loss = 0.017536967992782593, lr = 0.000125
2025-09-19 14:03:22 INFO     Epoch 1338 [20/32]: loss = 0.04136907309293747, lr = 0.000125
2025-09-19 14:03:22 INFO     Epoch 1338 [20/32]: loss = 0.04136907309293747, lr = 0.000125
2025-09-19 14:03:22 INFO     Epoch 1338 [20/32]: loss = 0.04136907309293747, lr = 0.000125
2025-09-19 14:03:22 INFO     Epoch 1338 [20/32]: loss = 0.04136907309293747, lr = 0.000125
2025-09-19 14:03:34 INFO     Epoch 1338 [30/32]: loss = 0.016337791457772255, lr = 0.000125
2025-09-19 14:03:34 INFO     Epoch 1338 [30/32]: loss = 0.016337791457772255, lr = 0.000125
2025-09-19 14:03:34 INFO     Epoch 1338 [30/32]: loss = 0.016337791457772255, lr = 0.000125
2025-09-19 14:03:34 INFO     Epoch 1338 [30/32]: loss = 0.016337791457772255, lr = 0.000125
2025-09-19 14:03:37 INFO     Epoch 1339 [0/32]: loss = 0.018309399485588074, lr = 0.000125
2025-09-19 14:03:37 INFO     Epoch 1339 [0/32]: loss = 0.018309399485588074, lr = 0.000125
2025-09-19 14:03:37 INFO     Epoch 1339 [0/32]: loss = 0.018309399485588074, lr = 0.000125
2025-09-19 14:03:37 INFO     Epoch 1339 [0/32]: loss = 0.018309399485588074, lr = 0.000125
2025-09-19 14:03:49 INFO     Epoch 1339 [10/32]: loss = 0.03675367683172226, lr = 0.000125
2025-09-19 14:03:49 INFO     Epoch 1339 [10/32]: loss = 0.03675367683172226, lr = 0.000125
2025-09-19 14:03:49 INFO     Epoch 1339 [10/32]: loss = 0.03675367683172226, lr = 0.000125
2025-09-19 14:03:49 INFO     Epoch 1339 [10/32]: loss = 0.03675367683172226, lr = 0.000125
2025-09-19 14:04:01 INFO     Epoch 1339 [20/32]: loss = 0.041018642485141754, lr = 0.000125
2025-09-19 14:04:01 INFO     Epoch 1339 [20/32]: loss = 0.041018642485141754, lr = 0.000125
2025-09-19 14:04:01 INFO     Epoch 1339 [20/32]: loss = 0.041018642485141754, lr = 0.000125
2025-09-19 14:04:01 INFO     Epoch 1339 [20/32]: loss = 0.041018642485141754, lr = 0.000125
2025-09-19 14:04:13 INFO     Epoch 1339 [30/32]: loss = 0.03639252856373787, lr = 0.000125
2025-09-19 14:04:13 INFO     Epoch 1339 [30/32]: loss = 0.03639252856373787, lr = 0.000125
2025-09-19 14:04:13 INFO     Epoch 1339 [30/32]: loss = 0.03639252856373787, lr = 0.000125
2025-09-19 14:04:13 INFO     Epoch 1339 [30/32]: loss = 0.03639252856373787, lr = 0.000125
2025-09-19 14:04:16 INFO     Epoch 1340 [0/32]: loss = 0.0338386632502079, lr = 0.000125
2025-09-19 14:04:16 INFO     Epoch 1340 [0/32]: loss = 0.0338386632502079, lr = 0.000125
2025-09-19 14:04:16 INFO     Epoch 1340 [0/32]: loss = 0.0338386632502079, lr = 0.000125
2025-09-19 14:04:16 INFO     Epoch 1340 [0/32]: loss = 0.0338386632502079, lr = 0.000125
2025-09-19 14:04:28 INFO     Epoch 1340 [10/32]: loss = 0.040890008211135864, lr = 0.000125
2025-09-19 14:04:28 INFO     Epoch 1340 [10/32]: loss = 0.040890008211135864, lr = 0.000125
2025-09-19 14:04:28 INFO     Epoch 1340 [10/32]: loss = 0.040890008211135864, lr = 0.000125
2025-09-19 14:04:28 INFO     Epoch 1340 [10/32]: loss = 0.040890008211135864, lr = 0.000125
2025-09-19 14:04:39 INFO     Epoch 1340 [20/32]: loss = 0.02903987281024456, lr = 0.000125
2025-09-19 14:04:39 INFO     Epoch 1340 [20/32]: loss = 0.02903987281024456, lr = 0.000125
2025-09-19 14:04:39 INFO     Epoch 1340 [20/32]: loss = 0.02903987281024456, lr = 0.000125
2025-09-19 14:04:39 INFO     Epoch 1340 [20/32]: loss = 0.02903987281024456, lr = 0.000125
2025-09-19 14:04:51 INFO     Epoch 1340 [30/32]: loss = 0.03508827090263367, lr = 0.000125
2025-09-19 14:04:51 INFO     Epoch 1340 [30/32]: loss = 0.03508827090263367, lr = 0.000125
2025-09-19 14:04:51 INFO     Epoch 1340 [30/32]: loss = 0.03508827090263367, lr = 0.000125
2025-09-19 14:04:51 INFO     Epoch 1340 [30/32]: loss = 0.03508827090263367, lr = 0.000125
2025-09-19 14:04:54 INFO     Epoch 1341 [0/32]: loss = 0.02968648076057434, lr = 0.000125
2025-09-19 14:04:54 INFO     Epoch 1341 [0/32]: loss = 0.02968648076057434, lr = 0.000125
2025-09-19 14:04:54 INFO     Epoch 1341 [0/32]: loss = 0.02968648076057434, lr = 0.000125
2025-09-19 14:04:54 INFO     Epoch 1341 [0/32]: loss = 0.02968648076057434, lr = 0.000125
2025-09-19 14:05:06 INFO     Epoch 1341 [10/32]: loss = 0.025187913328409195, lr = 0.000125
2025-09-19 14:05:06 INFO     Epoch 1341 [10/32]: loss = 0.025187913328409195, lr = 0.000125
2025-09-19 14:05:06 INFO     Epoch 1341 [10/32]: loss = 0.025187913328409195, lr = 0.000125
2025-09-19 14:05:06 INFO     Epoch 1341 [10/32]: loss = 0.025187913328409195, lr = 0.000125
2025-09-19 14:05:18 INFO     Epoch 1341 [20/32]: loss = 0.04171821475028992, lr = 0.000125
2025-09-19 14:05:18 INFO     Epoch 1341 [20/32]: loss = 0.04171821475028992, lr = 0.000125
2025-09-19 14:05:18 INFO     Epoch 1341 [20/32]: loss = 0.04171821475028992, lr = 0.000125
2025-09-19 14:05:18 INFO     Epoch 1341 [20/32]: loss = 0.04171821475028992, lr = 0.000125
2025-09-19 14:05:30 INFO     Epoch 1341 [30/32]: loss = 0.032398320734500885, lr = 0.000125
2025-09-19 14:05:30 INFO     Epoch 1341 [30/32]: loss = 0.032398320734500885, lr = 0.000125
2025-09-19 14:05:30 INFO     Epoch 1341 [30/32]: loss = 0.032398320734500885, lr = 0.000125
2025-09-19 14:05:30 INFO     Epoch 1341 [30/32]: loss = 0.032398320734500885, lr = 0.000125
2025-09-19 14:05:33 INFO     Epoch 1342 [0/32]: loss = 0.041487812995910645, lr = 0.000125
2025-09-19 14:05:33 INFO     Epoch 1342 [0/32]: loss = 0.041487812995910645, lr = 0.000125
2025-09-19 14:05:33 INFO     Epoch 1342 [0/32]: loss = 0.041487812995910645, lr = 0.000125
2025-09-19 14:05:33 INFO     Epoch 1342 [0/32]: loss = 0.041487812995910645, lr = 0.000125
2025-09-19 14:05:45 INFO     Epoch 1342 [10/32]: loss = 0.02670396864414215, lr = 0.000125
2025-09-19 14:05:45 INFO     Epoch 1342 [10/32]: loss = 0.02670396864414215, lr = 0.000125
2025-09-19 14:05:45 INFO     Epoch 1342 [10/32]: loss = 0.02670396864414215, lr = 0.000125
2025-09-19 14:05:45 INFO     Epoch 1342 [10/32]: loss = 0.02670396864414215, lr = 0.000125
2025-09-19 14:05:57 INFO     Epoch 1342 [20/32]: loss = 0.03256428614258766, lr = 0.000125
2025-09-19 14:05:57 INFO     Epoch 1342 [20/32]: loss = 0.03256428614258766, lr = 0.000125
2025-09-19 14:05:57 INFO     Epoch 1342 [20/32]: loss = 0.03256428614258766, lr = 0.000125
2025-09-19 14:05:57 INFO     Epoch 1342 [20/32]: loss = 0.03256428614258766, lr = 0.000125
2025-09-19 14:06:08 INFO     Epoch 1342 [30/32]: loss = 0.033643051981925964, lr = 0.000125
2025-09-19 14:06:08 INFO     Epoch 1342 [30/32]: loss = 0.033643051981925964, lr = 0.000125
2025-09-19 14:06:08 INFO     Epoch 1342 [30/32]: loss = 0.033643051981925964, lr = 0.000125
2025-09-19 14:06:08 INFO     Epoch 1342 [30/32]: loss = 0.033643051981925964, lr = 0.000125
2025-09-19 14:06:12 INFO     Epoch 1343 [0/32]: loss = 0.032189127057790756, lr = 0.000125
2025-09-19 14:06:12 INFO     Epoch 1343 [0/32]: loss = 0.032189127057790756, lr = 0.000125
2025-09-19 14:06:12 INFO     Epoch 1343 [0/32]: loss = 0.032189127057790756, lr = 0.000125
2025-09-19 14:06:12 INFO     Epoch 1343 [0/32]: loss = 0.032189127057790756, lr = 0.000125
2025-09-19 14:06:23 INFO     Epoch 1343 [10/32]: loss = 0.02201378159224987, lr = 0.000125
2025-09-19 14:06:23 INFO     Epoch 1343 [10/32]: loss = 0.02201378159224987, lr = 0.000125
2025-09-19 14:06:23 INFO     Epoch 1343 [10/32]: loss = 0.02201378159224987, lr = 0.000125
2025-09-19 14:06:23 INFO     Epoch 1343 [10/32]: loss = 0.02201378159224987, lr = 0.000125
2025-09-19 14:06:35 INFO     Epoch 1343 [20/32]: loss = 0.028559109196066856, lr = 0.000125
2025-09-19 14:06:35 INFO     Epoch 1343 [20/32]: loss = 0.028559109196066856, lr = 0.000125
2025-09-19 14:06:35 INFO     Epoch 1343 [20/32]: loss = 0.028559109196066856, lr = 0.000125
2025-09-19 14:06:35 INFO     Epoch 1343 [20/32]: loss = 0.028559109196066856, lr = 0.000125
2025-09-19 14:06:47 INFO     Epoch 1343 [30/32]: loss = 0.03717653080821037, lr = 0.000125
2025-09-19 14:06:47 INFO     Epoch 1343 [30/32]: loss = 0.03717653080821037, lr = 0.000125
2025-09-19 14:06:47 INFO     Epoch 1343 [30/32]: loss = 0.03717653080821037, lr = 0.000125
2025-09-19 14:06:47 INFO     Epoch 1343 [30/32]: loss = 0.03717653080821037, lr = 0.000125
2025-09-19 14:06:50 INFO     Epoch 1344 [0/32]: loss = 0.02438253164291382, lr = 0.000125
2025-09-19 14:06:50 INFO     Epoch 1344 [0/32]: loss = 0.02438253164291382, lr = 0.000125
2025-09-19 14:06:50 INFO     Epoch 1344 [0/32]: loss = 0.02438253164291382, lr = 0.000125
2025-09-19 14:06:50 INFO     Epoch 1344 [0/32]: loss = 0.02438253164291382, lr = 0.000125
2025-09-19 14:07:02 INFO     Epoch 1344 [10/32]: loss = 0.03889462351799011, lr = 0.000125
2025-09-19 14:07:02 INFO     Epoch 1344 [10/32]: loss = 0.03889462351799011, lr = 0.000125
2025-09-19 14:07:02 INFO     Epoch 1344 [10/32]: loss = 0.03889462351799011, lr = 0.000125
2025-09-19 14:07:02 INFO     Epoch 1344 [10/32]: loss = 0.03889462351799011, lr = 0.000125
2025-09-19 14:07:14 INFO     Epoch 1344 [20/32]: loss = 0.025708850473165512, lr = 0.000125
2025-09-19 14:07:14 INFO     Epoch 1344 [20/32]: loss = 0.025708850473165512, lr = 0.000125
2025-09-19 14:07:14 INFO     Epoch 1344 [20/32]: loss = 0.025708850473165512, lr = 0.000125
2025-09-19 14:07:14 INFO     Epoch 1344 [20/32]: loss = 0.025708850473165512, lr = 0.000125
2025-09-19 14:07:26 INFO     Epoch 1344 [30/32]: loss = 0.03071737475693226, lr = 0.000125
2025-09-19 14:07:26 INFO     Epoch 1344 [30/32]: loss = 0.03071737475693226, lr = 0.000125
2025-09-19 14:07:26 INFO     Epoch 1344 [30/32]: loss = 0.03071737475693226, lr = 0.000125
2025-09-19 14:07:26 INFO     Epoch 1344 [30/32]: loss = 0.03071737475693226, lr = 0.000125
2025-09-19 14:07:29 INFO     Epoch 1345 [0/32]: loss = 0.034429118037223816, lr = 0.000125
2025-09-19 14:07:29 INFO     Epoch 1345 [0/32]: loss = 0.034429118037223816, lr = 0.000125
2025-09-19 14:07:29 INFO     Epoch 1345 [0/32]: loss = 0.034429118037223816, lr = 0.000125
2025-09-19 14:07:29 INFO     Epoch 1345 [0/32]: loss = 0.034429118037223816, lr = 0.000125
2025-09-19 14:07:41 INFO     Epoch 1345 [10/32]: loss = 0.03499050438404083, lr = 0.000125
2025-09-19 14:07:41 INFO     Epoch 1345 [10/32]: loss = 0.03499050438404083, lr = 0.000125
2025-09-19 14:07:41 INFO     Epoch 1345 [10/32]: loss = 0.03499050438404083, lr = 0.000125
2025-09-19 14:07:41 INFO     Epoch 1345 [10/32]: loss = 0.03499050438404083, lr = 0.000125
2025-09-19 14:07:53 INFO     Epoch 1345 [20/32]: loss = 0.02855677902698517, lr = 0.000125
2025-09-19 14:07:53 INFO     Epoch 1345 [20/32]: loss = 0.02855677902698517, lr = 0.000125
2025-09-19 14:07:53 INFO     Epoch 1345 [20/32]: loss = 0.02855677902698517, lr = 0.000125
2025-09-19 14:07:53 INFO     Epoch 1345 [20/32]: loss = 0.02855677902698517, lr = 0.000125
2025-09-19 14:08:05 INFO     Epoch 1345 [30/32]: loss = 0.034240856766700745, lr = 0.000125
2025-09-19 14:08:05 INFO     Epoch 1345 [30/32]: loss = 0.034240856766700745, lr = 0.000125
2025-09-19 14:08:05 INFO     Epoch 1345 [30/32]: loss = 0.034240856766700745, lr = 0.000125
2025-09-19 14:08:05 INFO     Epoch 1345 [30/32]: loss = 0.034240856766700745, lr = 0.000125
2025-09-19 14:08:08 INFO     Epoch 1346 [0/32]: loss = 0.02903538942337036, lr = 0.000125
2025-09-19 14:08:08 INFO     Epoch 1346 [0/32]: loss = 0.02903538942337036, lr = 0.000125
2025-09-19 14:08:08 INFO     Epoch 1346 [0/32]: loss = 0.02903538942337036, lr = 0.000125
2025-09-19 14:08:08 INFO     Epoch 1346 [0/32]: loss = 0.02903538942337036, lr = 0.000125
2025-09-19 14:08:19 INFO     Epoch 1346 [10/32]: loss = 0.02228887379169464, lr = 0.000125
2025-09-19 14:08:19 INFO     Epoch 1346 [10/32]: loss = 0.02228887379169464, lr = 0.000125
2025-09-19 14:08:19 INFO     Epoch 1346 [10/32]: loss = 0.02228887379169464, lr = 0.000125
2025-09-19 14:08:19 INFO     Epoch 1346 [10/32]: loss = 0.02228887379169464, lr = 0.000125
2025-09-19 14:08:31 INFO     Epoch 1346 [20/32]: loss = 0.02848595753312111, lr = 0.000125
2025-09-19 14:08:31 INFO     Epoch 1346 [20/32]: loss = 0.02848595753312111, lr = 0.000125
2025-09-19 14:08:31 INFO     Epoch 1346 [20/32]: loss = 0.02848595753312111, lr = 0.000125
2025-09-19 14:08:31 INFO     Epoch 1346 [20/32]: loss = 0.02848595753312111, lr = 0.000125
2025-09-19 14:08:43 INFO     Epoch 1346 [30/32]: loss = 0.03400709480047226, lr = 0.000125
2025-09-19 14:08:43 INFO     Epoch 1346 [30/32]: loss = 0.03400709480047226, lr = 0.000125
2025-09-19 14:08:43 INFO     Epoch 1346 [30/32]: loss = 0.03400709480047226, lr = 0.000125
2025-09-19 14:08:43 INFO     Epoch 1346 [30/32]: loss = 0.03400709480047226, lr = 0.000125
2025-09-19 14:08:46 INFO     Epoch 1347 [0/32]: loss = 0.02307591587305069, lr = 0.000125
2025-09-19 14:08:46 INFO     Epoch 1347 [0/32]: loss = 0.02307591587305069, lr = 0.000125
2025-09-19 14:08:46 INFO     Epoch 1347 [0/32]: loss = 0.02307591587305069, lr = 0.000125
2025-09-19 14:08:46 INFO     Epoch 1347 [0/32]: loss = 0.02307591587305069, lr = 0.000125
2025-09-19 14:08:58 INFO     Epoch 1347 [10/32]: loss = 0.03910088911652565, lr = 0.000125
2025-09-19 14:08:58 INFO     Epoch 1347 [10/32]: loss = 0.03910088911652565, lr = 0.000125
2025-09-19 14:08:58 INFO     Epoch 1347 [10/32]: loss = 0.03910088911652565, lr = 0.000125
2025-09-19 14:08:58 INFO     Epoch 1347 [10/32]: loss = 0.03910088911652565, lr = 0.000125
2025-09-19 14:09:10 INFO     Epoch 1347 [20/32]: loss = 0.021582704037427902, lr = 0.000125
2025-09-19 14:09:10 INFO     Epoch 1347 [20/32]: loss = 0.021582704037427902, lr = 0.000125
2025-09-19 14:09:10 INFO     Epoch 1347 [20/32]: loss = 0.021582704037427902, lr = 0.000125
2025-09-19 14:09:10 INFO     Epoch 1347 [20/32]: loss = 0.021582704037427902, lr = 0.000125
2025-09-19 14:09:22 INFO     Epoch 1347 [30/32]: loss = 0.02840396761894226, lr = 0.000125
2025-09-19 14:09:22 INFO     Epoch 1347 [30/32]: loss = 0.02840396761894226, lr = 0.000125
2025-09-19 14:09:22 INFO     Epoch 1347 [30/32]: loss = 0.02840396761894226, lr = 0.000125
2025-09-19 14:09:22 INFO     Epoch 1347 [30/32]: loss = 0.02840396761894226, lr = 0.000125
2025-09-19 14:09:25 INFO     Epoch 1348 [0/32]: loss = 0.03582178056240082, lr = 0.000125
2025-09-19 14:09:25 INFO     Epoch 1348 [0/32]: loss = 0.03582178056240082, lr = 0.000125
2025-09-19 14:09:25 INFO     Epoch 1348 [0/32]: loss = 0.03582178056240082, lr = 0.000125
2025-09-19 14:09:25 INFO     Epoch 1348 [0/32]: loss = 0.03582178056240082, lr = 0.000125
2025-09-19 14:09:37 INFO     Epoch 1348 [10/32]: loss = 0.03568121790885925, lr = 0.000125
2025-09-19 14:09:37 INFO     Epoch 1348 [10/32]: loss = 0.03568121790885925, lr = 0.000125
2025-09-19 14:09:37 INFO     Epoch 1348 [10/32]: loss = 0.03568121790885925, lr = 0.000125
2025-09-19 14:09:37 INFO     Epoch 1348 [10/32]: loss = 0.03568121790885925, lr = 0.000125
2025-09-19 14:09:49 INFO     Epoch 1348 [20/32]: loss = 0.024563908576965332, lr = 0.000125
2025-09-19 14:09:49 INFO     Epoch 1348 [20/32]: loss = 0.024563908576965332, lr = 0.000125
2025-09-19 14:09:49 INFO     Epoch 1348 [20/32]: loss = 0.024563908576965332, lr = 0.000125
2025-09-19 14:09:49 INFO     Epoch 1348 [20/32]: loss = 0.024563908576965332, lr = 0.000125
2025-09-19 14:10:01 INFO     Epoch 1348 [30/32]: loss = 0.03795534372329712, lr = 0.000125
2025-09-19 14:10:01 INFO     Epoch 1348 [30/32]: loss = 0.03795534372329712, lr = 0.000125
2025-09-19 14:10:01 INFO     Epoch 1348 [30/32]: loss = 0.03795534372329712, lr = 0.000125
2025-09-19 14:10:01 INFO     Epoch 1348 [30/32]: loss = 0.03795534372329712, lr = 0.000125
2025-09-19 14:10:04 INFO     Epoch 1349 [0/32]: loss = 0.03333032503724098, lr = 0.000125
2025-09-19 14:10:04 INFO     Epoch 1349 [0/32]: loss = 0.03333032503724098, lr = 0.000125
2025-09-19 14:10:04 INFO     Epoch 1349 [0/32]: loss = 0.03333032503724098, lr = 0.000125
2025-09-19 14:10:04 INFO     Epoch 1349 [0/32]: loss = 0.03333032503724098, lr = 0.000125
2025-09-19 14:10:16 INFO     Epoch 1349 [10/32]: loss = 0.045368533581495285, lr = 0.000125
2025-09-19 14:10:16 INFO     Epoch 1349 [10/32]: loss = 0.045368533581495285, lr = 0.000125
2025-09-19 14:10:16 INFO     Epoch 1349 [10/32]: loss = 0.045368533581495285, lr = 0.000125
2025-09-19 14:10:16 INFO     Epoch 1349 [10/32]: loss = 0.045368533581495285, lr = 0.000125
2025-09-19 14:10:28 INFO     Epoch 1349 [20/32]: loss = 0.0169607512652874, lr = 0.000125
2025-09-19 14:10:28 INFO     Epoch 1349 [20/32]: loss = 0.0169607512652874, lr = 0.000125
2025-09-19 14:10:28 INFO     Epoch 1349 [20/32]: loss = 0.0169607512652874, lr = 0.000125
2025-09-19 14:10:28 INFO     Epoch 1349 [20/32]: loss = 0.0169607512652874, lr = 0.000125
2025-09-19 14:10:39 INFO     Epoch 1349 [30/32]: loss = 0.01848936453461647, lr = 0.000125
2025-09-19 14:10:39 INFO     Epoch 1349 [30/32]: loss = 0.01848936453461647, lr = 0.000125
2025-09-19 14:10:39 INFO     Epoch 1349 [30/32]: loss = 0.01848936453461647, lr = 0.000125
2025-09-19 14:10:39 INFO     Epoch 1349 [30/32]: loss = 0.01848936453461647, lr = 0.000125
2025-09-19 14:17:51 INFO     384 samples generated in 1024 evaluations.
2025-09-19 14:17:58 INFO     384 samples generated in 1024 evaluations.
2025-09-19 14:17:59 INFO     384 samples generated in 1024 evaluations.
2025-09-19 14:18:01 INFO     384 samples generated in 1024 evaluations.
2025-09-19 14:18:04 INFO     Evaluating [0/32] samples generated [250/250] running fid 329.3499755859375
2025-09-19 14:18:04 INFO     Evaluating [0/32] samples generated [250/250] running fid 329.3499755859375
2025-09-19 14:18:04 INFO     Evaluating [0/32] samples generated [250/250] running fid 329.3499755859375
2025-09-19 14:18:04 INFO     Evaluating [0/32] samples generated [250/250] running fid 329.3499755859375
2025-09-19 14:18:14 INFO     Epoch 1350 [0/32]: loss = 0.03259466961026192, lr = 0.000125
2025-09-19 14:18:14 INFO     Epoch 1350 [0/32]: loss = 0.03259466961026192, lr = 0.000125
2025-09-19 14:18:14 INFO     Epoch 1350 [0/32]: loss = 0.03259466961026192, lr = 0.000125
2025-09-19 14:18:14 INFO     Epoch 1350 [0/32]: loss = 0.03259466961026192, lr = 0.000125
2025-09-19 14:18:26 INFO     Epoch 1350 [10/32]: loss = 0.027658432722091675, lr = 0.000125
2025-09-19 14:18:26 INFO     Epoch 1350 [10/32]: loss = 0.027658432722091675, lr = 0.000125
2025-09-19 14:18:26 INFO     Epoch 1350 [10/32]: loss = 0.027658432722091675, lr = 0.000125
2025-09-19 14:18:26 INFO     Epoch 1350 [10/32]: loss = 0.027658432722091675, lr = 0.000125
2025-09-19 14:18:37 INFO     Epoch 1350 [20/32]: loss = 0.022060716524720192, lr = 0.000125
2025-09-19 14:18:37 INFO     Epoch 1350 [20/32]: loss = 0.022060716524720192, lr = 0.000125
2025-09-19 14:18:37 INFO     Epoch 1350 [20/32]: loss = 0.022060716524720192, lr = 0.000125
2025-09-19 14:18:37 INFO     Epoch 1350 [20/32]: loss = 0.022060716524720192, lr = 0.000125
2025-09-19 14:18:49 INFO     Epoch 1350 [30/32]: loss = 0.035312384366989136, lr = 0.000125
2025-09-19 14:18:49 INFO     Epoch 1350 [30/32]: loss = 0.035312384366989136, lr = 0.000125
2025-09-19 14:18:49 INFO     Epoch 1350 [30/32]: loss = 0.035312384366989136, lr = 0.000125
2025-09-19 14:18:49 INFO     Epoch 1350 [30/32]: loss = 0.035312384366989136, lr = 0.000125
2025-09-19 14:18:52 INFO     Epoch 1351 [0/32]: loss = 0.047319166362285614, lr = 0.000125
2025-09-19 14:18:52 INFO     Epoch 1351 [0/32]: loss = 0.047319166362285614, lr = 0.000125
2025-09-19 14:18:52 INFO     Epoch 1351 [0/32]: loss = 0.047319166362285614, lr = 0.000125
2025-09-19 14:18:52 INFO     Epoch 1351 [0/32]: loss = 0.047319166362285614, lr = 0.000125
2025-09-19 14:19:04 INFO     Epoch 1351 [10/32]: loss = 0.03922693058848381, lr = 0.000125
2025-09-19 14:19:04 INFO     Epoch 1351 [10/32]: loss = 0.03922693058848381, lr = 0.000125
2025-09-19 14:19:04 INFO     Epoch 1351 [10/32]: loss = 0.03922693058848381, lr = 0.000125
2025-09-19 14:19:04 INFO     Epoch 1351 [10/32]: loss = 0.03922693058848381, lr = 0.000125
2025-09-19 14:19:16 INFO     Epoch 1351 [20/32]: loss = 0.0537104532122612, lr = 0.000125
2025-09-19 14:19:16 INFO     Epoch 1351 [20/32]: loss = 0.0537104532122612, lr = 0.000125
2025-09-19 14:19:16 INFO     Epoch 1351 [20/32]: loss = 0.0537104532122612, lr = 0.000125
2025-09-19 14:19:16 INFO     Epoch 1351 [20/32]: loss = 0.0537104532122612, lr = 0.000125
2025-09-19 14:19:27 INFO     Epoch 1351 [30/32]: loss = 0.026531770825386047, lr = 0.000125
2025-09-19 14:19:27 INFO     Epoch 1351 [30/32]: loss = 0.026531770825386047, lr = 0.000125
2025-09-19 14:19:27 INFO     Epoch 1351 [30/32]: loss = 0.026531770825386047, lr = 0.000125
2025-09-19 14:19:27 INFO     Epoch 1351 [30/32]: loss = 0.026531770825386047, lr = 0.000125
2025-09-19 14:19:30 INFO     Epoch 1352 [0/32]: loss = 0.03136049956083298, lr = 0.000125
2025-09-19 14:19:30 INFO     Epoch 1352 [0/32]: loss = 0.03136049956083298, lr = 0.000125
2025-09-19 14:19:30 INFO     Epoch 1352 [0/32]: loss = 0.03136049956083298, lr = 0.000125
2025-09-19 14:19:30 INFO     Epoch 1352 [0/32]: loss = 0.03136049956083298, lr = 0.000125
2025-09-19 14:19:42 INFO     Epoch 1352 [10/32]: loss = 0.027375413104891777, lr = 0.000125
2025-09-19 14:19:42 INFO     Epoch 1352 [10/32]: loss = 0.027375413104891777, lr = 0.000125
2025-09-19 14:19:42 INFO     Epoch 1352 [10/32]: loss = 0.027375413104891777, lr = 0.000125
2025-09-19 14:19:42 INFO     Epoch 1352 [10/32]: loss = 0.027375413104891777, lr = 0.000125
2025-09-19 14:19:54 INFO     Epoch 1352 [20/32]: loss = 0.027095742523670197, lr = 0.000125
2025-09-19 14:19:54 INFO     Epoch 1352 [20/32]: loss = 0.027095742523670197, lr = 0.000125
2025-09-19 14:19:54 INFO     Epoch 1352 [20/32]: loss = 0.027095742523670197, lr = 0.000125
2025-09-19 14:19:54 INFO     Epoch 1352 [20/32]: loss = 0.027095742523670197, lr = 0.000125
2025-09-19 14:20:06 INFO     Epoch 1352 [30/32]: loss = 0.026925507932901382, lr = 0.000125
2025-09-19 14:20:06 INFO     Epoch 1352 [30/32]: loss = 0.026925507932901382, lr = 0.000125
2025-09-19 14:20:06 INFO     Epoch 1352 [30/32]: loss = 0.026925507932901382, lr = 0.000125
2025-09-19 14:20:06 INFO     Epoch 1352 [30/32]: loss = 0.026925507932901382, lr = 0.000125
2025-09-19 14:20:09 INFO     Epoch 1353 [0/32]: loss = 0.014540605247020721, lr = 0.000125
2025-09-19 14:20:09 INFO     Epoch 1353 [0/32]: loss = 0.014540605247020721, lr = 0.000125
2025-09-19 14:20:09 INFO     Epoch 1353 [0/32]: loss = 0.014540605247020721, lr = 0.000125
2025-09-19 14:20:09 INFO     Epoch 1353 [0/32]: loss = 0.014540605247020721, lr = 0.000125
2025-09-19 14:20:21 INFO     Epoch 1353 [10/32]: loss = 0.019174126908183098, lr = 0.000125
2025-09-19 14:20:21 INFO     Epoch 1353 [10/32]: loss = 0.019174126908183098, lr = 0.000125
2025-09-19 14:20:21 INFO     Epoch 1353 [10/32]: loss = 0.019174126908183098, lr = 0.000125
2025-09-19 14:20:21 INFO     Epoch 1353 [10/32]: loss = 0.019174126908183098, lr = 0.000125
2025-09-19 14:20:33 INFO     Epoch 1353 [20/32]: loss = 0.0412730798125267, lr = 0.000125
2025-09-19 14:20:33 INFO     Epoch 1353 [20/32]: loss = 0.0412730798125267, lr = 0.000125
2025-09-19 14:20:33 INFO     Epoch 1353 [20/32]: loss = 0.0412730798125267, lr = 0.000125
2025-09-19 14:20:33 INFO     Epoch 1353 [20/32]: loss = 0.0412730798125267, lr = 0.000125
2025-09-19 14:20:45 INFO     Epoch 1353 [30/32]: loss = 0.017671380192041397, lr = 0.000125
2025-09-19 14:20:45 INFO     Epoch 1353 [30/32]: loss = 0.017671380192041397, lr = 0.000125
2025-09-19 14:20:45 INFO     Epoch 1353 [30/32]: loss = 0.017671380192041397, lr = 0.000125
2025-09-19 14:20:45 INFO     Epoch 1353 [30/32]: loss = 0.017671380192041397, lr = 0.000125
2025-09-19 14:20:48 INFO     Epoch 1354 [0/32]: loss = 0.03194495290517807, lr = 0.000125
2025-09-19 14:20:48 INFO     Epoch 1354 [0/32]: loss = 0.03194495290517807, lr = 0.000125
2025-09-19 14:20:48 INFO     Epoch 1354 [0/32]: loss = 0.03194495290517807, lr = 0.000125
2025-09-19 14:20:48 INFO     Epoch 1354 [0/32]: loss = 0.03194495290517807, lr = 0.000125
2025-09-19 14:21:00 INFO     Epoch 1354 [10/32]: loss = 0.03352202847599983, lr = 0.000125
2025-09-19 14:21:00 INFO     Epoch 1354 [10/32]: loss = 0.03352202847599983, lr = 0.000125
2025-09-19 14:21:00 INFO     Epoch 1354 [10/32]: loss = 0.03352202847599983, lr = 0.000125
2025-09-19 14:21:00 INFO     Epoch 1354 [10/32]: loss = 0.03352202847599983, lr = 0.000125
2025-09-19 14:21:12 INFO     Epoch 1354 [20/32]: loss = 0.028866464272141457, lr = 0.000125
2025-09-19 14:21:12 INFO     Epoch 1354 [20/32]: loss = 0.028866464272141457, lr = 0.000125
2025-09-19 14:21:12 INFO     Epoch 1354 [20/32]: loss = 0.028866464272141457, lr = 0.000125
2025-09-19 14:21:12 INFO     Epoch 1354 [20/32]: loss = 0.028866464272141457, lr = 0.000125
2025-09-19 14:21:24 INFO     Epoch 1354 [30/32]: loss = 0.023448459804058075, lr = 0.000125
2025-09-19 14:21:24 INFO     Epoch 1354 [30/32]: loss = 0.023448459804058075, lr = 0.000125
2025-09-19 14:21:24 INFO     Epoch 1354 [30/32]: loss = 0.023448459804058075, lr = 0.000125
2025-09-19 14:21:24 INFO     Epoch 1354 [30/32]: loss = 0.023448459804058075, lr = 0.000125
2025-09-19 14:21:27 INFO     Epoch 1355 [0/32]: loss = 0.01999514363706112, lr = 0.000125
2025-09-19 14:21:27 INFO     Epoch 1355 [0/32]: loss = 0.01999514363706112, lr = 0.000125
2025-09-19 14:21:27 INFO     Epoch 1355 [0/32]: loss = 0.01999514363706112, lr = 0.000125
2025-09-19 14:21:27 INFO     Epoch 1355 [0/32]: loss = 0.01999514363706112, lr = 0.000125
2025-09-19 14:21:39 INFO     Epoch 1355 [10/32]: loss = 0.03933246433734894, lr = 0.000125
2025-09-19 14:21:39 INFO     Epoch 1355 [10/32]: loss = 0.03933246433734894, lr = 0.000125
2025-09-19 14:21:39 INFO     Epoch 1355 [10/32]: loss = 0.03933246433734894, lr = 0.000125
2025-09-19 14:21:39 INFO     Epoch 1355 [10/32]: loss = 0.03933246433734894, lr = 0.000125
2025-09-19 14:21:50 INFO     Epoch 1355 [20/32]: loss = 0.023533472791314125, lr = 0.000125
2025-09-19 14:21:50 INFO     Epoch 1355 [20/32]: loss = 0.023533472791314125, lr = 0.000125
2025-09-19 14:21:50 INFO     Epoch 1355 [20/32]: loss = 0.023533472791314125, lr = 0.000125
2025-09-19 14:21:50 INFO     Epoch 1355 [20/32]: loss = 0.023533472791314125, lr = 0.000125
2025-09-19 14:22:02 INFO     Epoch 1355 [30/32]: loss = 0.009652534499764442, lr = 0.000125
2025-09-19 14:22:02 INFO     Epoch 1355 [30/32]: loss = 0.009652534499764442, lr = 0.000125
2025-09-19 14:22:02 INFO     Epoch 1355 [30/32]: loss = 0.009652534499764442, lr = 0.000125
2025-09-19 14:22:02 INFO     Epoch 1355 [30/32]: loss = 0.009652534499764442, lr = 0.000125
2025-09-19 14:22:05 INFO     Epoch 1356 [0/32]: loss = 0.03203796222805977, lr = 0.000125
2025-09-19 14:22:05 INFO     Epoch 1356 [0/32]: loss = 0.03203796222805977, lr = 0.000125
2025-09-19 14:22:05 INFO     Epoch 1356 [0/32]: loss = 0.03203796222805977, lr = 0.000125
2025-09-19 14:22:05 INFO     Epoch 1356 [0/32]: loss = 0.03203796222805977, lr = 0.000125
2025-09-19 14:22:17 INFO     Epoch 1356 [10/32]: loss = 0.031082961708307266, lr = 0.000125
2025-09-19 14:22:17 INFO     Epoch 1356 [10/32]: loss = 0.031082961708307266, lr = 0.000125
2025-09-19 14:22:17 INFO     Epoch 1356 [10/32]: loss = 0.031082961708307266, lr = 0.000125
2025-09-19 14:22:17 INFO     Epoch 1356 [10/32]: loss = 0.031082961708307266, lr = 0.000125
2025-09-19 14:22:29 INFO     Epoch 1356 [20/32]: loss = 0.028871675953269005, lr = 0.000125
2025-09-19 14:22:29 INFO     Epoch 1356 [20/32]: loss = 0.028871675953269005, lr = 0.000125
2025-09-19 14:22:29 INFO     Epoch 1356 [20/32]: loss = 0.028871675953269005, lr = 0.000125
2025-09-19 14:22:29 INFO     Epoch 1356 [20/32]: loss = 0.028871675953269005, lr = 0.000125
2025-09-19 14:22:41 INFO     Epoch 1356 [30/32]: loss = 0.017865585163235664, lr = 0.000125
2025-09-19 14:22:41 INFO     Epoch 1356 [30/32]: loss = 0.017865585163235664, lr = 0.000125
2025-09-19 14:22:41 INFO     Epoch 1356 [30/32]: loss = 0.017865585163235664, lr = 0.000125
2025-09-19 14:22:41 INFO     Epoch 1356 [30/32]: loss = 0.017865585163235664, lr = 0.000125
2025-09-19 14:22:44 INFO     Epoch 1357 [0/32]: loss = 0.019281938672065735, lr = 0.000125
2025-09-19 14:22:44 INFO     Epoch 1357 [0/32]: loss = 0.019281938672065735, lr = 0.000125
2025-09-19 14:22:44 INFO     Epoch 1357 [0/32]: loss = 0.019281938672065735, lr = 0.000125
2025-09-19 14:22:44 INFO     Epoch 1357 [0/32]: loss = 0.019281938672065735, lr = 0.000125
2025-09-19 14:22:56 INFO     Epoch 1357 [10/32]: loss = 0.028408542275428772, lr = 0.000125
2025-09-19 14:22:56 INFO     Epoch 1357 [10/32]: loss = 0.028408542275428772, lr = 0.000125
2025-09-19 14:22:56 INFO     Epoch 1357 [10/32]: loss = 0.028408542275428772, lr = 0.000125
2025-09-19 14:22:56 INFO     Epoch 1357 [10/32]: loss = 0.028408542275428772, lr = 0.000125
2025-09-19 14:23:08 INFO     Epoch 1357 [20/32]: loss = 0.03196984902024269, lr = 0.000125
2025-09-19 14:23:08 INFO     Epoch 1357 [20/32]: loss = 0.03196984902024269, lr = 0.000125
2025-09-19 14:23:08 INFO     Epoch 1357 [20/32]: loss = 0.03196984902024269, lr = 0.000125
2025-09-19 14:23:08 INFO     Epoch 1357 [20/32]: loss = 0.03196984902024269, lr = 0.000125
2025-09-19 14:23:20 INFO     Epoch 1357 [30/32]: loss = 0.02578609809279442, lr = 0.000125
2025-09-19 14:23:20 INFO     Epoch 1357 [30/32]: loss = 0.02578609809279442, lr = 0.000125
2025-09-19 14:23:20 INFO     Epoch 1357 [30/32]: loss = 0.02578609809279442, lr = 0.000125
2025-09-19 14:23:20 INFO     Epoch 1357 [30/32]: loss = 0.02578609809279442, lr = 0.000125
2025-09-19 14:23:23 INFO     Epoch 1358 [0/32]: loss = 0.010666608810424805, lr = 0.000125
2025-09-19 14:23:23 INFO     Epoch 1358 [0/32]: loss = 0.010666608810424805, lr = 0.000125
2025-09-19 14:23:23 INFO     Epoch 1358 [0/32]: loss = 0.010666608810424805, lr = 0.000125
2025-09-19 14:23:23 INFO     Epoch 1358 [0/32]: loss = 0.010666608810424805, lr = 0.000125
2025-09-19 14:23:35 INFO     Epoch 1358 [10/32]: loss = 0.010538900271058083, lr = 0.000125
2025-09-19 14:23:35 INFO     Epoch 1358 [10/32]: loss = 0.010538900271058083, lr = 0.000125
2025-09-19 14:23:35 INFO     Epoch 1358 [10/32]: loss = 0.010538900271058083, lr = 0.000125
2025-09-19 14:23:35 INFO     Epoch 1358 [10/32]: loss = 0.010538900271058083, lr = 0.000125
2025-09-19 14:23:47 INFO     Epoch 1358 [20/32]: loss = 0.022792384028434753, lr = 0.000125
2025-09-19 14:23:47 INFO     Epoch 1358 [20/32]: loss = 0.022792384028434753, lr = 0.000125
2025-09-19 14:23:47 INFO     Epoch 1358 [20/32]: loss = 0.022792384028434753, lr = 0.000125
2025-09-19 14:23:47 INFO     Epoch 1358 [20/32]: loss = 0.022792384028434753, lr = 0.000125
2025-09-19 14:23:59 INFO     Epoch 1358 [30/32]: loss = 0.019846055656671524, lr = 0.000125
2025-09-19 14:23:59 INFO     Epoch 1358 [30/32]: loss = 0.019846055656671524, lr = 0.000125
2025-09-19 14:23:59 INFO     Epoch 1358 [30/32]: loss = 0.019846055656671524, lr = 0.000125
2025-09-19 14:23:59 INFO     Epoch 1358 [30/32]: loss = 0.019846055656671524, lr = 0.000125
2025-09-19 14:24:02 INFO     Epoch 1359 [0/32]: loss = 0.017125073820352554, lr = 0.000125
2025-09-19 14:24:02 INFO     Epoch 1359 [0/32]: loss = 0.017125073820352554, lr = 0.000125
2025-09-19 14:24:02 INFO     Epoch 1359 [0/32]: loss = 0.017125073820352554, lr = 0.000125
2025-09-19 14:24:02 INFO     Epoch 1359 [0/32]: loss = 0.017125073820352554, lr = 0.000125
2025-09-19 14:24:14 INFO     Epoch 1359 [10/32]: loss = 0.01624506339430809, lr = 0.000125
2025-09-19 14:24:14 INFO     Epoch 1359 [10/32]: loss = 0.01624506339430809, lr = 0.000125
2025-09-19 14:24:14 INFO     Epoch 1359 [10/32]: loss = 0.01624506339430809, lr = 0.000125
2025-09-19 14:24:14 INFO     Epoch 1359 [10/32]: loss = 0.01624506339430809, lr = 0.000125
2025-09-19 14:24:26 INFO     Epoch 1359 [20/32]: loss = 0.014962473884224892, lr = 0.000125
2025-09-19 14:24:26 INFO     Epoch 1359 [20/32]: loss = 0.014962473884224892, lr = 0.000125
2025-09-19 14:24:26 INFO     Epoch 1359 [20/32]: loss = 0.014962473884224892, lr = 0.000125
2025-09-19 14:24:26 INFO     Epoch 1359 [20/32]: loss = 0.014962473884224892, lr = 0.000125
2025-09-19 14:24:38 INFO     Epoch 1359 [30/32]: loss = 0.03258029371500015, lr = 0.000125
2025-09-19 14:24:38 INFO     Epoch 1359 [30/32]: loss = 0.03258029371500015, lr = 0.000125
2025-09-19 14:24:38 INFO     Epoch 1359 [30/32]: loss = 0.03258029371500015, lr = 0.000125
2025-09-19 14:24:38 INFO     Epoch 1359 [30/32]: loss = 0.03258029371500015, lr = 0.000125
2025-09-19 14:24:41 INFO     Epoch 1360 [0/32]: loss = 0.02151334285736084, lr = 0.000125
2025-09-19 14:24:41 INFO     Epoch 1360 [0/32]: loss = 0.02151334285736084, lr = 0.000125
2025-09-19 14:24:41 INFO     Epoch 1360 [0/32]: loss = 0.02151334285736084, lr = 0.000125
2025-09-19 14:24:41 INFO     Epoch 1360 [0/32]: loss = 0.02151334285736084, lr = 0.000125
2025-09-19 14:24:53 INFO     Epoch 1360 [10/32]: loss = 0.019222907721996307, lr = 0.000125
2025-09-19 14:24:53 INFO     Epoch 1360 [10/32]: loss = 0.019222907721996307, lr = 0.000125
2025-09-19 14:24:53 INFO     Epoch 1360 [10/32]: loss = 0.019222907721996307, lr = 0.000125
2025-09-19 14:24:53 INFO     Epoch 1360 [10/32]: loss = 0.019222907721996307, lr = 0.000125
2025-09-19 14:25:04 INFO     Epoch 1360 [20/32]: loss = 0.03255718946456909, lr = 0.000125
2025-09-19 14:25:04 INFO     Epoch 1360 [20/32]: loss = 0.03255718946456909, lr = 0.000125
2025-09-19 14:25:04 INFO     Epoch 1360 [20/32]: loss = 0.03255718946456909, lr = 0.000125
2025-09-19 14:25:04 INFO     Epoch 1360 [20/32]: loss = 0.03255718946456909, lr = 0.000125
2025-09-19 14:25:16 INFO     Epoch 1360 [30/32]: loss = 0.025652211159467697, lr = 0.000125
2025-09-19 14:25:16 INFO     Epoch 1360 [30/32]: loss = 0.025652211159467697, lr = 0.000125
2025-09-19 14:25:16 INFO     Epoch 1360 [30/32]: loss = 0.025652211159467697, lr = 0.000125
2025-09-19 14:25:16 INFO     Epoch 1360 [30/32]: loss = 0.025652211159467697, lr = 0.000125
2025-09-19 14:25:19 INFO     Epoch 1361 [0/32]: loss = 0.05580679327249527, lr = 0.000125
2025-09-19 14:25:19 INFO     Epoch 1361 [0/32]: loss = 0.05580679327249527, lr = 0.000125
2025-09-19 14:25:19 INFO     Epoch 1361 [0/32]: loss = 0.05580679327249527, lr = 0.000125
2025-09-19 14:25:19 INFO     Epoch 1361 [0/32]: loss = 0.05580679327249527, lr = 0.000125
2025-09-19 14:25:31 INFO     Epoch 1361 [10/32]: loss = 0.023633021861314774, lr = 0.000125
2025-09-19 14:25:31 INFO     Epoch 1361 [10/32]: loss = 0.023633021861314774, lr = 0.000125
2025-09-19 14:25:31 INFO     Epoch 1361 [10/32]: loss = 0.023633021861314774, lr = 0.000125
2025-09-19 14:25:31 INFO     Epoch 1361 [10/32]: loss = 0.023633021861314774, lr = 0.000125
2025-09-19 14:25:43 INFO     Epoch 1361 [20/32]: loss = 0.025770941749215126, lr = 0.000125
2025-09-19 14:25:43 INFO     Epoch 1361 [20/32]: loss = 0.025770941749215126, lr = 0.000125
2025-09-19 14:25:43 INFO     Epoch 1361 [20/32]: loss = 0.025770941749215126, lr = 0.000125
2025-09-19 14:25:43 INFO     Epoch 1361 [20/32]: loss = 0.025770941749215126, lr = 0.000125
2025-09-19 14:25:55 INFO     Epoch 1361 [30/32]: loss = 0.028831984847784042, lr = 0.000125
2025-09-19 14:25:55 INFO     Epoch 1361 [30/32]: loss = 0.028831984847784042, lr = 0.000125
2025-09-19 14:25:55 INFO     Epoch 1361 [30/32]: loss = 0.028831984847784042, lr = 0.000125
2025-09-19 14:25:55 INFO     Epoch 1361 [30/32]: loss = 0.028831984847784042, lr = 0.000125
2025-09-19 14:25:58 INFO     Epoch 1362 [0/32]: loss = 0.03562474995851517, lr = 0.000125
2025-09-19 14:25:58 INFO     Epoch 1362 [0/32]: loss = 0.03562474995851517, lr = 0.000125
2025-09-19 14:25:58 INFO     Epoch 1362 [0/32]: loss = 0.03562474995851517, lr = 0.000125
2025-09-19 14:25:58 INFO     Epoch 1362 [0/32]: loss = 0.03562474995851517, lr = 0.000125
2025-09-19 14:26:09 INFO     Epoch 1362 [10/32]: loss = 0.036854542791843414, lr = 0.000125
2025-09-19 14:26:09 INFO     Epoch 1362 [10/32]: loss = 0.036854542791843414, lr = 0.000125
2025-09-19 14:26:09 INFO     Epoch 1362 [10/32]: loss = 0.036854542791843414, lr = 0.000125
2025-09-19 14:26:09 INFO     Epoch 1362 [10/32]: loss = 0.036854542791843414, lr = 0.000125
2025-09-19 14:26:21 INFO     Epoch 1362 [20/32]: loss = 0.014567095786333084, lr = 0.000125
2025-09-19 14:26:21 INFO     Epoch 1362 [20/32]: loss = 0.014567095786333084, lr = 0.000125
2025-09-19 14:26:21 INFO     Epoch 1362 [20/32]: loss = 0.014567095786333084, lr = 0.000125
2025-09-19 14:26:21 INFO     Epoch 1362 [20/32]: loss = 0.014567095786333084, lr = 0.000125
2025-09-19 14:26:33 INFO     Epoch 1362 [30/32]: loss = 0.014237930998206139, lr = 0.000125
2025-09-19 14:26:33 INFO     Epoch 1362 [30/32]: loss = 0.014237930998206139, lr = 0.000125
2025-09-19 14:26:33 INFO     Epoch 1362 [30/32]: loss = 0.014237930998206139, lr = 0.000125
2025-09-19 14:26:33 INFO     Epoch 1362 [30/32]: loss = 0.014237930998206139, lr = 0.000125
2025-09-19 14:26:36 INFO     Epoch 1363 [0/32]: loss = 0.02181125432252884, lr = 0.000125
2025-09-19 14:26:36 INFO     Epoch 1363 [0/32]: loss = 0.02181125432252884, lr = 0.000125
2025-09-19 14:26:36 INFO     Epoch 1363 [0/32]: loss = 0.02181125432252884, lr = 0.000125
2025-09-19 14:26:36 INFO     Epoch 1363 [0/32]: loss = 0.02181125432252884, lr = 0.000125
2025-09-19 14:26:48 INFO     Epoch 1363 [10/32]: loss = 0.0425494909286499, lr = 0.000125
2025-09-19 14:26:48 INFO     Epoch 1363 [10/32]: loss = 0.0425494909286499, lr = 0.000125
2025-09-19 14:26:48 INFO     Epoch 1363 [10/32]: loss = 0.0425494909286499, lr = 0.000125
2025-09-19 14:26:48 INFO     Epoch 1363 [10/32]: loss = 0.0425494909286499, lr = 0.000125
2025-09-19 14:27:00 INFO     Epoch 1363 [20/32]: loss = 0.028902117162942886, lr = 0.000125
2025-09-19 14:27:00 INFO     Epoch 1363 [20/32]: loss = 0.028902117162942886, lr = 0.000125
2025-09-19 14:27:00 INFO     Epoch 1363 [20/32]: loss = 0.028902117162942886, lr = 0.000125
2025-09-19 14:27:00 INFO     Epoch 1363 [20/32]: loss = 0.028902117162942886, lr = 0.000125
2025-09-19 14:27:12 INFO     Epoch 1363 [30/32]: loss = 0.01908108964562416, lr = 0.000125
2025-09-19 14:27:12 INFO     Epoch 1363 [30/32]: loss = 0.01908108964562416, lr = 0.000125
2025-09-19 14:27:12 INFO     Epoch 1363 [30/32]: loss = 0.01908108964562416, lr = 0.000125
2025-09-19 14:27:12 INFO     Epoch 1363 [30/32]: loss = 0.01908108964562416, lr = 0.000125
2025-09-19 14:27:15 INFO     Epoch 1364 [0/32]: loss = 0.026422597467899323, lr = 0.000125
2025-09-19 14:27:15 INFO     Epoch 1364 [0/32]: loss = 0.026422597467899323, lr = 0.000125
2025-09-19 14:27:15 INFO     Epoch 1364 [0/32]: loss = 0.026422597467899323, lr = 0.000125
2025-09-19 14:27:15 INFO     Epoch 1364 [0/32]: loss = 0.026422597467899323, lr = 0.000125
2025-09-19 14:27:27 INFO     Epoch 1364 [10/32]: loss = 0.022245263680815697, lr = 0.000125
2025-09-19 14:27:27 INFO     Epoch 1364 [10/32]: loss = 0.022245263680815697, lr = 0.000125
2025-09-19 14:27:27 INFO     Epoch 1364 [10/32]: loss = 0.022245263680815697, lr = 0.000125
2025-09-19 14:27:27 INFO     Epoch 1364 [10/32]: loss = 0.022245263680815697, lr = 0.000125
2025-09-19 14:27:39 INFO     Epoch 1364 [20/32]: loss = 0.024496598169207573, lr = 0.000125
2025-09-19 14:27:39 INFO     Epoch 1364 [20/32]: loss = 0.024496598169207573, lr = 0.000125
2025-09-19 14:27:39 INFO     Epoch 1364 [20/32]: loss = 0.024496598169207573, lr = 0.000125
2025-09-19 14:27:39 INFO     Epoch 1364 [20/32]: loss = 0.024496598169207573, lr = 0.000125
2025-09-19 14:27:51 INFO     Epoch 1364 [30/32]: loss = 0.026511862874031067, lr = 0.000125
2025-09-19 14:27:51 INFO     Epoch 1364 [30/32]: loss = 0.026511862874031067, lr = 0.000125
2025-09-19 14:27:51 INFO     Epoch 1364 [30/32]: loss = 0.026511862874031067, lr = 0.000125
2025-09-19 14:27:51 INFO     Epoch 1364 [30/32]: loss = 0.026511862874031067, lr = 0.000125
2025-09-19 14:27:54 INFO     Epoch 1365 [0/32]: loss = 0.014416495338082314, lr = 0.000125
2025-09-19 14:27:54 INFO     Epoch 1365 [0/32]: loss = 0.014416495338082314, lr = 0.000125
2025-09-19 14:27:54 INFO     Epoch 1365 [0/32]: loss = 0.014416495338082314, lr = 0.000125
2025-09-19 14:27:54 INFO     Epoch 1365 [0/32]: loss = 0.014416495338082314, lr = 0.000125
2025-09-19 14:28:06 INFO     Epoch 1365 [10/32]: loss = 0.017779331654310226, lr = 0.000125
2025-09-19 14:28:06 INFO     Epoch 1365 [10/32]: loss = 0.017779331654310226, lr = 0.000125
2025-09-19 14:28:06 INFO     Epoch 1365 [10/32]: loss = 0.017779331654310226, lr = 0.000125
2025-09-19 14:28:06 INFO     Epoch 1365 [10/32]: loss = 0.017779331654310226, lr = 0.000125
2025-09-19 14:28:18 INFO     Epoch 1365 [20/32]: loss = 0.022854696959257126, lr = 0.000125
2025-09-19 14:28:18 INFO     Epoch 1365 [20/32]: loss = 0.022854696959257126, lr = 0.000125
2025-09-19 14:28:18 INFO     Epoch 1365 [20/32]: loss = 0.022854696959257126, lr = 0.000125
2025-09-19 14:28:18 INFO     Epoch 1365 [20/32]: loss = 0.022854696959257126, lr = 0.000125
2025-09-19 14:28:30 INFO     Epoch 1365 [30/32]: loss = 0.03628236800432205, lr = 0.000125
2025-09-19 14:28:30 INFO     Epoch 1365 [30/32]: loss = 0.03628236800432205, lr = 0.000125
2025-09-19 14:28:30 INFO     Epoch 1365 [30/32]: loss = 0.03628236800432205, lr = 0.000125
2025-09-19 14:28:30 INFO     Epoch 1365 [30/32]: loss = 0.03628236800432205, lr = 0.000125
2025-09-19 14:28:33 INFO     Epoch 1366 [0/32]: loss = 0.017939984798431396, lr = 0.000125
2025-09-19 14:28:33 INFO     Epoch 1366 [0/32]: loss = 0.017939984798431396, lr = 0.000125
2025-09-19 14:28:33 INFO     Epoch 1366 [0/32]: loss = 0.017939984798431396, lr = 0.000125
2025-09-19 14:28:33 INFO     Epoch 1366 [0/32]: loss = 0.017939984798431396, lr = 0.000125
2025-09-19 14:28:45 INFO     Epoch 1366 [10/32]: loss = 0.024286195635795593, lr = 0.000125
2025-09-19 14:28:45 INFO     Epoch 1366 [10/32]: loss = 0.024286195635795593, lr = 0.000125
2025-09-19 14:28:45 INFO     Epoch 1366 [10/32]: loss = 0.024286195635795593, lr = 0.000125
2025-09-19 14:28:45 INFO     Epoch 1366 [10/32]: loss = 0.024286195635795593, lr = 0.000125
2025-09-19 14:28:57 INFO     Epoch 1366 [20/32]: loss = 0.007133041508495808, lr = 0.000125
2025-09-19 14:28:57 INFO     Epoch 1366 [20/32]: loss = 0.007133041508495808, lr = 0.000125
2025-09-19 14:28:57 INFO     Epoch 1366 [20/32]: loss = 0.007133041508495808, lr = 0.000125
2025-09-19 14:28:57 INFO     Epoch 1366 [20/32]: loss = 0.007133041508495808, lr = 0.000125
2025-09-19 14:29:08 INFO     Epoch 1366 [30/32]: loss = 0.03735675662755966, lr = 0.000125
2025-09-19 14:29:08 INFO     Epoch 1366 [30/32]: loss = 0.03735675662755966, lr = 0.000125
2025-09-19 14:29:08 INFO     Epoch 1366 [30/32]: loss = 0.03735675662755966, lr = 0.000125
2025-09-19 14:29:08 INFO     Epoch 1366 [30/32]: loss = 0.03735675662755966, lr = 0.000125
2025-09-19 14:29:12 INFO     Epoch 1367 [0/32]: loss = 0.03533162176609039, lr = 0.000125
2025-09-19 14:29:12 INFO     Epoch 1367 [0/32]: loss = 0.03533162176609039, lr = 0.000125
2025-09-19 14:29:12 INFO     Epoch 1367 [0/32]: loss = 0.03533162176609039, lr = 0.000125
2025-09-19 14:29:12 INFO     Epoch 1367 [0/32]: loss = 0.03533162176609039, lr = 0.000125
2025-09-19 14:29:24 INFO     Epoch 1367 [10/32]: loss = 0.025094548240303993, lr = 0.000125
2025-09-19 14:29:24 INFO     Epoch 1367 [10/32]: loss = 0.025094548240303993, lr = 0.000125
2025-09-19 14:29:24 INFO     Epoch 1367 [10/32]: loss = 0.025094548240303993, lr = 0.000125
2025-09-19 14:29:24 INFO     Epoch 1367 [10/32]: loss = 0.025094548240303993, lr = 0.000125
2025-09-19 14:29:35 INFO     Epoch 1367 [20/32]: loss = 0.012298455461859703, lr = 0.000125
2025-09-19 14:29:35 INFO     Epoch 1367 [20/32]: loss = 0.012298455461859703, lr = 0.000125
2025-09-19 14:29:35 INFO     Epoch 1367 [20/32]: loss = 0.012298455461859703, lr = 0.000125
2025-09-19 14:29:35 INFO     Epoch 1367 [20/32]: loss = 0.012298455461859703, lr = 0.000125
2025-09-19 14:29:47 INFO     Epoch 1367 [30/32]: loss = 0.04940176382660866, lr = 0.000125
2025-09-19 14:29:47 INFO     Epoch 1367 [30/32]: loss = 0.04940176382660866, lr = 0.000125
2025-09-19 14:29:47 INFO     Epoch 1367 [30/32]: loss = 0.04940176382660866, lr = 0.000125
2025-09-19 14:29:47 INFO     Epoch 1367 [30/32]: loss = 0.04940176382660866, lr = 0.000125
2025-09-19 14:29:50 INFO     Epoch 1368 [0/32]: loss = 0.024649357423186302, lr = 0.000125
2025-09-19 14:29:50 INFO     Epoch 1368 [0/32]: loss = 0.024649357423186302, lr = 0.000125
2025-09-19 14:29:50 INFO     Epoch 1368 [0/32]: loss = 0.024649357423186302, lr = 0.000125
2025-09-19 14:29:50 INFO     Epoch 1368 [0/32]: loss = 0.024649357423186302, lr = 0.000125
2025-09-19 14:30:02 INFO     Epoch 1368 [10/32]: loss = 0.014605415984988213, lr = 0.000125
2025-09-19 14:30:02 INFO     Epoch 1368 [10/32]: loss = 0.014605415984988213, lr = 0.000125
2025-09-19 14:30:02 INFO     Epoch 1368 [10/32]: loss = 0.014605415984988213, lr = 0.000125
2025-09-19 14:30:02 INFO     Epoch 1368 [10/32]: loss = 0.014605415984988213, lr = 0.000125
2025-09-19 14:30:14 INFO     Epoch 1368 [20/32]: loss = 0.04050362855195999, lr = 0.000125
2025-09-19 14:30:14 INFO     Epoch 1368 [20/32]: loss = 0.04050362855195999, lr = 0.000125
2025-09-19 14:30:14 INFO     Epoch 1368 [20/32]: loss = 0.04050362855195999, lr = 0.000125
2025-09-19 14:30:14 INFO     Epoch 1368 [20/32]: loss = 0.04050362855195999, lr = 0.000125
2025-09-19 14:30:26 INFO     Epoch 1368 [30/32]: loss = 0.0377572625875473, lr = 0.000125
2025-09-19 14:30:26 INFO     Epoch 1368 [30/32]: loss = 0.0377572625875473, lr = 0.000125
2025-09-19 14:30:26 INFO     Epoch 1368 [30/32]: loss = 0.0377572625875473, lr = 0.000125
2025-09-19 14:30:26 INFO     Epoch 1368 [30/32]: loss = 0.0377572625875473, lr = 0.000125
2025-09-19 14:30:29 INFO     Epoch 1369 [0/32]: loss = 0.02482856810092926, lr = 0.000125
2025-09-19 14:30:29 INFO     Epoch 1369 [0/32]: loss = 0.02482856810092926, lr = 0.000125
2025-09-19 14:30:29 INFO     Epoch 1369 [0/32]: loss = 0.02482856810092926, lr = 0.000125
2025-09-19 14:30:29 INFO     Epoch 1369 [0/32]: loss = 0.02482856810092926, lr = 0.000125
2025-09-19 14:30:41 INFO     Epoch 1369 [10/32]: loss = 0.035240255296230316, lr = 0.000125
2025-09-19 14:30:41 INFO     Epoch 1369 [10/32]: loss = 0.035240255296230316, lr = 0.000125
2025-09-19 14:30:41 INFO     Epoch 1369 [10/32]: loss = 0.035240255296230316, lr = 0.000125
2025-09-19 14:30:41 INFO     Epoch 1369 [10/32]: loss = 0.035240255296230316, lr = 0.000125
2025-09-19 14:30:53 INFO     Epoch 1369 [20/32]: loss = 0.02506338804960251, lr = 0.000125
2025-09-19 14:30:53 INFO     Epoch 1369 [20/32]: loss = 0.02506338804960251, lr = 0.000125
2025-09-19 14:30:53 INFO     Epoch 1369 [20/32]: loss = 0.02506338804960251, lr = 0.000125
2025-09-19 14:30:53 INFO     Epoch 1369 [20/32]: loss = 0.02506338804960251, lr = 0.000125
2025-09-19 14:31:05 INFO     Epoch 1369 [30/32]: loss = 0.020858097821474075, lr = 0.000125
2025-09-19 14:31:05 INFO     Epoch 1369 [30/32]: loss = 0.020858097821474075, lr = 0.000125
2025-09-19 14:31:05 INFO     Epoch 1369 [30/32]: loss = 0.020858097821474075, lr = 0.000125
2025-09-19 14:31:05 INFO     Epoch 1369 [30/32]: loss = 0.020858097821474075, lr = 0.000125
2025-09-19 14:31:08 INFO     Epoch 1370 [0/32]: loss = 0.017789021134376526, lr = 0.000125
2025-09-19 14:31:08 INFO     Epoch 1370 [0/32]: loss = 0.017789021134376526, lr = 0.000125
2025-09-19 14:31:08 INFO     Epoch 1370 [0/32]: loss = 0.017789021134376526, lr = 0.000125
2025-09-19 14:31:08 INFO     Epoch 1370 [0/32]: loss = 0.017789021134376526, lr = 0.000125
2025-09-19 14:31:20 INFO     Epoch 1370 [10/32]: loss = 0.02429094910621643, lr = 0.000125
2025-09-19 14:31:20 INFO     Epoch 1370 [10/32]: loss = 0.02429094910621643, lr = 0.000125
2025-09-19 14:31:20 INFO     Epoch 1370 [10/32]: loss = 0.02429094910621643, lr = 0.000125
2025-09-19 14:31:20 INFO     Epoch 1370 [10/32]: loss = 0.02429094910621643, lr = 0.000125
2025-09-19 14:31:32 INFO     Epoch 1370 [20/32]: loss = 0.021543502807617188, lr = 0.000125
2025-09-19 14:31:32 INFO     Epoch 1370 [20/32]: loss = 0.021543502807617188, lr = 0.000125
2025-09-19 14:31:32 INFO     Epoch 1370 [20/32]: loss = 0.021543502807617188, lr = 0.000125
2025-09-19 14:31:32 INFO     Epoch 1370 [20/32]: loss = 0.021543502807617188, lr = 0.000125
2025-09-19 14:31:43 INFO     Epoch 1370 [30/32]: loss = 0.03178655728697777, lr = 0.000125
2025-09-19 14:31:43 INFO     Epoch 1370 [30/32]: loss = 0.03178655728697777, lr = 0.000125
2025-09-19 14:31:43 INFO     Epoch 1370 [30/32]: loss = 0.03178655728697777, lr = 0.000125
2025-09-19 14:31:43 INFO     Epoch 1370 [30/32]: loss = 0.03178655728697777, lr = 0.000125
2025-09-19 14:31:46 INFO     Epoch 1371 [0/32]: loss = 0.017892232164740562, lr = 0.000125
2025-09-19 14:31:46 INFO     Epoch 1371 [0/32]: loss = 0.017892232164740562, lr = 0.000125
2025-09-19 14:31:46 INFO     Epoch 1371 [0/32]: loss = 0.017892232164740562, lr = 0.000125
2025-09-19 14:31:46 INFO     Epoch 1371 [0/32]: loss = 0.017892232164740562, lr = 0.000125
2025-09-19 14:31:58 INFO     Epoch 1371 [10/32]: loss = 0.02573273330926895, lr = 0.000125
2025-09-19 14:31:58 INFO     Epoch 1371 [10/32]: loss = 0.02573273330926895, lr = 0.000125
2025-09-19 14:31:58 INFO     Epoch 1371 [10/32]: loss = 0.02573273330926895, lr = 0.000125
2025-09-19 14:31:58 INFO     Epoch 1371 [10/32]: loss = 0.02573273330926895, lr = 0.000125
2025-09-19 14:32:10 INFO     Epoch 1371 [20/32]: loss = 0.021486587822437286, lr = 0.000125
2025-09-19 14:32:10 INFO     Epoch 1371 [20/32]: loss = 0.021486587822437286, lr = 0.000125
2025-09-19 14:32:10 INFO     Epoch 1371 [20/32]: loss = 0.021486587822437286, lr = 0.000125
2025-09-19 14:32:10 INFO     Epoch 1371 [20/32]: loss = 0.021486587822437286, lr = 0.000125
2025-09-19 14:32:22 INFO     Epoch 1371 [30/32]: loss = 0.02429387718439102, lr = 0.000125
2025-09-19 14:32:22 INFO     Epoch 1371 [30/32]: loss = 0.02429387718439102, lr = 0.000125
2025-09-19 14:32:22 INFO     Epoch 1371 [30/32]: loss = 0.02429387718439102, lr = 0.000125
2025-09-19 14:32:22 INFO     Epoch 1371 [30/32]: loss = 0.02429387718439102, lr = 0.000125
2025-09-19 14:32:25 INFO     Epoch 1372 [0/32]: loss = 0.02857154607772827, lr = 0.000125
2025-09-19 14:32:25 INFO     Epoch 1372 [0/32]: loss = 0.02857154607772827, lr = 0.000125
2025-09-19 14:32:25 INFO     Epoch 1372 [0/32]: loss = 0.02857154607772827, lr = 0.000125
2025-09-19 14:32:25 INFO     Epoch 1372 [0/32]: loss = 0.02857154607772827, lr = 0.000125
2025-09-19 14:32:37 INFO     Epoch 1372 [10/32]: loss = 0.03927544504404068, lr = 0.000125
2025-09-19 14:32:37 INFO     Epoch 1372 [10/32]: loss = 0.03927544504404068, lr = 0.000125
2025-09-19 14:32:37 INFO     Epoch 1372 [10/32]: loss = 0.03927544504404068, lr = 0.000125
2025-09-19 14:32:37 INFO     Epoch 1372 [10/32]: loss = 0.03927544504404068, lr = 0.000125
2025-09-19 14:32:49 INFO     Epoch 1372 [20/32]: loss = 0.02886510081589222, lr = 0.000125
2025-09-19 14:32:49 INFO     Epoch 1372 [20/32]: loss = 0.02886510081589222, lr = 0.000125
2025-09-19 14:32:49 INFO     Epoch 1372 [20/32]: loss = 0.02886510081589222, lr = 0.000125
2025-09-19 14:32:49 INFO     Epoch 1372 [20/32]: loss = 0.02886510081589222, lr = 0.000125
2025-09-19 14:33:01 INFO     Epoch 1372 [30/32]: loss = 0.04418408125638962, lr = 0.000125
2025-09-19 14:33:01 INFO     Epoch 1372 [30/32]: loss = 0.04418408125638962, lr = 0.000125
2025-09-19 14:33:01 INFO     Epoch 1372 [30/32]: loss = 0.04418408125638962, lr = 0.000125
2025-09-19 14:33:01 INFO     Epoch 1372 [30/32]: loss = 0.04418408125638962, lr = 0.000125
2025-09-19 14:33:04 INFO     Epoch 1373 [0/32]: loss = 0.026710782200098038, lr = 0.000125
2025-09-19 14:33:04 INFO     Epoch 1373 [0/32]: loss = 0.026710782200098038, lr = 0.000125
2025-09-19 14:33:04 INFO     Epoch 1373 [0/32]: loss = 0.026710782200098038, lr = 0.000125
2025-09-19 14:33:04 INFO     Epoch 1373 [0/32]: loss = 0.026710782200098038, lr = 0.000125
2025-09-19 14:33:16 INFO     Epoch 1373 [10/32]: loss = 0.027997862547636032, lr = 0.000125
2025-09-19 14:33:16 INFO     Epoch 1373 [10/32]: loss = 0.027997862547636032, lr = 0.000125
2025-09-19 14:33:16 INFO     Epoch 1373 [10/32]: loss = 0.027997862547636032, lr = 0.000125
2025-09-19 14:33:16 INFO     Epoch 1373 [10/32]: loss = 0.027997862547636032, lr = 0.000125
2025-09-19 14:33:27 INFO     Epoch 1373 [20/32]: loss = 0.02523958683013916, lr = 0.000125
2025-09-19 14:33:27 INFO     Epoch 1373 [20/32]: loss = 0.02523958683013916, lr = 0.000125
2025-09-19 14:33:27 INFO     Epoch 1373 [20/32]: loss = 0.02523958683013916, lr = 0.000125
2025-09-19 14:33:27 INFO     Epoch 1373 [20/32]: loss = 0.02523958683013916, lr = 0.000125
2025-09-19 14:33:39 INFO     Epoch 1373 [30/32]: loss = 0.017504388466477394, lr = 0.000125
2025-09-19 14:33:39 INFO     Epoch 1373 [30/32]: loss = 0.017504388466477394, lr = 0.000125
2025-09-19 14:33:39 INFO     Epoch 1373 [30/32]: loss = 0.017504388466477394, lr = 0.000125
2025-09-19 14:33:39 INFO     Epoch 1373 [30/32]: loss = 0.017504388466477394, lr = 0.000125
2025-09-19 14:33:42 INFO     Epoch 1374 [0/32]: loss = 0.02879980020225048, lr = 0.000125
2025-09-19 14:33:42 INFO     Epoch 1374 [0/32]: loss = 0.02879980020225048, lr = 0.000125
2025-09-19 14:33:42 INFO     Epoch 1374 [0/32]: loss = 0.02879980020225048, lr = 0.000125
2025-09-19 14:33:42 INFO     Epoch 1374 [0/32]: loss = 0.02879980020225048, lr = 0.000125
2025-09-19 14:33:54 INFO     Epoch 1374 [10/32]: loss = 0.034129686653614044, lr = 0.000125
2025-09-19 14:33:54 INFO     Epoch 1374 [10/32]: loss = 0.034129686653614044, lr = 0.000125
2025-09-19 14:33:54 INFO     Epoch 1374 [10/32]: loss = 0.034129686653614044, lr = 0.000125
2025-09-19 14:33:54 INFO     Epoch 1374 [10/32]: loss = 0.034129686653614044, lr = 0.000125
2025-09-19 14:34:06 INFO     Epoch 1374 [20/32]: loss = 0.02655474841594696, lr = 0.000125
2025-09-19 14:34:06 INFO     Epoch 1374 [20/32]: loss = 0.02655474841594696, lr = 0.000125
2025-09-19 14:34:06 INFO     Epoch 1374 [20/32]: loss = 0.02655474841594696, lr = 0.000125
2025-09-19 14:34:06 INFO     Epoch 1374 [20/32]: loss = 0.02655474841594696, lr = 0.000125
2025-09-19 14:34:18 INFO     Epoch 1374 [30/32]: loss = 0.027775963768363, lr = 0.000125
2025-09-19 14:34:18 INFO     Epoch 1374 [30/32]: loss = 0.027775963768363, lr = 0.000125
2025-09-19 14:34:18 INFO     Epoch 1374 [30/32]: loss = 0.027775963768363, lr = 0.000125
2025-09-19 14:34:18 INFO     Epoch 1374 [30/32]: loss = 0.027775963768363, lr = 0.000125
2025-09-19 14:34:21 INFO     Epoch 1375 [0/32]: loss = 0.026692993938922882, lr = 0.000125
2025-09-19 14:34:21 INFO     Epoch 1375 [0/32]: loss = 0.026692993938922882, lr = 0.000125
2025-09-19 14:34:21 INFO     Epoch 1375 [0/32]: loss = 0.026692993938922882, lr = 0.000125
2025-09-19 14:34:21 INFO     Epoch 1375 [0/32]: loss = 0.026692993938922882, lr = 0.000125
2025-09-19 14:34:33 INFO     Epoch 1375 [10/32]: loss = 0.011111770756542683, lr = 0.000125
2025-09-19 14:34:33 INFO     Epoch 1375 [10/32]: loss = 0.011111770756542683, lr = 0.000125
2025-09-19 14:34:33 INFO     Epoch 1375 [10/32]: loss = 0.011111770756542683, lr = 0.000125
2025-09-19 14:34:33 INFO     Epoch 1375 [10/32]: loss = 0.011111770756542683, lr = 0.000125
2025-09-19 14:34:45 INFO     Epoch 1375 [20/32]: loss = 0.02703143283724785, lr = 0.000125
2025-09-19 14:34:45 INFO     Epoch 1375 [20/32]: loss = 0.02703143283724785, lr = 0.000125
2025-09-19 14:34:45 INFO     Epoch 1375 [20/32]: loss = 0.02703143283724785, lr = 0.000125
2025-09-19 14:34:45 INFO     Epoch 1375 [20/32]: loss = 0.02703143283724785, lr = 0.000125
2025-09-19 14:34:57 INFO     Epoch 1375 [30/32]: loss = 0.025439297780394554, lr = 0.000125
2025-09-19 14:34:57 INFO     Epoch 1375 [30/32]: loss = 0.025439297780394554, lr = 0.000125
2025-09-19 14:34:57 INFO     Epoch 1375 [30/32]: loss = 0.025439297780394554, lr = 0.000125
2025-09-19 14:34:57 INFO     Epoch 1375 [30/32]: loss = 0.025439297780394554, lr = 0.000125
2025-09-19 14:35:00 INFO     Epoch 1376 [0/32]: loss = 0.014669017866253853, lr = 0.000125
2025-09-19 14:35:00 INFO     Epoch 1376 [0/32]: loss = 0.014669017866253853, lr = 0.000125
2025-09-19 14:35:00 INFO     Epoch 1376 [0/32]: loss = 0.014669017866253853, lr = 0.000125
2025-09-19 14:35:00 INFO     Epoch 1376 [0/32]: loss = 0.014669017866253853, lr = 0.000125
2025-09-19 14:35:12 INFO     Epoch 1376 [10/32]: loss = 0.025047309696674347, lr = 0.000125
2025-09-19 14:35:12 INFO     Epoch 1376 [10/32]: loss = 0.025047309696674347, lr = 0.000125
2025-09-19 14:35:12 INFO     Epoch 1376 [10/32]: loss = 0.025047309696674347, lr = 0.000125
2025-09-19 14:35:12 INFO     Epoch 1376 [10/32]: loss = 0.025047309696674347, lr = 0.000125
2025-09-19 14:35:24 INFO     Epoch 1376 [20/32]: loss = 0.013505096547305584, lr = 0.000125
2025-09-19 14:35:24 INFO     Epoch 1376 [20/32]: loss = 0.013505096547305584, lr = 0.000125
2025-09-19 14:35:24 INFO     Epoch 1376 [20/32]: loss = 0.013505096547305584, lr = 0.000125
2025-09-19 14:35:24 INFO     Epoch 1376 [20/32]: loss = 0.013505096547305584, lr = 0.000125
2025-09-19 14:35:36 INFO     Epoch 1376 [30/32]: loss = 0.01423876266926527, lr = 0.000125
2025-09-19 14:35:36 INFO     Epoch 1376 [30/32]: loss = 0.01423876266926527, lr = 0.000125
2025-09-19 14:35:36 INFO     Epoch 1376 [30/32]: loss = 0.01423876266926527, lr = 0.000125
2025-09-19 14:35:36 INFO     Epoch 1376 [30/32]: loss = 0.01423876266926527, lr = 0.000125
2025-09-19 14:35:39 INFO     Epoch 1377 [0/32]: loss = 0.03974580019712448, lr = 0.000125
2025-09-19 14:35:39 INFO     Epoch 1377 [0/32]: loss = 0.03974580019712448, lr = 0.000125
2025-09-19 14:35:39 INFO     Epoch 1377 [0/32]: loss = 0.03974580019712448, lr = 0.000125
2025-09-19 14:35:39 INFO     Epoch 1377 [0/32]: loss = 0.03974580019712448, lr = 0.000125
2025-09-19 14:35:50 INFO     Epoch 1377 [10/32]: loss = 0.02517199143767357, lr = 0.000125
2025-09-19 14:35:50 INFO     Epoch 1377 [10/32]: loss = 0.02517199143767357, lr = 0.000125
2025-09-19 14:35:50 INFO     Epoch 1377 [10/32]: loss = 0.02517199143767357, lr = 0.000125
2025-09-19 14:35:50 INFO     Epoch 1377 [10/32]: loss = 0.02517199143767357, lr = 0.000125
2025-09-19 14:36:02 INFO     Epoch 1377 [20/32]: loss = 0.030417535454034805, lr = 0.000125
2025-09-19 14:36:02 INFO     Epoch 1377 [20/32]: loss = 0.030417535454034805, lr = 0.000125
2025-09-19 14:36:02 INFO     Epoch 1377 [20/32]: loss = 0.030417535454034805, lr = 0.000125
2025-09-19 14:36:02 INFO     Epoch 1377 [20/32]: loss = 0.030417535454034805, lr = 0.000125
2025-09-19 14:36:14 INFO     Epoch 1377 [30/32]: loss = 0.022154293954372406, lr = 0.000125
2025-09-19 14:36:14 INFO     Epoch 1377 [30/32]: loss = 0.022154293954372406, lr = 0.000125
2025-09-19 14:36:14 INFO     Epoch 1377 [30/32]: loss = 0.022154293954372406, lr = 0.000125
2025-09-19 14:36:14 INFO     Epoch 1377 [30/32]: loss = 0.022154293954372406, lr = 0.000125
2025-09-19 14:36:17 INFO     Epoch 1378 [0/32]: loss = 0.021842259913682938, lr = 0.000125
2025-09-19 14:36:17 INFO     Epoch 1378 [0/32]: loss = 0.021842259913682938, lr = 0.000125
2025-09-19 14:36:17 INFO     Epoch 1378 [0/32]: loss = 0.021842259913682938, lr = 0.000125
2025-09-19 14:36:17 INFO     Epoch 1378 [0/32]: loss = 0.021842259913682938, lr = 0.000125
2025-09-19 14:36:29 INFO     Epoch 1378 [10/32]: loss = 0.034559138119220734, lr = 0.000125
2025-09-19 14:36:29 INFO     Epoch 1378 [10/32]: loss = 0.034559138119220734, lr = 0.000125
2025-09-19 14:36:29 INFO     Epoch 1378 [10/32]: loss = 0.034559138119220734, lr = 0.000125
2025-09-19 14:36:29 INFO     Epoch 1378 [10/32]: loss = 0.034559138119220734, lr = 0.000125
2025-09-19 14:36:41 INFO     Epoch 1378 [20/32]: loss = 0.040639664977788925, lr = 0.000125
2025-09-19 14:36:41 INFO     Epoch 1378 [20/32]: loss = 0.040639664977788925, lr = 0.000125
2025-09-19 14:36:41 INFO     Epoch 1378 [20/32]: loss = 0.040639664977788925, lr = 0.000125
2025-09-19 14:36:41 INFO     Epoch 1378 [20/32]: loss = 0.040639664977788925, lr = 0.000125
2025-09-19 14:36:53 INFO     Epoch 1378 [30/32]: loss = 0.03605883568525314, lr = 0.000125
2025-09-19 14:36:53 INFO     Epoch 1378 [30/32]: loss = 0.03605883568525314, lr = 0.000125
2025-09-19 14:36:53 INFO     Epoch 1378 [30/32]: loss = 0.03605883568525314, lr = 0.000125
2025-09-19 14:36:53 INFO     Epoch 1378 [30/32]: loss = 0.03605883568525314, lr = 0.000125
2025-09-19 14:36:56 INFO     Epoch 1379 [0/32]: loss = 0.02169705368578434, lr = 0.000125
2025-09-19 14:36:56 INFO     Epoch 1379 [0/32]: loss = 0.02169705368578434, lr = 0.000125
2025-09-19 14:36:56 INFO     Epoch 1379 [0/32]: loss = 0.02169705368578434, lr = 0.000125
2025-09-19 14:36:56 INFO     Epoch 1379 [0/32]: loss = 0.02169705368578434, lr = 0.000125
2025-09-19 14:37:08 INFO     Epoch 1379 [10/32]: loss = 0.03440415859222412, lr = 0.000125
2025-09-19 14:37:08 INFO     Epoch 1379 [10/32]: loss = 0.03440415859222412, lr = 0.000125
2025-09-19 14:37:08 INFO     Epoch 1379 [10/32]: loss = 0.03440415859222412, lr = 0.000125
2025-09-19 14:37:08 INFO     Epoch 1379 [10/32]: loss = 0.03440415859222412, lr = 0.000125
2025-09-19 14:37:19 INFO     Epoch 1379 [20/32]: loss = 0.025971125811338425, lr = 0.000125
2025-09-19 14:37:19 INFO     Epoch 1379 [20/32]: loss = 0.025971125811338425, lr = 0.000125
2025-09-19 14:37:19 INFO     Epoch 1379 [20/32]: loss = 0.025971125811338425, lr = 0.000125
2025-09-19 14:37:19 INFO     Epoch 1379 [20/32]: loss = 0.025971125811338425, lr = 0.000125
2025-09-19 14:37:31 INFO     Epoch 1379 [30/32]: loss = 0.025347109884023666, lr = 0.000125
2025-09-19 14:37:31 INFO     Epoch 1379 [30/32]: loss = 0.025347109884023666, lr = 0.000125
2025-09-19 14:37:31 INFO     Epoch 1379 [30/32]: loss = 0.025347109884023666, lr = 0.000125
2025-09-19 14:37:31 INFO     Epoch 1379 [30/32]: loss = 0.025347109884023666, lr = 0.000125
2025-09-19 14:37:34 INFO     Epoch 1380 [0/32]: loss = 0.022615443915128708, lr = 0.000125
2025-09-19 14:37:34 INFO     Epoch 1380 [0/32]: loss = 0.022615443915128708, lr = 0.000125
2025-09-19 14:37:34 INFO     Epoch 1380 [0/32]: loss = 0.022615443915128708, lr = 0.000125
2025-09-19 14:37:34 INFO     Epoch 1380 [0/32]: loss = 0.022615443915128708, lr = 0.000125
2025-09-19 14:37:46 INFO     Epoch 1380 [10/32]: loss = 0.022615104913711548, lr = 0.000125
2025-09-19 14:37:46 INFO     Epoch 1380 [10/32]: loss = 0.022615104913711548, lr = 0.000125
2025-09-19 14:37:46 INFO     Epoch 1380 [10/32]: loss = 0.022615104913711548, lr = 0.000125
2025-09-19 14:37:46 INFO     Epoch 1380 [10/32]: loss = 0.022615104913711548, lr = 0.000125
2025-09-19 14:37:58 INFO     Epoch 1380 [20/32]: loss = 0.011310109868645668, lr = 0.000125
2025-09-19 14:37:58 INFO     Epoch 1380 [20/32]: loss = 0.011310109868645668, lr = 0.000125
2025-09-19 14:37:58 INFO     Epoch 1380 [20/32]: loss = 0.011310109868645668, lr = 0.000125
2025-09-19 14:37:58 INFO     Epoch 1380 [20/32]: loss = 0.011310109868645668, lr = 0.000125
2025-09-19 14:38:10 INFO     Epoch 1380 [30/32]: loss = 0.04616037383675575, lr = 0.000125
2025-09-19 14:38:10 INFO     Epoch 1380 [30/32]: loss = 0.04616037383675575, lr = 0.000125
2025-09-19 14:38:10 INFO     Epoch 1380 [30/32]: loss = 0.04616037383675575, lr = 0.000125
2025-09-19 14:38:10 INFO     Epoch 1380 [30/32]: loss = 0.04616037383675575, lr = 0.000125
2025-09-19 14:38:13 INFO     Epoch 1381 [0/32]: loss = 0.0108100026845932, lr = 0.000125
2025-09-19 14:38:13 INFO     Epoch 1381 [0/32]: loss = 0.0108100026845932, lr = 0.000125
2025-09-19 14:38:13 INFO     Epoch 1381 [0/32]: loss = 0.0108100026845932, lr = 0.000125
2025-09-19 14:38:13 INFO     Epoch 1381 [0/32]: loss = 0.0108100026845932, lr = 0.000125
2025-09-19 14:38:25 INFO     Epoch 1381 [10/32]: loss = 0.018317824229598045, lr = 0.000125
2025-09-19 14:38:25 INFO     Epoch 1381 [10/32]: loss = 0.018317824229598045, lr = 0.000125
2025-09-19 14:38:25 INFO     Epoch 1381 [10/32]: loss = 0.018317824229598045, lr = 0.000125
2025-09-19 14:38:25 INFO     Epoch 1381 [10/32]: loss = 0.018317824229598045, lr = 0.000125
2025-09-19 14:38:37 INFO     Epoch 1381 [20/32]: loss = 0.02025672234594822, lr = 0.000125
2025-09-19 14:38:37 INFO     Epoch 1381 [20/32]: loss = 0.02025672234594822, lr = 0.000125
2025-09-19 14:38:37 INFO     Epoch 1381 [20/32]: loss = 0.02025672234594822, lr = 0.000125
2025-09-19 14:38:37 INFO     Epoch 1381 [20/32]: loss = 0.02025672234594822, lr = 0.000125
2025-09-19 14:38:49 INFO     Epoch 1381 [30/32]: loss = 0.011203235946595669, lr = 0.000125
2025-09-19 14:38:49 INFO     Epoch 1381 [30/32]: loss = 0.011203235946595669, lr = 0.000125
2025-09-19 14:38:49 INFO     Epoch 1381 [30/32]: loss = 0.011203235946595669, lr = 0.000125
2025-09-19 14:38:49 INFO     Epoch 1381 [30/32]: loss = 0.011203235946595669, lr = 0.000125
2025-09-19 14:38:52 INFO     Epoch 1382 [0/32]: loss = 0.028343550860881805, lr = 0.000125
2025-09-19 14:38:52 INFO     Epoch 1382 [0/32]: loss = 0.028343550860881805, lr = 0.000125
2025-09-19 14:38:52 INFO     Epoch 1382 [0/32]: loss = 0.028343550860881805, lr = 0.000125
2025-09-19 14:38:52 INFO     Epoch 1382 [0/32]: loss = 0.028343550860881805, lr = 0.000125
2025-09-19 14:39:04 INFO     Epoch 1382 [10/32]: loss = 0.033064745366573334, lr = 0.000125
2025-09-19 14:39:04 INFO     Epoch 1382 [10/32]: loss = 0.033064745366573334, lr = 0.000125
2025-09-19 14:39:04 INFO     Epoch 1382 [10/32]: loss = 0.033064745366573334, lr = 0.000125
2025-09-19 14:39:04 INFO     Epoch 1382 [10/32]: loss = 0.033064745366573334, lr = 0.000125
2025-09-19 14:39:16 INFO     Epoch 1382 [20/32]: loss = 0.0127391517162323, lr = 0.000125
2025-09-19 14:39:16 INFO     Epoch 1382 [20/32]: loss = 0.0127391517162323, lr = 0.000125
2025-09-19 14:39:16 INFO     Epoch 1382 [20/32]: loss = 0.0127391517162323, lr = 0.000125
2025-09-19 14:39:16 INFO     Epoch 1382 [20/32]: loss = 0.0127391517162323, lr = 0.000125
2025-09-19 14:39:28 INFO     Epoch 1382 [30/32]: loss = 0.011312603019177914, lr = 0.000125
2025-09-19 14:39:28 INFO     Epoch 1382 [30/32]: loss = 0.011312603019177914, lr = 0.000125
2025-09-19 14:39:28 INFO     Epoch 1382 [30/32]: loss = 0.011312603019177914, lr = 0.000125
2025-09-19 14:39:28 INFO     Epoch 1382 [30/32]: loss = 0.011312603019177914, lr = 0.000125
2025-09-19 14:39:31 INFO     Epoch 1383 [0/32]: loss = 0.017073871567845345, lr = 0.000125
2025-09-19 14:39:31 INFO     Epoch 1383 [0/32]: loss = 0.017073871567845345, lr = 0.000125
2025-09-19 14:39:31 INFO     Epoch 1383 [0/32]: loss = 0.017073871567845345, lr = 0.000125
2025-09-19 14:39:31 INFO     Epoch 1383 [0/32]: loss = 0.017073871567845345, lr = 0.000125
2025-09-19 14:39:43 INFO     Epoch 1383 [10/32]: loss = 0.02510843053460121, lr = 0.000125
2025-09-19 14:39:43 INFO     Epoch 1383 [10/32]: loss = 0.02510843053460121, lr = 0.000125
2025-09-19 14:39:43 INFO     Epoch 1383 [10/32]: loss = 0.02510843053460121, lr = 0.000125
2025-09-19 14:39:43 INFO     Epoch 1383 [10/32]: loss = 0.02510843053460121, lr = 0.000125
2025-09-19 14:39:55 INFO     Epoch 1383 [20/32]: loss = 0.028293894603848457, lr = 0.000125
2025-09-19 14:39:55 INFO     Epoch 1383 [20/32]: loss = 0.028293894603848457, lr = 0.000125
2025-09-19 14:39:55 INFO     Epoch 1383 [20/32]: loss = 0.028293894603848457, lr = 0.000125
2025-09-19 14:39:55 INFO     Epoch 1383 [20/32]: loss = 0.028293894603848457, lr = 0.000125
2025-09-19 14:40:07 INFO     Epoch 1383 [30/32]: loss = 0.025317098945379257, lr = 0.000125
2025-09-19 14:40:07 INFO     Epoch 1383 [30/32]: loss = 0.025317098945379257, lr = 0.000125
2025-09-19 14:40:07 INFO     Epoch 1383 [30/32]: loss = 0.025317098945379257, lr = 0.000125
2025-09-19 14:40:07 INFO     Epoch 1383 [30/32]: loss = 0.025317098945379257, lr = 0.000125
2025-09-19 14:40:10 INFO     Epoch 1384 [0/32]: loss = 0.013223079033195972, lr = 0.000125
2025-09-19 14:40:10 INFO     Epoch 1384 [0/32]: loss = 0.013223079033195972, lr = 0.000125
2025-09-19 14:40:10 INFO     Epoch 1384 [0/32]: loss = 0.013223079033195972, lr = 0.000125
2025-09-19 14:40:10 INFO     Epoch 1384 [0/32]: loss = 0.013223079033195972, lr = 0.000125
2025-09-19 14:40:22 INFO     Epoch 1384 [10/32]: loss = 0.025212623178958893, lr = 0.000125
2025-09-19 14:40:22 INFO     Epoch 1384 [10/32]: loss = 0.025212623178958893, lr = 0.000125
2025-09-19 14:40:22 INFO     Epoch 1384 [10/32]: loss = 0.025212623178958893, lr = 0.000125
2025-09-19 14:40:22 INFO     Epoch 1384 [10/32]: loss = 0.025212623178958893, lr = 0.000125
2025-09-19 14:40:33 INFO     Epoch 1384 [20/32]: loss = 0.034107327461242676, lr = 0.000125
2025-09-19 14:40:33 INFO     Epoch 1384 [20/32]: loss = 0.034107327461242676, lr = 0.000125
2025-09-19 14:40:33 INFO     Epoch 1384 [20/32]: loss = 0.034107327461242676, lr = 0.000125
2025-09-19 14:40:33 INFO     Epoch 1384 [20/32]: loss = 0.034107327461242676, lr = 0.000125
2025-09-19 14:40:45 INFO     Epoch 1384 [30/32]: loss = 0.027037611231207848, lr = 0.000125
2025-09-19 14:40:45 INFO     Epoch 1384 [30/32]: loss = 0.027037611231207848, lr = 0.000125
2025-09-19 14:40:45 INFO     Epoch 1384 [30/32]: loss = 0.027037611231207848, lr = 0.000125
2025-09-19 14:40:45 INFO     Epoch 1384 [30/32]: loss = 0.027037611231207848, lr = 0.000125
2025-09-19 14:40:48 INFO     Epoch 1385 [0/32]: loss = 0.025020170956850052, lr = 0.000125
2025-09-19 14:40:48 INFO     Epoch 1385 [0/32]: loss = 0.025020170956850052, lr = 0.000125
2025-09-19 14:40:48 INFO     Epoch 1385 [0/32]: loss = 0.025020170956850052, lr = 0.000125
2025-09-19 14:40:48 INFO     Epoch 1385 [0/32]: loss = 0.025020170956850052, lr = 0.000125
2025-09-19 14:41:00 INFO     Epoch 1385 [10/32]: loss = 0.02859705500304699, lr = 0.000125
2025-09-19 14:41:00 INFO     Epoch 1385 [10/32]: loss = 0.02859705500304699, lr = 0.000125
2025-09-19 14:41:00 INFO     Epoch 1385 [10/32]: loss = 0.02859705500304699, lr = 0.000125
2025-09-19 14:41:00 INFO     Epoch 1385 [10/32]: loss = 0.02859705500304699, lr = 0.000125
2025-09-19 14:41:12 INFO     Epoch 1385 [20/32]: loss = 0.02848835289478302, lr = 0.000125
2025-09-19 14:41:12 INFO     Epoch 1385 [20/32]: loss = 0.02848835289478302, lr = 0.000125
2025-09-19 14:41:12 INFO     Epoch 1385 [20/32]: loss = 0.02848835289478302, lr = 0.000125
2025-09-19 14:41:12 INFO     Epoch 1385 [20/32]: loss = 0.02848835289478302, lr = 0.000125
2025-09-19 14:41:23 INFO     Epoch 1385 [30/32]: loss = 0.03200981020927429, lr = 0.000125
2025-09-19 14:41:23 INFO     Epoch 1385 [30/32]: loss = 0.03200981020927429, lr = 0.000125
2025-09-19 14:41:23 INFO     Epoch 1385 [30/32]: loss = 0.03200981020927429, lr = 0.000125
2025-09-19 14:41:23 INFO     Epoch 1385 [30/32]: loss = 0.03200981020927429, lr = 0.000125
2025-09-19 14:41:27 INFO     Epoch 1386 [0/32]: loss = 0.021525952965021133, lr = 0.000125
2025-09-19 14:41:27 INFO     Epoch 1386 [0/32]: loss = 0.021525952965021133, lr = 0.000125
2025-09-19 14:41:27 INFO     Epoch 1386 [0/32]: loss = 0.021525952965021133, lr = 0.000125
2025-09-19 14:41:27 INFO     Epoch 1386 [0/32]: loss = 0.021525952965021133, lr = 0.000125
2025-09-19 14:41:38 INFO     Epoch 1386 [10/32]: loss = 0.026339752599596977, lr = 0.000125
2025-09-19 14:41:38 INFO     Epoch 1386 [10/32]: loss = 0.026339752599596977, lr = 0.000125
2025-09-19 14:41:38 INFO     Epoch 1386 [10/32]: loss = 0.026339752599596977, lr = 0.000125
2025-09-19 14:41:38 INFO     Epoch 1386 [10/32]: loss = 0.026339752599596977, lr = 0.000125
2025-09-19 14:41:50 INFO     Epoch 1386 [20/32]: loss = 0.025405913591384888, lr = 0.000125
2025-09-19 14:41:50 INFO     Epoch 1386 [20/32]: loss = 0.025405913591384888, lr = 0.000125
2025-09-19 14:41:50 INFO     Epoch 1386 [20/32]: loss = 0.025405913591384888, lr = 0.000125
2025-09-19 14:41:50 INFO     Epoch 1386 [20/32]: loss = 0.025405913591384888, lr = 0.000125
2025-09-19 14:42:02 INFO     Epoch 1386 [30/32]: loss = 0.0176541730761528, lr = 0.000125
2025-09-19 14:42:02 INFO     Epoch 1386 [30/32]: loss = 0.0176541730761528, lr = 0.000125
2025-09-19 14:42:02 INFO     Epoch 1386 [30/32]: loss = 0.0176541730761528, lr = 0.000125
2025-09-19 14:42:02 INFO     Epoch 1386 [30/32]: loss = 0.0176541730761528, lr = 0.000125
2025-09-19 14:42:05 INFO     Epoch 1387 [0/32]: loss = 0.03284076601266861, lr = 0.000125
2025-09-19 14:42:05 INFO     Epoch 1387 [0/32]: loss = 0.03284076601266861, lr = 0.000125
2025-09-19 14:42:05 INFO     Epoch 1387 [0/32]: loss = 0.03284076601266861, lr = 0.000125
2025-09-19 14:42:05 INFO     Epoch 1387 [0/32]: loss = 0.03284076601266861, lr = 0.000125
2025-09-19 14:42:17 INFO     Epoch 1387 [10/32]: loss = 0.02146662399172783, lr = 0.000125
2025-09-19 14:42:17 INFO     Epoch 1387 [10/32]: loss = 0.02146662399172783, lr = 0.000125
2025-09-19 14:42:17 INFO     Epoch 1387 [10/32]: loss = 0.02146662399172783, lr = 0.000125
2025-09-19 14:42:17 INFO     Epoch 1387 [10/32]: loss = 0.02146662399172783, lr = 0.000125
2025-09-19 14:42:29 INFO     Epoch 1387 [20/32]: loss = 0.010683758184313774, lr = 0.000125
2025-09-19 14:42:29 INFO     Epoch 1387 [20/32]: loss = 0.010683758184313774, lr = 0.000125
2025-09-19 14:42:29 INFO     Epoch 1387 [20/32]: loss = 0.010683758184313774, lr = 0.000125
2025-09-19 14:42:29 INFO     Epoch 1387 [20/32]: loss = 0.010683758184313774, lr = 0.000125
2025-09-19 14:42:41 INFO     Epoch 1387 [30/32]: loss = 0.018961824476718903, lr = 0.000125
2025-09-19 14:42:41 INFO     Epoch 1387 [30/32]: loss = 0.018961824476718903, lr = 0.000125
2025-09-19 14:42:41 INFO     Epoch 1387 [30/32]: loss = 0.018961824476718903, lr = 0.000125
2025-09-19 14:42:41 INFO     Epoch 1387 [30/32]: loss = 0.018961824476718903, lr = 0.000125
2025-09-19 14:42:44 INFO     Epoch 1388 [0/32]: loss = 0.035672351717948914, lr = 0.000125
2025-09-19 14:42:44 INFO     Epoch 1388 [0/32]: loss = 0.035672351717948914, lr = 0.000125
2025-09-19 14:42:44 INFO     Epoch 1388 [0/32]: loss = 0.035672351717948914, lr = 0.000125
2025-09-19 14:42:44 INFO     Epoch 1388 [0/32]: loss = 0.035672351717948914, lr = 0.000125
2025-09-19 14:42:56 INFO     Epoch 1388 [10/32]: loss = 0.035743508487939835, lr = 0.000125
2025-09-19 14:42:56 INFO     Epoch 1388 [10/32]: loss = 0.035743508487939835, lr = 0.000125
2025-09-19 14:42:56 INFO     Epoch 1388 [10/32]: loss = 0.035743508487939835, lr = 0.000125
2025-09-19 14:42:56 INFO     Epoch 1388 [10/32]: loss = 0.035743508487939835, lr = 0.000125
2025-09-19 14:43:08 INFO     Epoch 1388 [20/32]: loss = 0.021786026656627655, lr = 0.000125
2025-09-19 14:43:08 INFO     Epoch 1388 [20/32]: loss = 0.021786026656627655, lr = 0.000125
2025-09-19 14:43:08 INFO     Epoch 1388 [20/32]: loss = 0.021786026656627655, lr = 0.000125
2025-09-19 14:43:08 INFO     Epoch 1388 [20/32]: loss = 0.021786026656627655, lr = 0.000125
2025-09-19 14:43:20 INFO     Epoch 1388 [30/32]: loss = 0.017631085589528084, lr = 0.000125
2025-09-19 14:43:20 INFO     Epoch 1388 [30/32]: loss = 0.017631085589528084, lr = 0.000125
2025-09-19 14:43:20 INFO     Epoch 1388 [30/32]: loss = 0.017631085589528084, lr = 0.000125
2025-09-19 14:43:20 INFO     Epoch 1388 [30/32]: loss = 0.017631085589528084, lr = 0.000125
2025-09-19 14:43:23 INFO     Epoch 1389 [0/32]: loss = 0.02276810072362423, lr = 0.000125
2025-09-19 14:43:23 INFO     Epoch 1389 [0/32]: loss = 0.02276810072362423, lr = 0.000125
2025-09-19 14:43:23 INFO     Epoch 1389 [0/32]: loss = 0.02276810072362423, lr = 0.000125
2025-09-19 14:43:23 INFO     Epoch 1389 [0/32]: loss = 0.02276810072362423, lr = 0.000125
2025-09-19 14:43:34 INFO     Epoch 1389 [10/32]: loss = 0.02165481634438038, lr = 0.000125
2025-09-19 14:43:34 INFO     Epoch 1389 [10/32]: loss = 0.02165481634438038, lr = 0.000125
2025-09-19 14:43:34 INFO     Epoch 1389 [10/32]: loss = 0.02165481634438038, lr = 0.000125
2025-09-19 14:43:34 INFO     Epoch 1389 [10/32]: loss = 0.02165481634438038, lr = 0.000125
2025-09-19 14:43:46 INFO     Epoch 1389 [20/32]: loss = 0.03235793858766556, lr = 0.000125
2025-09-19 14:43:46 INFO     Epoch 1389 [20/32]: loss = 0.03235793858766556, lr = 0.000125
2025-09-19 14:43:46 INFO     Epoch 1389 [20/32]: loss = 0.03235793858766556, lr = 0.000125
2025-09-19 14:43:46 INFO     Epoch 1389 [20/32]: loss = 0.03235793858766556, lr = 0.000125
2025-09-19 14:43:58 INFO     Epoch 1389 [30/32]: loss = 0.02102796733379364, lr = 0.000125
2025-09-19 14:43:58 INFO     Epoch 1389 [30/32]: loss = 0.02102796733379364, lr = 0.000125
2025-09-19 14:43:58 INFO     Epoch 1389 [30/32]: loss = 0.02102796733379364, lr = 0.000125
2025-09-19 14:43:58 INFO     Epoch 1389 [30/32]: loss = 0.02102796733379364, lr = 0.000125
2025-09-19 14:44:01 INFO     Epoch 1390 [0/32]: loss = 0.014292880892753601, lr = 0.000125
2025-09-19 14:44:01 INFO     Epoch 1390 [0/32]: loss = 0.014292880892753601, lr = 0.000125
2025-09-19 14:44:01 INFO     Epoch 1390 [0/32]: loss = 0.014292880892753601, lr = 0.000125
2025-09-19 14:44:01 INFO     Epoch 1390 [0/32]: loss = 0.014292880892753601, lr = 0.000125
2025-09-19 14:44:13 INFO     Epoch 1390 [10/32]: loss = 0.007434546016156673, lr = 0.000125
2025-09-19 14:44:13 INFO     Epoch 1390 [10/32]: loss = 0.007434546016156673, lr = 0.000125
2025-09-19 14:44:13 INFO     Epoch 1390 [10/32]: loss = 0.007434546016156673, lr = 0.000125
2025-09-19 14:44:13 INFO     Epoch 1390 [10/32]: loss = 0.007434546016156673, lr = 0.000125
2025-09-19 14:44:25 INFO     Epoch 1390 [20/32]: loss = 0.023414526134729385, lr = 0.000125
2025-09-19 14:44:25 INFO     Epoch 1390 [20/32]: loss = 0.023414526134729385, lr = 0.000125
2025-09-19 14:44:25 INFO     Epoch 1390 [20/32]: loss = 0.023414526134729385, lr = 0.000125
2025-09-19 14:44:25 INFO     Epoch 1390 [20/32]: loss = 0.023414526134729385, lr = 0.000125
2025-09-19 14:44:37 INFO     Epoch 1390 [30/32]: loss = 0.031542204320430756, lr = 0.000125
2025-09-19 14:44:37 INFO     Epoch 1390 [30/32]: loss = 0.031542204320430756, lr = 0.000125
2025-09-19 14:44:37 INFO     Epoch 1390 [30/32]: loss = 0.031542204320430756, lr = 0.000125
2025-09-19 14:44:37 INFO     Epoch 1390 [30/32]: loss = 0.031542204320430756, lr = 0.000125
2025-09-19 14:44:40 INFO     Epoch 1391 [0/32]: loss = 0.01091921329498291, lr = 0.000125
2025-09-19 14:44:40 INFO     Epoch 1391 [0/32]: loss = 0.01091921329498291, lr = 0.000125
2025-09-19 14:44:40 INFO     Epoch 1391 [0/32]: loss = 0.01091921329498291, lr = 0.000125
2025-09-19 14:44:40 INFO     Epoch 1391 [0/32]: loss = 0.01091921329498291, lr = 0.000125
2025-09-19 14:44:52 INFO     Epoch 1391 [10/32]: loss = 0.02124728634953499, lr = 0.000125
2025-09-19 14:44:52 INFO     Epoch 1391 [10/32]: loss = 0.02124728634953499, lr = 0.000125
2025-09-19 14:44:52 INFO     Epoch 1391 [10/32]: loss = 0.02124728634953499, lr = 0.000125
2025-09-19 14:44:52 INFO     Epoch 1391 [10/32]: loss = 0.02124728634953499, lr = 0.000125
2025-09-19 14:45:04 INFO     Epoch 1391 [20/32]: loss = 0.008019458502531052, lr = 0.000125
2025-09-19 14:45:04 INFO     Epoch 1391 [20/32]: loss = 0.008019458502531052, lr = 0.000125
2025-09-19 14:45:04 INFO     Epoch 1391 [20/32]: loss = 0.008019458502531052, lr = 0.000125
2025-09-19 14:45:04 INFO     Epoch 1391 [20/32]: loss = 0.008019458502531052, lr = 0.000125
2025-09-19 14:45:16 INFO     Epoch 1391 [30/32]: loss = 0.018787488341331482, lr = 0.000125
2025-09-19 14:45:16 INFO     Epoch 1391 [30/32]: loss = 0.018787488341331482, lr = 0.000125
2025-09-19 14:45:16 INFO     Epoch 1391 [30/32]: loss = 0.018787488341331482, lr = 0.000125
2025-09-19 14:45:16 INFO     Epoch 1391 [30/32]: loss = 0.018787488341331482, lr = 0.000125
2025-09-19 14:45:19 INFO     Epoch 1392 [0/32]: loss = 0.021404141560196877, lr = 0.000125
2025-09-19 14:45:19 INFO     Epoch 1392 [0/32]: loss = 0.021404141560196877, lr = 0.000125
2025-09-19 14:45:19 INFO     Epoch 1392 [0/32]: loss = 0.021404141560196877, lr = 0.000125
2025-09-19 14:45:19 INFO     Epoch 1392 [0/32]: loss = 0.021404141560196877, lr = 0.000125
2025-09-19 14:45:31 INFO     Epoch 1392 [10/32]: loss = 0.0035772151313722134, lr = 0.000125
2025-09-19 14:45:31 INFO     Epoch 1392 [10/32]: loss = 0.0035772151313722134, lr = 0.000125
2025-09-19 14:45:31 INFO     Epoch 1392 [10/32]: loss = 0.0035772151313722134, lr = 0.000125
2025-09-19 14:45:31 INFO     Epoch 1392 [10/32]: loss = 0.0035772151313722134, lr = 0.000125
2025-09-19 14:45:42 INFO     Epoch 1392 [20/32]: loss = 0.03612670302391052, lr = 0.000125
2025-09-19 14:45:42 INFO     Epoch 1392 [20/32]: loss = 0.03612670302391052, lr = 0.000125
2025-09-19 14:45:42 INFO     Epoch 1392 [20/32]: loss = 0.03612670302391052, lr = 0.000125
2025-09-19 14:45:42 INFO     Epoch 1392 [20/32]: loss = 0.03612670302391052, lr = 0.000125
2025-09-19 14:45:54 INFO     Epoch 1392 [30/32]: loss = 0.01096305251121521, lr = 0.000125
2025-09-19 14:45:54 INFO     Epoch 1392 [30/32]: loss = 0.01096305251121521, lr = 0.000125
2025-09-19 14:45:54 INFO     Epoch 1392 [30/32]: loss = 0.01096305251121521, lr = 0.000125
2025-09-19 14:45:54 INFO     Epoch 1392 [30/32]: loss = 0.01096305251121521, lr = 0.000125
2025-09-19 14:45:57 INFO     Epoch 1393 [0/32]: loss = 0.03643753379583359, lr = 0.000125
2025-09-19 14:45:57 INFO     Epoch 1393 [0/32]: loss = 0.03643753379583359, lr = 0.000125
2025-09-19 14:45:57 INFO     Epoch 1393 [0/32]: loss = 0.03643753379583359, lr = 0.000125
2025-09-19 14:45:57 INFO     Epoch 1393 [0/32]: loss = 0.03643753379583359, lr = 0.000125
2025-09-19 14:46:09 INFO     Epoch 1393 [10/32]: loss = 0.02579374983906746, lr = 0.000125
2025-09-19 14:46:09 INFO     Epoch 1393 [10/32]: loss = 0.02579374983906746, lr = 0.000125
2025-09-19 14:46:09 INFO     Epoch 1393 [10/32]: loss = 0.02579374983906746, lr = 0.000125
2025-09-19 14:46:09 INFO     Epoch 1393 [10/32]: loss = 0.02579374983906746, lr = 0.000125
2025-09-19 14:46:21 INFO     Epoch 1393 [20/32]: loss = 0.021929852664470673, lr = 0.000125
2025-09-19 14:46:21 INFO     Epoch 1393 [20/32]: loss = 0.021929852664470673, lr = 0.000125
2025-09-19 14:46:21 INFO     Epoch 1393 [20/32]: loss = 0.021929852664470673, lr = 0.000125
2025-09-19 14:46:21 INFO     Epoch 1393 [20/32]: loss = 0.021929852664470673, lr = 0.000125
2025-09-19 14:46:33 INFO     Epoch 1393 [30/32]: loss = 0.01754053868353367, lr = 0.000125
2025-09-19 14:46:33 INFO     Epoch 1393 [30/32]: loss = 0.01754053868353367, lr = 0.000125
2025-09-19 14:46:33 INFO     Epoch 1393 [30/32]: loss = 0.01754053868353367, lr = 0.000125
2025-09-19 14:46:33 INFO     Epoch 1393 [30/32]: loss = 0.01754053868353367, lr = 0.000125
2025-09-19 14:46:36 INFO     Epoch 1394 [0/32]: loss = 0.03200535476207733, lr = 0.000125
2025-09-19 14:46:36 INFO     Epoch 1394 [0/32]: loss = 0.03200535476207733, lr = 0.000125
2025-09-19 14:46:36 INFO     Epoch 1394 [0/32]: loss = 0.03200535476207733, lr = 0.000125
2025-09-19 14:46:36 INFO     Epoch 1394 [0/32]: loss = 0.03200535476207733, lr = 0.000125
2025-09-19 14:46:48 INFO     Epoch 1394 [10/32]: loss = 0.014303921721875668, lr = 0.000125
2025-09-19 14:46:48 INFO     Epoch 1394 [10/32]: loss = 0.014303921721875668, lr = 0.000125
2025-09-19 14:46:48 INFO     Epoch 1394 [10/32]: loss = 0.014303921721875668, lr = 0.000125
2025-09-19 14:46:48 INFO     Epoch 1394 [10/32]: loss = 0.014303921721875668, lr = 0.000125
2025-09-19 14:47:00 INFO     Epoch 1394 [20/32]: loss = 0.02016512118279934, lr = 0.000125
2025-09-19 14:47:00 INFO     Epoch 1394 [20/32]: loss = 0.02016512118279934, lr = 0.000125
2025-09-19 14:47:00 INFO     Epoch 1394 [20/32]: loss = 0.02016512118279934, lr = 0.000125
2025-09-19 14:47:00 INFO     Epoch 1394 [20/32]: loss = 0.02016512118279934, lr = 0.000125
2025-09-19 14:47:11 INFO     Epoch 1394 [30/32]: loss = 0.02126699686050415, lr = 0.000125
2025-09-19 14:47:11 INFO     Epoch 1394 [30/32]: loss = 0.02126699686050415, lr = 0.000125
2025-09-19 14:47:11 INFO     Epoch 1394 [30/32]: loss = 0.02126699686050415, lr = 0.000125
2025-09-19 14:47:11 INFO     Epoch 1394 [30/32]: loss = 0.02126699686050415, lr = 0.000125
2025-09-19 14:47:15 INFO     Epoch 1395 [0/32]: loss = 0.037699371576309204, lr = 0.000125
2025-09-19 14:47:15 INFO     Epoch 1395 [0/32]: loss = 0.037699371576309204, lr = 0.000125
2025-09-19 14:47:15 INFO     Epoch 1395 [0/32]: loss = 0.037699371576309204, lr = 0.000125
2025-09-19 14:47:15 INFO     Epoch 1395 [0/32]: loss = 0.037699371576309204, lr = 0.000125
2025-09-19 14:47:27 INFO     Epoch 1395 [10/32]: loss = 0.040509987622499466, lr = 0.000125
2025-09-19 14:47:27 INFO     Epoch 1395 [10/32]: loss = 0.040509987622499466, lr = 0.000125
2025-09-19 14:47:27 INFO     Epoch 1395 [10/32]: loss = 0.040509987622499466, lr = 0.000125
2025-09-19 14:47:27 INFO     Epoch 1395 [10/32]: loss = 0.040509987622499466, lr = 0.000125
2025-09-19 14:47:38 INFO     Epoch 1395 [20/32]: loss = 0.027286779135465622, lr = 0.000125
2025-09-19 14:47:38 INFO     Epoch 1395 [20/32]: loss = 0.027286779135465622, lr = 0.000125
2025-09-19 14:47:38 INFO     Epoch 1395 [20/32]: loss = 0.027286779135465622, lr = 0.000125
2025-09-19 14:47:38 INFO     Epoch 1395 [20/32]: loss = 0.027286779135465622, lr = 0.000125
2025-09-19 14:47:50 INFO     Epoch 1395 [30/32]: loss = 0.02874099090695381, lr = 0.000125
2025-09-19 14:47:50 INFO     Epoch 1395 [30/32]: loss = 0.02874099090695381, lr = 0.000125
2025-09-19 14:47:50 INFO     Epoch 1395 [30/32]: loss = 0.02874099090695381, lr = 0.000125
2025-09-19 14:47:50 INFO     Epoch 1395 [30/32]: loss = 0.02874099090695381, lr = 0.000125
2025-09-19 14:47:54 INFO     Epoch 1396 [0/32]: loss = 0.03024178370833397, lr = 0.000125
2025-09-19 14:47:54 INFO     Epoch 1396 [0/32]: loss = 0.03024178370833397, lr = 0.000125
2025-09-19 14:47:54 INFO     Epoch 1396 [0/32]: loss = 0.03024178370833397, lr = 0.000125
2025-09-19 14:47:54 INFO     Epoch 1396 [0/32]: loss = 0.03024178370833397, lr = 0.000125
2025-09-19 14:48:05 INFO     Epoch 1396 [10/32]: loss = 0.037977129220962524, lr = 0.000125
2025-09-19 14:48:05 INFO     Epoch 1396 [10/32]: loss = 0.037977129220962524, lr = 0.000125
2025-09-19 14:48:05 INFO     Epoch 1396 [10/32]: loss = 0.037977129220962524, lr = 0.000125
2025-09-19 14:48:05 INFO     Epoch 1396 [10/32]: loss = 0.037977129220962524, lr = 0.000125
2025-09-19 14:48:17 INFO     Epoch 1396 [20/32]: loss = 0.028488490730524063, lr = 0.000125
2025-09-19 14:48:17 INFO     Epoch 1396 [20/32]: loss = 0.028488490730524063, lr = 0.000125
2025-09-19 14:48:17 INFO     Epoch 1396 [20/32]: loss = 0.028488490730524063, lr = 0.000125
2025-09-19 14:48:17 INFO     Epoch 1396 [20/32]: loss = 0.028488490730524063, lr = 0.000125
2025-09-19 14:48:29 INFO     Epoch 1396 [30/32]: loss = 0.02877235598862171, lr = 0.000125
2025-09-19 14:48:29 INFO     Epoch 1396 [30/32]: loss = 0.02877235598862171, lr = 0.000125
2025-09-19 14:48:29 INFO     Epoch 1396 [30/32]: loss = 0.02877235598862171, lr = 0.000125
2025-09-19 14:48:29 INFO     Epoch 1396 [30/32]: loss = 0.02877235598862171, lr = 0.000125
2025-09-19 14:48:32 INFO     Epoch 1397 [0/32]: loss = 0.03053402528166771, lr = 0.000125
2025-09-19 14:48:32 INFO     Epoch 1397 [0/32]: loss = 0.03053402528166771, lr = 0.000125
2025-09-19 14:48:32 INFO     Epoch 1397 [0/32]: loss = 0.03053402528166771, lr = 0.000125
2025-09-19 14:48:32 INFO     Epoch 1397 [0/32]: loss = 0.03053402528166771, lr = 0.000125
2025-09-19 14:48:44 INFO     Epoch 1397 [10/32]: loss = 0.03455132618546486, lr = 0.000125
2025-09-19 14:48:44 INFO     Epoch 1397 [10/32]: loss = 0.03455132618546486, lr = 0.000125
2025-09-19 14:48:44 INFO     Epoch 1397 [10/32]: loss = 0.03455132618546486, lr = 0.000125
2025-09-19 14:48:44 INFO     Epoch 1397 [10/32]: loss = 0.03455132618546486, lr = 0.000125
2025-09-19 14:48:55 INFO     Epoch 1397 [20/32]: loss = 0.014127710834145546, lr = 0.000125
2025-09-19 14:48:55 INFO     Epoch 1397 [20/32]: loss = 0.014127710834145546, lr = 0.000125
2025-09-19 14:48:55 INFO     Epoch 1397 [20/32]: loss = 0.014127710834145546, lr = 0.000125
2025-09-19 14:48:55 INFO     Epoch 1397 [20/32]: loss = 0.014127710834145546, lr = 0.000125
2025-09-19 14:49:07 INFO     Epoch 1397 [30/32]: loss = 0.03044186346232891, lr = 0.000125
2025-09-19 14:49:07 INFO     Epoch 1397 [30/32]: loss = 0.03044186346232891, lr = 0.000125
2025-09-19 14:49:07 INFO     Epoch 1397 [30/32]: loss = 0.03044186346232891, lr = 0.000125
2025-09-19 14:49:07 INFO     Epoch 1397 [30/32]: loss = 0.03044186346232891, lr = 0.000125
2025-09-19 14:49:10 INFO     Epoch 1398 [0/32]: loss = 0.02829781360924244, lr = 0.000125
2025-09-19 14:49:10 INFO     Epoch 1398 [0/32]: loss = 0.02829781360924244, lr = 0.000125
2025-09-19 14:49:10 INFO     Epoch 1398 [0/32]: loss = 0.02829781360924244, lr = 0.000125
2025-09-19 14:49:10 INFO     Epoch 1398 [0/32]: loss = 0.02829781360924244, lr = 0.000125
2025-09-19 14:49:22 INFO     Epoch 1398 [10/32]: loss = 0.01469340454787016, lr = 0.000125
2025-09-19 14:49:22 INFO     Epoch 1398 [10/32]: loss = 0.01469340454787016, lr = 0.000125
2025-09-19 14:49:22 INFO     Epoch 1398 [10/32]: loss = 0.01469340454787016, lr = 0.000125
2025-09-19 14:49:22 INFO     Epoch 1398 [10/32]: loss = 0.01469340454787016, lr = 0.000125
2025-09-19 14:49:34 INFO     Epoch 1398 [20/32]: loss = 0.01978122629225254, lr = 0.000125
2025-09-19 14:49:34 INFO     Epoch 1398 [20/32]: loss = 0.01978122629225254, lr = 0.000125
2025-09-19 14:49:34 INFO     Epoch 1398 [20/32]: loss = 0.01978122629225254, lr = 0.000125
2025-09-19 14:49:34 INFO     Epoch 1398 [20/32]: loss = 0.01978122629225254, lr = 0.000125
2025-09-19 14:49:46 INFO     Epoch 1398 [30/32]: loss = 0.01084976363927126, lr = 0.000125
2025-09-19 14:49:46 INFO     Epoch 1398 [30/32]: loss = 0.01084976363927126, lr = 0.000125
2025-09-19 14:49:46 INFO     Epoch 1398 [30/32]: loss = 0.01084976363927126, lr = 0.000125
2025-09-19 14:49:46 INFO     Epoch 1398 [30/32]: loss = 0.01084976363927126, lr = 0.000125
2025-09-19 14:49:49 INFO     Epoch 1399 [0/32]: loss = 0.034605950117111206, lr = 0.000125
2025-09-19 14:49:49 INFO     Epoch 1399 [0/32]: loss = 0.034605950117111206, lr = 0.000125
2025-09-19 14:49:49 INFO     Epoch 1399 [0/32]: loss = 0.034605950117111206, lr = 0.000125
2025-09-19 14:49:49 INFO     Epoch 1399 [0/32]: loss = 0.034605950117111206, lr = 0.000125
2025-09-19 14:50:01 INFO     Epoch 1399 [10/32]: loss = 0.03723558411002159, lr = 0.000125
2025-09-19 14:50:01 INFO     Epoch 1399 [10/32]: loss = 0.03723558411002159, lr = 0.000125
2025-09-19 14:50:01 INFO     Epoch 1399 [10/32]: loss = 0.03723558411002159, lr = 0.000125
2025-09-19 14:50:01 INFO     Epoch 1399 [10/32]: loss = 0.03723558411002159, lr = 0.000125
2025-09-19 14:50:13 INFO     Epoch 1399 [20/32]: loss = 0.030364912003278732, lr = 0.000125
2025-09-19 14:50:13 INFO     Epoch 1399 [20/32]: loss = 0.030364912003278732, lr = 0.000125
2025-09-19 14:50:13 INFO     Epoch 1399 [20/32]: loss = 0.030364912003278732, lr = 0.000125
2025-09-19 14:50:13 INFO     Epoch 1399 [20/32]: loss = 0.030364912003278732, lr = 0.000125
2025-09-19 14:50:25 INFO     Epoch 1399 [30/32]: loss = 0.0359569787979126, lr = 0.000125
2025-09-19 14:50:25 INFO     Epoch 1399 [30/32]: loss = 0.0359569787979126, lr = 0.000125
2025-09-19 14:50:25 INFO     Epoch 1399 [30/32]: loss = 0.0359569787979126, lr = 0.000125
2025-09-19 14:50:25 INFO     Epoch 1399 [30/32]: loss = 0.0359569787979126, lr = 0.000125
2025-09-19 14:57:37 INFO     384 samples generated in 1024 evaluations.
2025-09-19 14:57:43 INFO     384 samples generated in 1024 evaluations.
2025-09-19 14:57:45 INFO     384 samples generated in 1024 evaluations.
2025-09-19 14:57:47 INFO     384 samples generated in 1024 evaluations.
2025-09-19 14:57:50 INFO     Evaluating [0/32] samples generated [250/250] running fid 270.06494140625
2025-09-19 14:57:50 INFO     Evaluating [0/32] samples generated [250/250] running fid 270.06494140625
2025-09-19 14:57:50 INFO     Evaluating [0/32] samples generated [250/250] running fid 270.06494140625
2025-09-19 14:57:50 INFO     Evaluating [0/32] samples generated [250/250] running fid 270.06494140625
2025-09-19 14:57:59 INFO     Epoch 1400 [0/32]: loss = 0.022537823766469955, lr = 0.000125
2025-09-19 14:57:59 INFO     Epoch 1400 [0/32]: loss = 0.022537823766469955, lr = 0.000125
2025-09-19 14:57:59 INFO     Epoch 1400 [0/32]: loss = 0.022537823766469955, lr = 0.000125
2025-09-19 14:57:59 INFO     Epoch 1400 [0/32]: loss = 0.022537823766469955, lr = 0.000125
2025-09-19 14:58:11 INFO     Epoch 1400 [10/32]: loss = 0.03227385878562927, lr = 0.000125
2025-09-19 14:58:11 INFO     Epoch 1400 [10/32]: loss = 0.03227385878562927, lr = 0.000125
2025-09-19 14:58:11 INFO     Epoch 1400 [10/32]: loss = 0.03227385878562927, lr = 0.000125
2025-09-19 14:58:11 INFO     Epoch 1400 [10/32]: loss = 0.03227385878562927, lr = 0.000125
2025-09-19 14:58:23 INFO     Epoch 1400 [20/32]: loss = 0.02208155207335949, lr = 0.000125
2025-09-19 14:58:23 INFO     Epoch 1400 [20/32]: loss = 0.02208155207335949, lr = 0.000125
2025-09-19 14:58:23 INFO     Epoch 1400 [20/32]: loss = 0.02208155207335949, lr = 0.000125
2025-09-19 14:58:23 INFO     Epoch 1400 [20/32]: loss = 0.02208155207335949, lr = 0.000125
2025-09-19 14:58:35 INFO     Epoch 1400 [30/32]: loss = 0.0248364619910717, lr = 0.000125
2025-09-19 14:58:35 INFO     Epoch 1400 [30/32]: loss = 0.0248364619910717, lr = 0.000125
2025-09-19 14:58:35 INFO     Epoch 1400 [30/32]: loss = 0.0248364619910717, lr = 0.000125
2025-09-19 14:58:35 INFO     Epoch 1400 [30/32]: loss = 0.0248364619910717, lr = 0.000125
2025-09-19 14:58:38 INFO     Epoch 1401 [0/32]: loss = 0.04264921694993973, lr = 0.000125
2025-09-19 14:58:38 INFO     Epoch 1401 [0/32]: loss = 0.04264921694993973, lr = 0.000125
2025-09-19 14:58:38 INFO     Epoch 1401 [0/32]: loss = 0.04264921694993973, lr = 0.000125
2025-09-19 14:58:38 INFO     Epoch 1401 [0/32]: loss = 0.04264921694993973, lr = 0.000125
2025-09-19 14:58:50 INFO     Epoch 1401 [10/32]: loss = 0.017892545089125633, lr = 0.000125
2025-09-19 14:58:50 INFO     Epoch 1401 [10/32]: loss = 0.017892545089125633, lr = 0.000125
2025-09-19 14:58:50 INFO     Epoch 1401 [10/32]: loss = 0.017892545089125633, lr = 0.000125
2025-09-19 14:58:50 INFO     Epoch 1401 [10/32]: loss = 0.017892545089125633, lr = 0.000125
2025-09-19 14:59:02 INFO     Epoch 1401 [20/32]: loss = 0.020842744037508965, lr = 0.000125
2025-09-19 14:59:02 INFO     Epoch 1401 [20/32]: loss = 0.020842744037508965, lr = 0.000125
2025-09-19 14:59:02 INFO     Epoch 1401 [20/32]: loss = 0.020842744037508965, lr = 0.000125
2025-09-19 14:59:02 INFO     Epoch 1401 [20/32]: loss = 0.020842744037508965, lr = 0.000125
2025-09-19 14:59:13 INFO     Epoch 1401 [30/32]: loss = 0.024774985387921333, lr = 0.000125
2025-09-19 14:59:13 INFO     Epoch 1401 [30/32]: loss = 0.024774985387921333, lr = 0.000125
2025-09-19 14:59:13 INFO     Epoch 1401 [30/32]: loss = 0.024774985387921333, lr = 0.000125
2025-09-19 14:59:13 INFO     Epoch 1401 [30/32]: loss = 0.024774985387921333, lr = 0.000125
2025-09-19 14:59:16 INFO     Epoch 1402 [0/32]: loss = 0.028228573501110077, lr = 0.000125
2025-09-19 14:59:16 INFO     Epoch 1402 [0/32]: loss = 0.028228573501110077, lr = 0.000125
2025-09-19 14:59:16 INFO     Epoch 1402 [0/32]: loss = 0.028228573501110077, lr = 0.000125
2025-09-19 14:59:16 INFO     Epoch 1402 [0/32]: loss = 0.028228573501110077, lr = 0.000125
2025-09-19 14:59:28 INFO     Epoch 1402 [10/32]: loss = 0.025723887607455254, lr = 0.000125
2025-09-19 14:59:28 INFO     Epoch 1402 [10/32]: loss = 0.025723887607455254, lr = 0.000125
2025-09-19 14:59:28 INFO     Epoch 1402 [10/32]: loss = 0.025723887607455254, lr = 0.000125
2025-09-19 14:59:28 INFO     Epoch 1402 [10/32]: loss = 0.025723887607455254, lr = 0.000125
2025-09-19 14:59:40 INFO     Epoch 1402 [20/32]: loss = 0.017933718860149384, lr = 0.000125
2025-09-19 14:59:40 INFO     Epoch 1402 [20/32]: loss = 0.017933718860149384, lr = 0.000125
2025-09-19 14:59:40 INFO     Epoch 1402 [20/32]: loss = 0.017933718860149384, lr = 0.000125
2025-09-19 14:59:40 INFO     Epoch 1402 [20/32]: loss = 0.017933718860149384, lr = 0.000125
2025-09-19 14:59:52 INFO     Epoch 1402 [30/32]: loss = 0.016895398497581482, lr = 0.000125
2025-09-19 14:59:52 INFO     Epoch 1402 [30/32]: loss = 0.016895398497581482, lr = 0.000125
2025-09-19 14:59:52 INFO     Epoch 1402 [30/32]: loss = 0.016895398497581482, lr = 0.000125
2025-09-19 14:59:52 INFO     Epoch 1402 [30/32]: loss = 0.016895398497581482, lr = 0.000125
2025-09-19 14:59:55 INFO     Epoch 1403 [0/32]: loss = 0.025451157242059708, lr = 0.000125
2025-09-19 14:59:55 INFO     Epoch 1403 [0/32]: loss = 0.025451157242059708, lr = 0.000125
2025-09-19 14:59:55 INFO     Epoch 1403 [0/32]: loss = 0.025451157242059708, lr = 0.000125
2025-09-19 14:59:55 INFO     Epoch 1403 [0/32]: loss = 0.025451157242059708, lr = 0.000125
2025-09-19 15:00:07 INFO     Epoch 1403 [10/32]: loss = 0.02147708088159561, lr = 0.000125
2025-09-19 15:00:07 INFO     Epoch 1403 [10/32]: loss = 0.02147708088159561, lr = 0.000125
2025-09-19 15:00:07 INFO     Epoch 1403 [10/32]: loss = 0.02147708088159561, lr = 0.000125
2025-09-19 15:00:07 INFO     Epoch 1403 [10/32]: loss = 0.02147708088159561, lr = 0.000125
2025-09-19 15:00:19 INFO     Epoch 1403 [20/32]: loss = 0.016722092404961586, lr = 0.000125
2025-09-19 15:00:19 INFO     Epoch 1403 [20/32]: loss = 0.016722092404961586, lr = 0.000125
2025-09-19 15:00:19 INFO     Epoch 1403 [20/32]: loss = 0.016722092404961586, lr = 0.000125
2025-09-19 15:00:19 INFO     Epoch 1403 [20/32]: loss = 0.016722092404961586, lr = 0.000125
2025-09-19 15:00:31 INFO     Epoch 1403 [30/32]: loss = 0.028662974014878273, lr = 0.000125
2025-09-19 15:00:31 INFO     Epoch 1403 [30/32]: loss = 0.028662974014878273, lr = 0.000125
2025-09-19 15:00:31 INFO     Epoch 1403 [30/32]: loss = 0.028662974014878273, lr = 0.000125
2025-09-19 15:00:31 INFO     Epoch 1403 [30/32]: loss = 0.028662974014878273, lr = 0.000125
2025-09-19 15:00:34 INFO     Epoch 1404 [0/32]: loss = 0.01072631310671568, lr = 0.000125
2025-09-19 15:00:34 INFO     Epoch 1404 [0/32]: loss = 0.01072631310671568, lr = 0.000125
2025-09-19 15:00:34 INFO     Epoch 1404 [0/32]: loss = 0.01072631310671568, lr = 0.000125
2025-09-19 15:00:34 INFO     Epoch 1404 [0/32]: loss = 0.01072631310671568, lr = 0.000125
2025-09-19 15:00:46 INFO     Epoch 1404 [10/32]: loss = 0.028001980856060982, lr = 0.000125
2025-09-19 15:00:46 INFO     Epoch 1404 [10/32]: loss = 0.028001980856060982, lr = 0.000125
2025-09-19 15:00:46 INFO     Epoch 1404 [10/32]: loss = 0.028001980856060982, lr = 0.000125
2025-09-19 15:00:46 INFO     Epoch 1404 [10/32]: loss = 0.028001980856060982, lr = 0.000125
2025-09-19 15:00:58 INFO     Epoch 1404 [20/32]: loss = 0.0249418206512928, lr = 0.000125
2025-09-19 15:00:58 INFO     Epoch 1404 [20/32]: loss = 0.0249418206512928, lr = 0.000125
2025-09-19 15:00:58 INFO     Epoch 1404 [20/32]: loss = 0.0249418206512928, lr = 0.000125
2025-09-19 15:00:58 INFO     Epoch 1404 [20/32]: loss = 0.0249418206512928, lr = 0.000125
2025-09-19 15:01:10 INFO     Epoch 1404 [30/32]: loss = 0.02504465915262699, lr = 0.000125
2025-09-19 15:01:10 INFO     Epoch 1404 [30/32]: loss = 0.02504465915262699, lr = 0.000125
2025-09-19 15:01:10 INFO     Epoch 1404 [30/32]: loss = 0.02504465915262699, lr = 0.000125
2025-09-19 15:01:10 INFO     Epoch 1404 [30/32]: loss = 0.02504465915262699, lr = 0.000125
2025-09-19 15:01:13 INFO     Epoch 1405 [0/32]: loss = 0.032339781522750854, lr = 0.000125
2025-09-19 15:01:13 INFO     Epoch 1405 [0/32]: loss = 0.032339781522750854, lr = 0.000125
2025-09-19 15:01:13 INFO     Epoch 1405 [0/32]: loss = 0.032339781522750854, lr = 0.000125
2025-09-19 15:01:13 INFO     Epoch 1405 [0/32]: loss = 0.032339781522750854, lr = 0.000125
2025-09-19 15:01:25 INFO     Epoch 1405 [10/32]: loss = 0.014469132758677006, lr = 0.000125
2025-09-19 15:01:25 INFO     Epoch 1405 [10/32]: loss = 0.014469132758677006, lr = 0.000125
2025-09-19 15:01:25 INFO     Epoch 1405 [10/32]: loss = 0.014469132758677006, lr = 0.000125
2025-09-19 15:01:25 INFO     Epoch 1405 [10/32]: loss = 0.014469132758677006, lr = 0.000125
2025-09-19 15:01:37 INFO     Epoch 1405 [20/32]: loss = 0.021542834118008614, lr = 0.000125
2025-09-19 15:01:37 INFO     Epoch 1405 [20/32]: loss = 0.021542834118008614, lr = 0.000125
2025-09-19 15:01:37 INFO     Epoch 1405 [20/32]: loss = 0.021542834118008614, lr = 0.000125
2025-09-19 15:01:37 INFO     Epoch 1405 [20/32]: loss = 0.021542834118008614, lr = 0.000125
2025-09-19 15:01:49 INFO     Epoch 1405 [30/32]: loss = 0.03259236738085747, lr = 0.000125
2025-09-19 15:01:49 INFO     Epoch 1405 [30/32]: loss = 0.03259236738085747, lr = 0.000125
2025-09-19 15:01:49 INFO     Epoch 1405 [30/32]: loss = 0.03259236738085747, lr = 0.000125
2025-09-19 15:01:49 INFO     Epoch 1405 [30/32]: loss = 0.03259236738085747, lr = 0.000125
2025-09-19 15:01:52 INFO     Epoch 1406 [0/32]: loss = 0.017541304230690002, lr = 0.000125
2025-09-19 15:01:52 INFO     Epoch 1406 [0/32]: loss = 0.017541304230690002, lr = 0.000125
2025-09-19 15:01:52 INFO     Epoch 1406 [0/32]: loss = 0.017541304230690002, lr = 0.000125
2025-09-19 15:01:52 INFO     Epoch 1406 [0/32]: loss = 0.017541304230690002, lr = 0.000125
2025-09-19 15:02:04 INFO     Epoch 1406 [10/32]: loss = 0.03618789464235306, lr = 0.000125
2025-09-19 15:02:04 INFO     Epoch 1406 [10/32]: loss = 0.03618789464235306, lr = 0.000125
2025-09-19 15:02:04 INFO     Epoch 1406 [10/32]: loss = 0.03618789464235306, lr = 0.000125
2025-09-19 15:02:04 INFO     Epoch 1406 [10/32]: loss = 0.03618789464235306, lr = 0.000125
2025-09-19 15:02:15 INFO     Epoch 1406 [20/32]: loss = 0.017701976001262665, lr = 0.000125
2025-09-19 15:02:15 INFO     Epoch 1406 [20/32]: loss = 0.017701976001262665, lr = 0.000125
2025-09-19 15:02:15 INFO     Epoch 1406 [20/32]: loss = 0.017701976001262665, lr = 0.000125
2025-09-19 15:02:15 INFO     Epoch 1406 [20/32]: loss = 0.017701976001262665, lr = 0.000125
2025-09-19 15:02:27 INFO     Epoch 1406 [30/32]: loss = 0.02165159024298191, lr = 0.000125
2025-09-19 15:02:27 INFO     Epoch 1406 [30/32]: loss = 0.02165159024298191, lr = 0.000125
2025-09-19 15:02:27 INFO     Epoch 1406 [30/32]: loss = 0.02165159024298191, lr = 0.000125
2025-09-19 15:02:27 INFO     Epoch 1406 [30/32]: loss = 0.02165159024298191, lr = 0.000125
2025-09-19 15:02:30 INFO     Epoch 1407 [0/32]: loss = 0.030417384579777718, lr = 0.000125
2025-09-19 15:02:30 INFO     Epoch 1407 [0/32]: loss = 0.030417384579777718, lr = 0.000125
2025-09-19 15:02:30 INFO     Epoch 1407 [0/32]: loss = 0.030417384579777718, lr = 0.000125
2025-09-19 15:02:30 INFO     Epoch 1407 [0/32]: loss = 0.030417384579777718, lr = 0.000125
2025-09-19 15:02:42 INFO     Epoch 1407 [10/32]: loss = 0.013818759471178055, lr = 0.000125
2025-09-19 15:02:42 INFO     Epoch 1407 [10/32]: loss = 0.013818759471178055, lr = 0.000125
2025-09-19 15:02:42 INFO     Epoch 1407 [10/32]: loss = 0.013818759471178055, lr = 0.000125
2025-09-19 15:02:42 INFO     Epoch 1407 [10/32]: loss = 0.013818759471178055, lr = 0.000125
2025-09-19 15:02:54 INFO     Epoch 1407 [20/32]: loss = 0.010250536724925041, lr = 0.000125
2025-09-19 15:02:54 INFO     Epoch 1407 [20/32]: loss = 0.010250536724925041, lr = 0.000125
2025-09-19 15:02:54 INFO     Epoch 1407 [20/32]: loss = 0.010250536724925041, lr = 0.000125
2025-09-19 15:02:54 INFO     Epoch 1407 [20/32]: loss = 0.010250536724925041, lr = 0.000125
2025-09-19 15:03:06 INFO     Epoch 1407 [30/32]: loss = 0.014297619462013245, lr = 0.000125
2025-09-19 15:03:06 INFO     Epoch 1407 [30/32]: loss = 0.014297619462013245, lr = 0.000125
2025-09-19 15:03:06 INFO     Epoch 1407 [30/32]: loss = 0.014297619462013245, lr = 0.000125
2025-09-19 15:03:06 INFO     Epoch 1407 [30/32]: loss = 0.014297619462013245, lr = 0.000125
2025-09-19 15:03:09 INFO     Epoch 1408 [0/32]: loss = 0.01813204027712345, lr = 0.000125
2025-09-19 15:03:09 INFO     Epoch 1408 [0/32]: loss = 0.01813204027712345, lr = 0.000125
2025-09-19 15:03:09 INFO     Epoch 1408 [0/32]: loss = 0.01813204027712345, lr = 0.000125
2025-09-19 15:03:09 INFO     Epoch 1408 [0/32]: loss = 0.01813204027712345, lr = 0.000125
2025-09-19 15:03:21 INFO     Epoch 1408 [10/32]: loss = 0.03750080242753029, lr = 0.000125
2025-09-19 15:03:21 INFO     Epoch 1408 [10/32]: loss = 0.03750080242753029, lr = 0.000125
2025-09-19 15:03:21 INFO     Epoch 1408 [10/32]: loss = 0.03750080242753029, lr = 0.000125
2025-09-19 15:03:21 INFO     Epoch 1408 [10/32]: loss = 0.03750080242753029, lr = 0.000125
2025-09-19 15:03:32 INFO     Epoch 1408 [20/32]: loss = 0.007154553197324276, lr = 0.000125
2025-09-19 15:03:32 INFO     Epoch 1408 [20/32]: loss = 0.007154553197324276, lr = 0.000125
2025-09-19 15:03:32 INFO     Epoch 1408 [20/32]: loss = 0.007154553197324276, lr = 0.000125
2025-09-19 15:03:32 INFO     Epoch 1408 [20/32]: loss = 0.007154553197324276, lr = 0.000125
2025-09-19 15:03:44 INFO     Epoch 1408 [30/32]: loss = 0.027348138391971588, lr = 0.000125
2025-09-19 15:03:44 INFO     Epoch 1408 [30/32]: loss = 0.027348138391971588, lr = 0.000125
2025-09-19 15:03:44 INFO     Epoch 1408 [30/32]: loss = 0.027348138391971588, lr = 0.000125
2025-09-19 15:03:44 INFO     Epoch 1408 [30/32]: loss = 0.027348138391971588, lr = 0.000125
2025-09-19 15:03:47 INFO     Epoch 1409 [0/32]: loss = 0.017897244542837143, lr = 0.000125
2025-09-19 15:03:47 INFO     Epoch 1409 [0/32]: loss = 0.017897244542837143, lr = 0.000125
2025-09-19 15:03:47 INFO     Epoch 1409 [0/32]: loss = 0.017897244542837143, lr = 0.000125
2025-09-19 15:03:47 INFO     Epoch 1409 [0/32]: loss = 0.017897244542837143, lr = 0.000125
2025-09-19 15:03:59 INFO     Epoch 1409 [10/32]: loss = 0.026622630655765533, lr = 0.000125
2025-09-19 15:03:59 INFO     Epoch 1409 [10/32]: loss = 0.026622630655765533, lr = 0.000125
2025-09-19 15:03:59 INFO     Epoch 1409 [10/32]: loss = 0.026622630655765533, lr = 0.000125
2025-09-19 15:03:59 INFO     Epoch 1409 [10/32]: loss = 0.026622630655765533, lr = 0.000125
2025-09-19 15:04:11 INFO     Epoch 1409 [20/32]: loss = 0.03180604800581932, lr = 0.000125
2025-09-19 15:04:11 INFO     Epoch 1409 [20/32]: loss = 0.03180604800581932, lr = 0.000125
2025-09-19 15:04:11 INFO     Epoch 1409 [20/32]: loss = 0.03180604800581932, lr = 0.000125
2025-09-19 15:04:11 INFO     Epoch 1409 [20/32]: loss = 0.03180604800581932, lr = 0.000125
2025-09-19 15:04:23 INFO     Epoch 1409 [30/32]: loss = 0.020131658762693405, lr = 0.000125
2025-09-19 15:04:23 INFO     Epoch 1409 [30/32]: loss = 0.020131658762693405, lr = 0.000125
2025-09-19 15:04:23 INFO     Epoch 1409 [30/32]: loss = 0.020131658762693405, lr = 0.000125
2025-09-19 15:04:23 INFO     Epoch 1409 [30/32]: loss = 0.020131658762693405, lr = 0.000125
2025-09-19 15:04:26 INFO     Epoch 1410 [0/32]: loss = 0.018616871908307076, lr = 0.000125
2025-09-19 15:04:26 INFO     Epoch 1410 [0/32]: loss = 0.018616871908307076, lr = 0.000125
2025-09-19 15:04:26 INFO     Epoch 1410 [0/32]: loss = 0.018616871908307076, lr = 0.000125
2025-09-19 15:04:26 INFO     Epoch 1410 [0/32]: loss = 0.018616871908307076, lr = 0.000125
2025-09-19 15:04:38 INFO     Epoch 1410 [10/32]: loss = 0.03312988951802254, lr = 0.000125
2025-09-19 15:04:38 INFO     Epoch 1410 [10/32]: loss = 0.03312988951802254, lr = 0.000125
2025-09-19 15:04:38 INFO     Epoch 1410 [10/32]: loss = 0.03312988951802254, lr = 0.000125
2025-09-19 15:04:38 INFO     Epoch 1410 [10/32]: loss = 0.03312988951802254, lr = 0.000125
2025-09-19 15:04:50 INFO     Epoch 1410 [20/32]: loss = 0.012913110665977001, lr = 0.000125
2025-09-19 15:04:50 INFO     Epoch 1410 [20/32]: loss = 0.012913110665977001, lr = 0.000125
2025-09-19 15:04:50 INFO     Epoch 1410 [20/32]: loss = 0.012913110665977001, lr = 0.000125
2025-09-19 15:04:50 INFO     Epoch 1410 [20/32]: loss = 0.012913110665977001, lr = 0.000125
2025-09-19 15:05:02 INFO     Epoch 1410 [30/32]: loss = 0.02150096744298935, lr = 0.000125
2025-09-19 15:05:02 INFO     Epoch 1410 [30/32]: loss = 0.02150096744298935, lr = 0.000125
2025-09-19 15:05:02 INFO     Epoch 1410 [30/32]: loss = 0.02150096744298935, lr = 0.000125
2025-09-19 15:05:02 INFO     Epoch 1410 [30/32]: loss = 0.02150096744298935, lr = 0.000125
2025-09-19 15:05:05 INFO     Epoch 1411 [0/32]: loss = 0.017834600061178207, lr = 0.000125
2025-09-19 15:05:05 INFO     Epoch 1411 [0/32]: loss = 0.017834600061178207, lr = 0.000125
2025-09-19 15:05:05 INFO     Epoch 1411 [0/32]: loss = 0.017834600061178207, lr = 0.000125
2025-09-19 15:05:05 INFO     Epoch 1411 [0/32]: loss = 0.017834600061178207, lr = 0.000125
2025-09-19 15:05:17 INFO     Epoch 1411 [10/32]: loss = 0.021446488797664642, lr = 0.000125
2025-09-19 15:05:17 INFO     Epoch 1411 [10/32]: loss = 0.021446488797664642, lr = 0.000125
2025-09-19 15:05:17 INFO     Epoch 1411 [10/32]: loss = 0.021446488797664642, lr = 0.000125
2025-09-19 15:05:17 INFO     Epoch 1411 [10/32]: loss = 0.021446488797664642, lr = 0.000125
2025-09-19 15:05:29 INFO     Epoch 1411 [20/32]: loss = 0.02427731268107891, lr = 0.000125
2025-09-19 15:05:29 INFO     Epoch 1411 [20/32]: loss = 0.02427731268107891, lr = 0.000125
2025-09-19 15:05:29 INFO     Epoch 1411 [20/32]: loss = 0.02427731268107891, lr = 0.000125
2025-09-19 15:05:29 INFO     Epoch 1411 [20/32]: loss = 0.02427731268107891, lr = 0.000125
2025-09-19 15:05:41 INFO     Epoch 1411 [30/32]: loss = 0.024957913905382156, lr = 0.000125
2025-09-19 15:05:41 INFO     Epoch 1411 [30/32]: loss = 0.024957913905382156, lr = 0.000125
2025-09-19 15:05:41 INFO     Epoch 1411 [30/32]: loss = 0.024957913905382156, lr = 0.000125
2025-09-19 15:05:41 INFO     Epoch 1411 [30/32]: loss = 0.024957913905382156, lr = 0.000125
2025-09-19 15:05:44 INFO     Epoch 1412 [0/32]: loss = 0.026335038244724274, lr = 0.000125
2025-09-19 15:05:44 INFO     Epoch 1412 [0/32]: loss = 0.026335038244724274, lr = 0.000125
2025-09-19 15:05:44 INFO     Epoch 1412 [0/32]: loss = 0.026335038244724274, lr = 0.000125
2025-09-19 15:05:44 INFO     Epoch 1412 [0/32]: loss = 0.026335038244724274, lr = 0.000125
2025-09-19 15:05:56 INFO     Epoch 1412 [10/32]: loss = 0.021551553159952164, lr = 0.000125
2025-09-19 15:05:56 INFO     Epoch 1412 [10/32]: loss = 0.021551553159952164, lr = 0.000125
2025-09-19 15:05:56 INFO     Epoch 1412 [10/32]: loss = 0.021551553159952164, lr = 0.000125
2025-09-19 15:05:56 INFO     Epoch 1412 [10/32]: loss = 0.021551553159952164, lr = 0.000125
2025-09-19 15:06:08 INFO     Epoch 1412 [20/32]: loss = 0.017678316682577133, lr = 0.000125
2025-09-19 15:06:08 INFO     Epoch 1412 [20/32]: loss = 0.017678316682577133, lr = 0.000125
2025-09-19 15:06:08 INFO     Epoch 1412 [20/32]: loss = 0.017678316682577133, lr = 0.000125
2025-09-19 15:06:08 INFO     Epoch 1412 [20/32]: loss = 0.017678316682577133, lr = 0.000125
2025-09-19 15:06:20 INFO     Epoch 1412 [30/32]: loss = 0.023360392078757286, lr = 0.000125
2025-09-19 15:06:20 INFO     Epoch 1412 [30/32]: loss = 0.023360392078757286, lr = 0.000125
2025-09-19 15:06:20 INFO     Epoch 1412 [30/32]: loss = 0.023360392078757286, lr = 0.000125
2025-09-19 15:06:20 INFO     Epoch 1412 [30/32]: loss = 0.023360392078757286, lr = 0.000125
2025-09-19 15:06:23 INFO     Epoch 1413 [0/32]: loss = 0.026503168046474457, lr = 0.000125
2025-09-19 15:06:23 INFO     Epoch 1413 [0/32]: loss = 0.026503168046474457, lr = 0.000125
2025-09-19 15:06:23 INFO     Epoch 1413 [0/32]: loss = 0.026503168046474457, lr = 0.000125
2025-09-19 15:06:23 INFO     Epoch 1413 [0/32]: loss = 0.026503168046474457, lr = 0.000125
2025-09-19 15:06:34 INFO     Epoch 1413 [10/32]: loss = 0.01621369458734989, lr = 0.000125
2025-09-19 15:06:34 INFO     Epoch 1413 [10/32]: loss = 0.01621369458734989, lr = 0.000125
2025-09-19 15:06:34 INFO     Epoch 1413 [10/32]: loss = 0.01621369458734989, lr = 0.000125
2025-09-19 15:06:34 INFO     Epoch 1413 [10/32]: loss = 0.01621369458734989, lr = 0.000125
2025-09-19 15:06:46 INFO     Epoch 1413 [20/32]: loss = 0.021300993859767914, lr = 0.000125
2025-09-19 15:06:46 INFO     Epoch 1413 [20/32]: loss = 0.021300993859767914, lr = 0.000125
2025-09-19 15:06:46 INFO     Epoch 1413 [20/32]: loss = 0.021300993859767914, lr = 0.000125
2025-09-19 15:06:46 INFO     Epoch 1413 [20/32]: loss = 0.021300993859767914, lr = 0.000125
2025-09-19 15:06:58 INFO     Epoch 1413 [30/32]: loss = 0.010930250398814678, lr = 0.000125
2025-09-19 15:06:58 INFO     Epoch 1413 [30/32]: loss = 0.010930250398814678, lr = 0.000125
2025-09-19 15:06:58 INFO     Epoch 1413 [30/32]: loss = 0.010930250398814678, lr = 0.000125
2025-09-19 15:06:58 INFO     Epoch 1413 [30/32]: loss = 0.010930250398814678, lr = 0.000125
2025-09-19 15:07:01 INFO     Epoch 1414 [0/32]: loss = 0.03716801851987839, lr = 0.000125
2025-09-19 15:07:01 INFO     Epoch 1414 [0/32]: loss = 0.03716801851987839, lr = 0.000125
2025-09-19 15:07:01 INFO     Epoch 1414 [0/32]: loss = 0.03716801851987839, lr = 0.000125
2025-09-19 15:07:01 INFO     Epoch 1414 [0/32]: loss = 0.03716801851987839, lr = 0.000125
2025-09-19 15:07:13 INFO     Epoch 1414 [10/32]: loss = 0.04018227756023407, lr = 0.000125
2025-09-19 15:07:13 INFO     Epoch 1414 [10/32]: loss = 0.04018227756023407, lr = 0.000125
2025-09-19 15:07:13 INFO     Epoch 1414 [10/32]: loss = 0.04018227756023407, lr = 0.000125
2025-09-19 15:07:13 INFO     Epoch 1414 [10/32]: loss = 0.04018227756023407, lr = 0.000125
2025-09-19 15:07:25 INFO     Epoch 1414 [20/32]: loss = 0.01060566958039999, lr = 0.000125
2025-09-19 15:07:25 INFO     Epoch 1414 [20/32]: loss = 0.01060566958039999, lr = 0.000125
2025-09-19 15:07:25 INFO     Epoch 1414 [20/32]: loss = 0.01060566958039999, lr = 0.000125
2025-09-19 15:07:25 INFO     Epoch 1414 [20/32]: loss = 0.01060566958039999, lr = 0.000125
2025-09-19 15:07:37 INFO     Epoch 1414 [30/32]: loss = 0.014207511208951473, lr = 0.000125
2025-09-19 15:07:37 INFO     Epoch 1414 [30/32]: loss = 0.014207511208951473, lr = 0.000125
2025-09-19 15:07:37 INFO     Epoch 1414 [30/32]: loss = 0.014207511208951473, lr = 0.000125
2025-09-19 15:07:37 INFO     Epoch 1414 [30/32]: loss = 0.014207511208951473, lr = 0.000125
2025-09-19 15:07:40 INFO     Epoch 1415 [0/32]: loss = 0.017644844949245453, lr = 0.000125
2025-09-19 15:07:40 INFO     Epoch 1415 [0/32]: loss = 0.017644844949245453, lr = 0.000125
2025-09-19 15:07:40 INFO     Epoch 1415 [0/32]: loss = 0.017644844949245453, lr = 0.000125
2025-09-19 15:07:40 INFO     Epoch 1415 [0/32]: loss = 0.017644844949245453, lr = 0.000125
2025-09-19 15:07:52 INFO     Epoch 1415 [10/32]: loss = 0.018188729882240295, lr = 0.000125
2025-09-19 15:07:52 INFO     Epoch 1415 [10/32]: loss = 0.018188729882240295, lr = 0.000125
2025-09-19 15:07:52 INFO     Epoch 1415 [10/32]: loss = 0.018188729882240295, lr = 0.000125
2025-09-19 15:07:52 INFO     Epoch 1415 [10/32]: loss = 0.018188729882240295, lr = 0.000125
2025-09-19 15:08:04 INFO     Epoch 1415 [20/32]: loss = 0.021044401451945305, lr = 0.000125
2025-09-19 15:08:04 INFO     Epoch 1415 [20/32]: loss = 0.021044401451945305, lr = 0.000125
2025-09-19 15:08:04 INFO     Epoch 1415 [20/32]: loss = 0.021044401451945305, lr = 0.000125
2025-09-19 15:08:04 INFO     Epoch 1415 [20/32]: loss = 0.021044401451945305, lr = 0.000125
2025-09-19 15:08:15 INFO     Epoch 1415 [30/32]: loss = 0.024847235530614853, lr = 0.000125
2025-09-19 15:08:15 INFO     Epoch 1415 [30/32]: loss = 0.024847235530614853, lr = 0.000125
2025-09-19 15:08:15 INFO     Epoch 1415 [30/32]: loss = 0.024847235530614853, lr = 0.000125
2025-09-19 15:08:15 INFO     Epoch 1415 [30/32]: loss = 0.024847235530614853, lr = 0.000125
2025-09-19 15:08:19 INFO     Epoch 1416 [0/32]: loss = 0.0290120467543602, lr = 0.000125
2025-09-19 15:08:19 INFO     Epoch 1416 [0/32]: loss = 0.0290120467543602, lr = 0.000125
2025-09-19 15:08:19 INFO     Epoch 1416 [0/32]: loss = 0.0290120467543602, lr = 0.000125
2025-09-19 15:08:19 INFO     Epoch 1416 [0/32]: loss = 0.0290120467543602, lr = 0.000125
2025-09-19 15:08:31 INFO     Epoch 1416 [10/32]: loss = 0.01778658665716648, lr = 0.000125
2025-09-19 15:08:31 INFO     Epoch 1416 [10/32]: loss = 0.01778658665716648, lr = 0.000125
2025-09-19 15:08:31 INFO     Epoch 1416 [10/32]: loss = 0.01778658665716648, lr = 0.000125
2025-09-19 15:08:31 INFO     Epoch 1416 [10/32]: loss = 0.01778658665716648, lr = 0.000125
2025-09-19 15:08:42 INFO     Epoch 1416 [20/32]: loss = 0.03208903223276138, lr = 0.000125
2025-09-19 15:08:42 INFO     Epoch 1416 [20/32]: loss = 0.03208903223276138, lr = 0.000125
2025-09-19 15:08:42 INFO     Epoch 1416 [20/32]: loss = 0.03208903223276138, lr = 0.000125
2025-09-19 15:08:42 INFO     Epoch 1416 [20/32]: loss = 0.03208903223276138, lr = 0.000125
2025-09-19 15:08:54 INFO     Epoch 1416 [30/32]: loss = 0.02856616862118244, lr = 0.000125
2025-09-19 15:08:54 INFO     Epoch 1416 [30/32]: loss = 0.02856616862118244, lr = 0.000125
2025-09-19 15:08:54 INFO     Epoch 1416 [30/32]: loss = 0.02856616862118244, lr = 0.000125
2025-09-19 15:08:54 INFO     Epoch 1416 [30/32]: loss = 0.02856616862118244, lr = 0.000125
2025-09-19 15:08:57 INFO     Epoch 1417 [0/32]: loss = 0.03991933912038803, lr = 0.000125
2025-09-19 15:08:57 INFO     Epoch 1417 [0/32]: loss = 0.03991933912038803, lr = 0.000125
2025-09-19 15:08:57 INFO     Epoch 1417 [0/32]: loss = 0.03991933912038803, lr = 0.000125
2025-09-19 15:08:57 INFO     Epoch 1417 [0/32]: loss = 0.03991933912038803, lr = 0.000125
2025-09-19 15:09:09 INFO     Epoch 1417 [10/32]: loss = 0.017847741022706032, lr = 0.000125
2025-09-19 15:09:09 INFO     Epoch 1417 [10/32]: loss = 0.017847741022706032, lr = 0.000125
2025-09-19 15:09:09 INFO     Epoch 1417 [10/32]: loss = 0.017847741022706032, lr = 0.000125
2025-09-19 15:09:09 INFO     Epoch 1417 [10/32]: loss = 0.017847741022706032, lr = 0.000125
2025-09-19 15:09:21 INFO     Epoch 1417 [20/32]: loss = 0.038998257368803024, lr = 0.000125
2025-09-19 15:09:21 INFO     Epoch 1417 [20/32]: loss = 0.038998257368803024, lr = 0.000125
2025-09-19 15:09:21 INFO     Epoch 1417 [20/32]: loss = 0.038998257368803024, lr = 0.000125
2025-09-19 15:09:21 INFO     Epoch 1417 [20/32]: loss = 0.038998257368803024, lr = 0.000125
2025-09-19 15:09:33 INFO     Epoch 1417 [30/32]: loss = 0.026698056608438492, lr = 0.000125
2025-09-19 15:09:33 INFO     Epoch 1417 [30/32]: loss = 0.026698056608438492, lr = 0.000125
2025-09-19 15:09:33 INFO     Epoch 1417 [30/32]: loss = 0.026698056608438492, lr = 0.000125
2025-09-19 15:09:33 INFO     Epoch 1417 [30/32]: loss = 0.026698056608438492, lr = 0.000125
2025-09-19 15:09:36 INFO     Epoch 1418 [0/32]: loss = 0.023159965872764587, lr = 0.000125
2025-09-19 15:09:36 INFO     Epoch 1418 [0/32]: loss = 0.023159965872764587, lr = 0.000125
2025-09-19 15:09:36 INFO     Epoch 1418 [0/32]: loss = 0.023159965872764587, lr = 0.000125
2025-09-19 15:09:36 INFO     Epoch 1418 [0/32]: loss = 0.023159965872764587, lr = 0.000125
2025-09-19 15:09:48 INFO     Epoch 1418 [10/32]: loss = 0.04074689745903015, lr = 0.000125
2025-09-19 15:09:48 INFO     Epoch 1418 [10/32]: loss = 0.04074689745903015, lr = 0.000125
2025-09-19 15:09:48 INFO     Epoch 1418 [10/32]: loss = 0.04074689745903015, lr = 0.000125
2025-09-19 15:09:48 INFO     Epoch 1418 [10/32]: loss = 0.04074689745903015, lr = 0.000125
2025-09-19 15:10:00 INFO     Epoch 1418 [20/32]: loss = 0.020628659054636955, lr = 0.000125
2025-09-19 15:10:00 INFO     Epoch 1418 [20/32]: loss = 0.020628659054636955, lr = 0.000125
2025-09-19 15:10:00 INFO     Epoch 1418 [20/32]: loss = 0.020628659054636955, lr = 0.000125
2025-09-19 15:10:00 INFO     Epoch 1418 [20/32]: loss = 0.020628659054636955, lr = 0.000125
2025-09-19 15:10:12 INFO     Epoch 1418 [30/32]: loss = 0.028425008058547974, lr = 0.000125
2025-09-19 15:10:12 INFO     Epoch 1418 [30/32]: loss = 0.028425008058547974, lr = 0.000125
2025-09-19 15:10:12 INFO     Epoch 1418 [30/32]: loss = 0.028425008058547974, lr = 0.000125
2025-09-19 15:10:12 INFO     Epoch 1418 [30/32]: loss = 0.028425008058547974, lr = 0.000125
2025-09-19 15:10:15 INFO     Epoch 1419 [0/32]: loss = 0.018027393147349358, lr = 0.000125
2025-09-19 15:10:15 INFO     Epoch 1419 [0/32]: loss = 0.018027393147349358, lr = 0.000125
2025-09-19 15:10:15 INFO     Epoch 1419 [0/32]: loss = 0.018027393147349358, lr = 0.000125
2025-09-19 15:10:15 INFO     Epoch 1419 [0/32]: loss = 0.018027393147349358, lr = 0.000125
2025-09-19 15:10:27 INFO     Epoch 1419 [10/32]: loss = 0.020679378882050514, lr = 0.000125
2025-09-19 15:10:27 INFO     Epoch 1419 [10/32]: loss = 0.020679378882050514, lr = 0.000125
2025-09-19 15:10:27 INFO     Epoch 1419 [10/32]: loss = 0.020679378882050514, lr = 0.000125
2025-09-19 15:10:27 INFO     Epoch 1419 [10/32]: loss = 0.020679378882050514, lr = 0.000125
2025-09-19 15:10:39 INFO     Epoch 1419 [20/32]: loss = 0.03836914896965027, lr = 0.000125
2025-09-19 15:10:39 INFO     Epoch 1419 [20/32]: loss = 0.03836914896965027, lr = 0.000125
2025-09-19 15:10:39 INFO     Epoch 1419 [20/32]: loss = 0.03836914896965027, lr = 0.000125
2025-09-19 15:10:39 INFO     Epoch 1419 [20/32]: loss = 0.03836914896965027, lr = 0.000125
2025-09-19 15:10:51 INFO     Epoch 1419 [30/32]: loss = 0.0071410974487662315, lr = 0.000125
2025-09-19 15:10:51 INFO     Epoch 1419 [30/32]: loss = 0.0071410974487662315, lr = 0.000125
2025-09-19 15:10:51 INFO     Epoch 1419 [30/32]: loss = 0.0071410974487662315, lr = 0.000125
2025-09-19 15:10:51 INFO     Epoch 1419 [30/32]: loss = 0.0071410974487662315, lr = 0.000125
2025-09-19 15:10:54 INFO     Epoch 1420 [0/32]: loss = 0.019944094121456146, lr = 0.000125
2025-09-19 15:10:54 INFO     Epoch 1420 [0/32]: loss = 0.019944094121456146, lr = 0.000125
2025-09-19 15:10:54 INFO     Epoch 1420 [0/32]: loss = 0.019944094121456146, lr = 0.000125
2025-09-19 15:10:54 INFO     Epoch 1420 [0/32]: loss = 0.019944094121456146, lr = 0.000125
2025-09-19 15:11:06 INFO     Epoch 1420 [10/32]: loss = 0.01781080663204193, lr = 0.000125
2025-09-19 15:11:06 INFO     Epoch 1420 [10/32]: loss = 0.01781080663204193, lr = 0.000125
2025-09-19 15:11:06 INFO     Epoch 1420 [10/32]: loss = 0.01781080663204193, lr = 0.000125
2025-09-19 15:11:06 INFO     Epoch 1420 [10/32]: loss = 0.01781080663204193, lr = 0.000125
2025-09-19 15:11:17 INFO     Epoch 1420 [20/32]: loss = 0.007280861027538776, lr = 0.000125
2025-09-19 15:11:17 INFO     Epoch 1420 [20/32]: loss = 0.007280861027538776, lr = 0.000125
2025-09-19 15:11:17 INFO     Epoch 1420 [20/32]: loss = 0.007280861027538776, lr = 0.000125
2025-09-19 15:11:17 INFO     Epoch 1420 [20/32]: loss = 0.007280861027538776, lr = 0.000125
2025-09-19 15:11:29 INFO     Epoch 1420 [30/32]: loss = 0.03575122728943825, lr = 0.000125
2025-09-19 15:11:29 INFO     Epoch 1420 [30/32]: loss = 0.03575122728943825, lr = 0.000125
2025-09-19 15:11:29 INFO     Epoch 1420 [30/32]: loss = 0.03575122728943825, lr = 0.000125
2025-09-19 15:11:29 INFO     Epoch 1420 [30/32]: loss = 0.03575122728943825, lr = 0.000125
2025-09-19 15:11:32 INFO     Epoch 1421 [0/32]: loss = 0.017911763861775398, lr = 0.000125
2025-09-19 15:11:32 INFO     Epoch 1421 [0/32]: loss = 0.017911763861775398, lr = 0.000125
2025-09-19 15:11:32 INFO     Epoch 1421 [0/32]: loss = 0.017911763861775398, lr = 0.000125
2025-09-19 15:11:32 INFO     Epoch 1421 [0/32]: loss = 0.017911763861775398, lr = 0.000125
2025-09-19 15:11:44 INFO     Epoch 1421 [10/32]: loss = 0.018038854002952576, lr = 0.000125
2025-09-19 15:11:44 INFO     Epoch 1421 [10/32]: loss = 0.018038854002952576, lr = 0.000125
2025-09-19 15:11:44 INFO     Epoch 1421 [10/32]: loss = 0.018038854002952576, lr = 0.000125
2025-09-19 15:11:44 INFO     Epoch 1421 [10/32]: loss = 0.018038854002952576, lr = 0.000125
2025-09-19 15:11:56 INFO     Epoch 1421 [20/32]: loss = 0.02725597470998764, lr = 0.000125
2025-09-19 15:11:56 INFO     Epoch 1421 [20/32]: loss = 0.02725597470998764, lr = 0.000125
2025-09-19 15:11:56 INFO     Epoch 1421 [20/32]: loss = 0.02725597470998764, lr = 0.000125
2025-09-19 15:11:56 INFO     Epoch 1421 [20/32]: loss = 0.02725597470998764, lr = 0.000125
2025-09-19 15:12:08 INFO     Epoch 1421 [30/32]: loss = 0.0321115218102932, lr = 0.000125
2025-09-19 15:12:08 INFO     Epoch 1421 [30/32]: loss = 0.0321115218102932, lr = 0.000125
2025-09-19 15:12:08 INFO     Epoch 1421 [30/32]: loss = 0.0321115218102932, lr = 0.000125
2025-09-19 15:12:08 INFO     Epoch 1421 [30/32]: loss = 0.0321115218102932, lr = 0.000125
2025-09-19 15:12:11 INFO     Epoch 1422 [0/32]: loss = 0.0200310368090868, lr = 0.000125
2025-09-19 15:12:11 INFO     Epoch 1422 [0/32]: loss = 0.0200310368090868, lr = 0.000125
2025-09-19 15:12:11 INFO     Epoch 1422 [0/32]: loss = 0.0200310368090868, lr = 0.000125
2025-09-19 15:12:11 INFO     Epoch 1422 [0/32]: loss = 0.0200310368090868, lr = 0.000125
2025-09-19 15:12:23 INFO     Epoch 1422 [10/32]: loss = 0.01106036826968193, lr = 0.000125
2025-09-19 15:12:23 INFO     Epoch 1422 [10/32]: loss = 0.01106036826968193, lr = 0.000125
2025-09-19 15:12:23 INFO     Epoch 1422 [10/32]: loss = 0.01106036826968193, lr = 0.000125
2025-09-19 15:12:23 INFO     Epoch 1422 [10/32]: loss = 0.01106036826968193, lr = 0.000125
2025-09-19 15:12:35 INFO     Epoch 1422 [20/32]: loss = 0.02578539401292801, lr = 0.000125
2025-09-19 15:12:35 INFO     Epoch 1422 [20/32]: loss = 0.02578539401292801, lr = 0.000125
2025-09-19 15:12:35 INFO     Epoch 1422 [20/32]: loss = 0.02578539401292801, lr = 0.000125
2025-09-19 15:12:35 INFO     Epoch 1422 [20/32]: loss = 0.02578539401292801, lr = 0.000125
2025-09-19 15:12:47 INFO     Epoch 1422 [30/32]: loss = 0.03497990220785141, lr = 0.000125
2025-09-19 15:12:47 INFO     Epoch 1422 [30/32]: loss = 0.03497990220785141, lr = 0.000125
2025-09-19 15:12:47 INFO     Epoch 1422 [30/32]: loss = 0.03497990220785141, lr = 0.000125
2025-09-19 15:12:47 INFO     Epoch 1422 [30/32]: loss = 0.03497990220785141, lr = 0.000125
2025-09-19 15:12:50 INFO     Epoch 1423 [0/32]: loss = 0.03175903111696243, lr = 0.000125
2025-09-19 15:12:50 INFO     Epoch 1423 [0/32]: loss = 0.03175903111696243, lr = 0.000125
2025-09-19 15:12:50 INFO     Epoch 1423 [0/32]: loss = 0.03175903111696243, lr = 0.000125
2025-09-19 15:12:50 INFO     Epoch 1423 [0/32]: loss = 0.03175903111696243, lr = 0.000125
2025-09-19 15:13:02 INFO     Epoch 1423 [10/32]: loss = 0.03462760150432587, lr = 0.000125
2025-09-19 15:13:02 INFO     Epoch 1423 [10/32]: loss = 0.03462760150432587, lr = 0.000125
2025-09-19 15:13:02 INFO     Epoch 1423 [10/32]: loss = 0.03462760150432587, lr = 0.000125
2025-09-19 15:13:02 INFO     Epoch 1423 [10/32]: loss = 0.03462760150432587, lr = 0.000125
2025-09-19 15:13:14 INFO     Epoch 1423 [20/32]: loss = 0.010872650891542435, lr = 0.000125
2025-09-19 15:13:14 INFO     Epoch 1423 [20/32]: loss = 0.010872650891542435, lr = 0.000125
2025-09-19 15:13:14 INFO     Epoch 1423 [20/32]: loss = 0.010872650891542435, lr = 0.000125
2025-09-19 15:13:14 INFO     Epoch 1423 [20/32]: loss = 0.010872650891542435, lr = 0.000125
2025-09-19 15:13:26 INFO     Epoch 1423 [30/32]: loss = 0.011355161666870117, lr = 0.000125
2025-09-19 15:13:26 INFO     Epoch 1423 [30/32]: loss = 0.011355161666870117, lr = 0.000125
2025-09-19 15:13:26 INFO     Epoch 1423 [30/32]: loss = 0.011355161666870117, lr = 0.000125
2025-09-19 15:13:26 INFO     Epoch 1423 [30/32]: loss = 0.011355161666870117, lr = 0.000125
2025-09-19 15:13:29 INFO     Epoch 1424 [0/32]: loss = 0.03270907700061798, lr = 0.000125
2025-09-19 15:13:29 INFO     Epoch 1424 [0/32]: loss = 0.03270907700061798, lr = 0.000125
2025-09-19 15:13:29 INFO     Epoch 1424 [0/32]: loss = 0.03270907700061798, lr = 0.000125
2025-09-19 15:13:29 INFO     Epoch 1424 [0/32]: loss = 0.03270907700061798, lr = 0.000125
2025-09-19 15:13:41 INFO     Epoch 1424 [10/32]: loss = 0.018517181277275085, lr = 0.000125
2025-09-19 15:13:41 INFO     Epoch 1424 [10/32]: loss = 0.018517181277275085, lr = 0.000125
2025-09-19 15:13:41 INFO     Epoch 1424 [10/32]: loss = 0.018517181277275085, lr = 0.000125
2025-09-19 15:13:41 INFO     Epoch 1424 [10/32]: loss = 0.018517181277275085, lr = 0.000125
2025-09-19 15:13:53 INFO     Epoch 1424 [20/32]: loss = 0.010880851186811924, lr = 0.000125
2025-09-19 15:13:53 INFO     Epoch 1424 [20/32]: loss = 0.010880851186811924, lr = 0.000125
2025-09-19 15:13:53 INFO     Epoch 1424 [20/32]: loss = 0.010880851186811924, lr = 0.000125
2025-09-19 15:13:53 INFO     Epoch 1424 [20/32]: loss = 0.010880851186811924, lr = 0.000125
2025-09-19 15:14:04 INFO     Epoch 1424 [30/32]: loss = 0.03064056858420372, lr = 0.000125
2025-09-19 15:14:04 INFO     Epoch 1424 [30/32]: loss = 0.03064056858420372, lr = 0.000125
2025-09-19 15:14:04 INFO     Epoch 1424 [30/32]: loss = 0.03064056858420372, lr = 0.000125
2025-09-19 15:14:04 INFO     Epoch 1424 [30/32]: loss = 0.03064056858420372, lr = 0.000125
2025-09-19 15:14:08 INFO     Epoch 1425 [0/32]: loss = 0.021694285795092583, lr = 0.000125
2025-09-19 15:14:08 INFO     Epoch 1425 [0/32]: loss = 0.021694285795092583, lr = 0.000125
2025-09-19 15:14:08 INFO     Epoch 1425 [0/32]: loss = 0.021694285795092583, lr = 0.000125
2025-09-19 15:14:08 INFO     Epoch 1425 [0/32]: loss = 0.021694285795092583, lr = 0.000125
2025-09-19 15:14:20 INFO     Epoch 1425 [10/32]: loss = 0.018005236983299255, lr = 0.000125
2025-09-19 15:14:20 INFO     Epoch 1425 [10/32]: loss = 0.018005236983299255, lr = 0.000125
2025-09-19 15:14:20 INFO     Epoch 1425 [10/32]: loss = 0.018005236983299255, lr = 0.000125
2025-09-19 15:14:20 INFO     Epoch 1425 [10/32]: loss = 0.018005236983299255, lr = 0.000125
2025-09-19 15:14:31 INFO     Epoch 1425 [20/32]: loss = 0.018640434369444847, lr = 0.000125
2025-09-19 15:14:31 INFO     Epoch 1425 [20/32]: loss = 0.018640434369444847, lr = 0.000125
2025-09-19 15:14:31 INFO     Epoch 1425 [20/32]: loss = 0.018640434369444847, lr = 0.000125
2025-09-19 15:14:31 INFO     Epoch 1425 [20/32]: loss = 0.018640434369444847, lr = 0.000125
2025-09-19 15:14:43 INFO     Epoch 1425 [30/32]: loss = 0.03190024197101593, lr = 0.000125
2025-09-19 15:14:43 INFO     Epoch 1425 [30/32]: loss = 0.03190024197101593, lr = 0.000125
2025-09-19 15:14:43 INFO     Epoch 1425 [30/32]: loss = 0.03190024197101593, lr = 0.000125
2025-09-19 15:14:43 INFO     Epoch 1425 [30/32]: loss = 0.03190024197101593, lr = 0.000125
2025-09-19 15:14:46 INFO     Epoch 1426 [0/32]: loss = 0.02137937769293785, lr = 0.000125
2025-09-19 15:14:46 INFO     Epoch 1426 [0/32]: loss = 0.02137937769293785, lr = 0.000125
2025-09-19 15:14:46 INFO     Epoch 1426 [0/32]: loss = 0.02137937769293785, lr = 0.000125
2025-09-19 15:14:46 INFO     Epoch 1426 [0/32]: loss = 0.02137937769293785, lr = 0.000125
2025-09-19 15:14:58 INFO     Epoch 1426 [10/32]: loss = 0.021297840401530266, lr = 0.000125
2025-09-19 15:14:58 INFO     Epoch 1426 [10/32]: loss = 0.021297840401530266, lr = 0.000125
2025-09-19 15:14:58 INFO     Epoch 1426 [10/32]: loss = 0.021297840401530266, lr = 0.000125
2025-09-19 15:14:58 INFO     Epoch 1426 [10/32]: loss = 0.021297840401530266, lr = 0.000125
2025-09-19 15:15:10 INFO     Epoch 1426 [20/32]: loss = 0.03192349150776863, lr = 0.000125
2025-09-19 15:15:10 INFO     Epoch 1426 [20/32]: loss = 0.03192349150776863, lr = 0.000125
2025-09-19 15:15:10 INFO     Epoch 1426 [20/32]: loss = 0.03192349150776863, lr = 0.000125
2025-09-19 15:15:10 INFO     Epoch 1426 [20/32]: loss = 0.03192349150776863, lr = 0.000125
2025-09-19 15:15:22 INFO     Epoch 1426 [30/32]: loss = 0.032317936420440674, lr = 0.000125
2025-09-19 15:15:22 INFO     Epoch 1426 [30/32]: loss = 0.032317936420440674, lr = 0.000125
2025-09-19 15:15:22 INFO     Epoch 1426 [30/32]: loss = 0.032317936420440674, lr = 0.000125
2025-09-19 15:15:22 INFO     Epoch 1426 [30/32]: loss = 0.032317936420440674, lr = 0.000125
2025-09-19 15:15:25 INFO     Epoch 1427 [0/32]: loss = 0.025079460814595222, lr = 0.000125
2025-09-19 15:15:25 INFO     Epoch 1427 [0/32]: loss = 0.025079460814595222, lr = 0.000125
2025-09-19 15:15:25 INFO     Epoch 1427 [0/32]: loss = 0.025079460814595222, lr = 0.000125
2025-09-19 15:15:25 INFO     Epoch 1427 [0/32]: loss = 0.025079460814595222, lr = 0.000125
2025-09-19 15:15:37 INFO     Epoch 1427 [10/32]: loss = 0.01424622442573309, lr = 0.000125
2025-09-19 15:15:37 INFO     Epoch 1427 [10/32]: loss = 0.01424622442573309, lr = 0.000125
2025-09-19 15:15:37 INFO     Epoch 1427 [10/32]: loss = 0.01424622442573309, lr = 0.000125
2025-09-19 15:15:37 INFO     Epoch 1427 [10/32]: loss = 0.01424622442573309, lr = 0.000125
2025-09-19 15:15:49 INFO     Epoch 1427 [20/32]: loss = 0.025003736838698387, lr = 0.000125
2025-09-19 15:15:49 INFO     Epoch 1427 [20/32]: loss = 0.025003736838698387, lr = 0.000125
2025-09-19 15:15:49 INFO     Epoch 1427 [20/32]: loss = 0.025003736838698387, lr = 0.000125
2025-09-19 15:15:49 INFO     Epoch 1427 [20/32]: loss = 0.025003736838698387, lr = 0.000125
2025-09-19 15:16:00 INFO     Epoch 1427 [30/32]: loss = 0.02149025723338127, lr = 0.000125
2025-09-19 15:16:00 INFO     Epoch 1427 [30/32]: loss = 0.02149025723338127, lr = 0.000125
2025-09-19 15:16:00 INFO     Epoch 1427 [30/32]: loss = 0.02149025723338127, lr = 0.000125
2025-09-19 15:16:00 INFO     Epoch 1427 [30/32]: loss = 0.02149025723338127, lr = 0.000125
2025-09-19 15:16:04 INFO     Epoch 1428 [0/32]: loss = 0.021088166162371635, lr = 0.000125
2025-09-19 15:16:04 INFO     Epoch 1428 [0/32]: loss = 0.021088166162371635, lr = 0.000125
2025-09-19 15:16:04 INFO     Epoch 1428 [0/32]: loss = 0.021088166162371635, lr = 0.000125
2025-09-19 15:16:04 INFO     Epoch 1428 [0/32]: loss = 0.021088166162371635, lr = 0.000125
2025-09-19 15:16:15 INFO     Epoch 1428 [10/32]: loss = 0.019185038283467293, lr = 0.000125
2025-09-19 15:16:15 INFO     Epoch 1428 [10/32]: loss = 0.019185038283467293, lr = 0.000125
2025-09-19 15:16:15 INFO     Epoch 1428 [10/32]: loss = 0.019185038283467293, lr = 0.000125
2025-09-19 15:16:15 INFO     Epoch 1428 [10/32]: loss = 0.019185038283467293, lr = 0.000125
2025-09-19 15:16:27 INFO     Epoch 1428 [20/32]: loss = 0.01549181155860424, lr = 0.000125
2025-09-19 15:16:27 INFO     Epoch 1428 [20/32]: loss = 0.01549181155860424, lr = 0.000125
2025-09-19 15:16:27 INFO     Epoch 1428 [20/32]: loss = 0.01549181155860424, lr = 0.000125
2025-09-19 15:16:27 INFO     Epoch 1428 [20/32]: loss = 0.01549181155860424, lr = 0.000125
2025-09-19 15:16:39 INFO     Epoch 1428 [30/32]: loss = 0.03214149922132492, lr = 0.000125
2025-09-19 15:16:39 INFO     Epoch 1428 [30/32]: loss = 0.03214149922132492, lr = 0.000125
2025-09-19 15:16:39 INFO     Epoch 1428 [30/32]: loss = 0.03214149922132492, lr = 0.000125
2025-09-19 15:16:39 INFO     Epoch 1428 [30/32]: loss = 0.03214149922132492, lr = 0.000125
2025-09-19 15:16:42 INFO     Epoch 1429 [0/32]: loss = 0.028755735605955124, lr = 0.000125
2025-09-19 15:16:42 INFO     Epoch 1429 [0/32]: loss = 0.028755735605955124, lr = 0.000125
2025-09-19 15:16:42 INFO     Epoch 1429 [0/32]: loss = 0.028755735605955124, lr = 0.000125
2025-09-19 15:16:42 INFO     Epoch 1429 [0/32]: loss = 0.028755735605955124, lr = 0.000125
2025-09-19 15:16:54 INFO     Epoch 1429 [10/32]: loss = 0.018451135605573654, lr = 0.000125
2025-09-19 15:16:54 INFO     Epoch 1429 [10/32]: loss = 0.018451135605573654, lr = 0.000125
2025-09-19 15:16:54 INFO     Epoch 1429 [10/32]: loss = 0.018451135605573654, lr = 0.000125
2025-09-19 15:16:54 INFO     Epoch 1429 [10/32]: loss = 0.018451135605573654, lr = 0.000125
2025-09-19 15:17:06 INFO     Epoch 1429 [20/32]: loss = 0.026337673887610435, lr = 0.000125
2025-09-19 15:17:06 INFO     Epoch 1429 [20/32]: loss = 0.026337673887610435, lr = 0.000125
2025-09-19 15:17:06 INFO     Epoch 1429 [20/32]: loss = 0.026337673887610435, lr = 0.000125
2025-09-19 15:17:06 INFO     Epoch 1429 [20/32]: loss = 0.026337673887610435, lr = 0.000125
2025-09-19 15:17:18 INFO     Epoch 1429 [30/32]: loss = 0.021246904507279396, lr = 0.000125
2025-09-19 15:17:18 INFO     Epoch 1429 [30/32]: loss = 0.021246904507279396, lr = 0.000125
2025-09-19 15:17:18 INFO     Epoch 1429 [30/32]: loss = 0.021246904507279396, lr = 0.000125
2025-09-19 15:17:18 INFO     Epoch 1429 [30/32]: loss = 0.021246904507279396, lr = 0.000125
2025-09-19 15:17:21 INFO     Epoch 1430 [0/32]: loss = 0.030148396268486977, lr = 0.000125
2025-09-19 15:17:21 INFO     Epoch 1430 [0/32]: loss = 0.030148396268486977, lr = 0.000125
2025-09-19 15:17:21 INFO     Epoch 1430 [0/32]: loss = 0.030148396268486977, lr = 0.000125
2025-09-19 15:17:21 INFO     Epoch 1430 [0/32]: loss = 0.030148396268486977, lr = 0.000125
2025-09-19 15:17:33 INFO     Epoch 1430 [10/32]: loss = 0.030773887410759926, lr = 0.000125
2025-09-19 15:17:33 INFO     Epoch 1430 [10/32]: loss = 0.030773887410759926, lr = 0.000125
2025-09-19 15:17:33 INFO     Epoch 1430 [10/32]: loss = 0.030773887410759926, lr = 0.000125
2025-09-19 15:17:33 INFO     Epoch 1430 [10/32]: loss = 0.030773887410759926, lr = 0.000125
2025-09-19 15:17:45 INFO     Epoch 1430 [20/32]: loss = 0.025952231138944626, lr = 0.000125
2025-09-19 15:17:45 INFO     Epoch 1430 [20/32]: loss = 0.025952231138944626, lr = 0.000125
2025-09-19 15:17:45 INFO     Epoch 1430 [20/32]: loss = 0.025952231138944626, lr = 0.000125
2025-09-19 15:17:45 INFO     Epoch 1430 [20/32]: loss = 0.025952231138944626, lr = 0.000125
2025-09-19 15:17:57 INFO     Epoch 1430 [30/32]: loss = 0.017997343093156815, lr = 0.000125
2025-09-19 15:17:57 INFO     Epoch 1430 [30/32]: loss = 0.017997343093156815, lr = 0.000125
2025-09-19 15:17:57 INFO     Epoch 1430 [30/32]: loss = 0.017997343093156815, lr = 0.000125
2025-09-19 15:17:57 INFO     Epoch 1430 [30/32]: loss = 0.017997343093156815, lr = 0.000125
2025-09-19 15:18:00 INFO     Epoch 1431 [0/32]: loss = 0.014082239009439945, lr = 0.000125
2025-09-19 15:18:00 INFO     Epoch 1431 [0/32]: loss = 0.014082239009439945, lr = 0.000125
2025-09-19 15:18:00 INFO     Epoch 1431 [0/32]: loss = 0.014082239009439945, lr = 0.000125
2025-09-19 15:18:00 INFO     Epoch 1431 [0/32]: loss = 0.014082239009439945, lr = 0.000125
2025-09-19 15:18:11 INFO     Epoch 1431 [10/32]: loss = 0.010894264094531536, lr = 0.000125
2025-09-19 15:18:11 INFO     Epoch 1431 [10/32]: loss = 0.010894264094531536, lr = 0.000125
2025-09-19 15:18:11 INFO     Epoch 1431 [10/32]: loss = 0.010894264094531536, lr = 0.000125
2025-09-19 15:18:11 INFO     Epoch 1431 [10/32]: loss = 0.010894264094531536, lr = 0.000125
2025-09-19 15:18:23 INFO     Epoch 1431 [20/32]: loss = 0.014288246631622314, lr = 0.000125
2025-09-19 15:18:23 INFO     Epoch 1431 [20/32]: loss = 0.014288246631622314, lr = 0.000125
2025-09-19 15:18:23 INFO     Epoch 1431 [20/32]: loss = 0.014288246631622314, lr = 0.000125
2025-09-19 15:18:23 INFO     Epoch 1431 [20/32]: loss = 0.014288246631622314, lr = 0.000125
2025-09-19 15:18:35 INFO     Epoch 1431 [30/32]: loss = 0.03189878165721893, lr = 0.000125
2025-09-19 15:18:35 INFO     Epoch 1431 [30/32]: loss = 0.03189878165721893, lr = 0.000125
2025-09-19 15:18:35 INFO     Epoch 1431 [30/32]: loss = 0.03189878165721893, lr = 0.000125
2025-09-19 15:18:35 INFO     Epoch 1431 [30/32]: loss = 0.03189878165721893, lr = 0.000125
2025-09-19 15:18:38 INFO     Epoch 1432 [0/32]: loss = 0.01770806685090065, lr = 0.000125
2025-09-19 15:18:38 INFO     Epoch 1432 [0/32]: loss = 0.01770806685090065, lr = 0.000125
2025-09-19 15:18:38 INFO     Epoch 1432 [0/32]: loss = 0.01770806685090065, lr = 0.000125
2025-09-19 15:18:38 INFO     Epoch 1432 [0/32]: loss = 0.01770806685090065, lr = 0.000125
2025-09-19 15:18:50 INFO     Epoch 1432 [10/32]: loss = 0.014137981459498405, lr = 0.000125
2025-09-19 15:18:50 INFO     Epoch 1432 [10/32]: loss = 0.014137981459498405, lr = 0.000125
2025-09-19 15:18:50 INFO     Epoch 1432 [10/32]: loss = 0.014137981459498405, lr = 0.000125
2025-09-19 15:18:50 INFO     Epoch 1432 [10/32]: loss = 0.014137981459498405, lr = 0.000125
2025-09-19 15:19:02 INFO     Epoch 1432 [20/32]: loss = 0.018095742911100388, lr = 0.000125
2025-09-19 15:19:02 INFO     Epoch 1432 [20/32]: loss = 0.018095742911100388, lr = 0.000125
2025-09-19 15:19:02 INFO     Epoch 1432 [20/32]: loss = 0.018095742911100388, lr = 0.000125
2025-09-19 15:19:02 INFO     Epoch 1432 [20/32]: loss = 0.018095742911100388, lr = 0.000125
2025-09-19 15:19:14 INFO     Epoch 1432 [30/32]: loss = 0.028833026066422462, lr = 0.000125
2025-09-19 15:19:14 INFO     Epoch 1432 [30/32]: loss = 0.028833026066422462, lr = 0.000125
2025-09-19 15:19:14 INFO     Epoch 1432 [30/32]: loss = 0.028833026066422462, lr = 0.000125
2025-09-19 15:19:14 INFO     Epoch 1432 [30/32]: loss = 0.028833026066422462, lr = 0.000125
2025-09-19 15:19:17 INFO     Epoch 1433 [0/32]: loss = 0.02171396091580391, lr = 0.000125
2025-09-19 15:19:17 INFO     Epoch 1433 [0/32]: loss = 0.02171396091580391, lr = 0.000125
2025-09-19 15:19:17 INFO     Epoch 1433 [0/32]: loss = 0.02171396091580391, lr = 0.000125
2025-09-19 15:19:17 INFO     Epoch 1433 [0/32]: loss = 0.02171396091580391, lr = 0.000125
2025-09-19 15:19:29 INFO     Epoch 1433 [10/32]: loss = 0.018335428088903427, lr = 0.000125
2025-09-19 15:19:29 INFO     Epoch 1433 [10/32]: loss = 0.018335428088903427, lr = 0.000125
2025-09-19 15:19:29 INFO     Epoch 1433 [10/32]: loss = 0.018335428088903427, lr = 0.000125
2025-09-19 15:19:29 INFO     Epoch 1433 [10/32]: loss = 0.018335428088903427, lr = 0.000125
2025-09-19 15:19:41 INFO     Epoch 1433 [20/32]: loss = 0.027861211448907852, lr = 0.000125
2025-09-19 15:19:41 INFO     Epoch 1433 [20/32]: loss = 0.027861211448907852, lr = 0.000125
2025-09-19 15:19:41 INFO     Epoch 1433 [20/32]: loss = 0.027861211448907852, lr = 0.000125
2025-09-19 15:19:41 INFO     Epoch 1433 [20/32]: loss = 0.027861211448907852, lr = 0.000125
2025-09-19 15:19:53 INFO     Epoch 1433 [30/32]: loss = 0.02907879278063774, lr = 0.000125
2025-09-19 15:19:53 INFO     Epoch 1433 [30/32]: loss = 0.02907879278063774, lr = 0.000125
2025-09-19 15:19:53 INFO     Epoch 1433 [30/32]: loss = 0.02907879278063774, lr = 0.000125
2025-09-19 15:19:53 INFO     Epoch 1433 [30/32]: loss = 0.02907879278063774, lr = 0.000125
2025-09-19 15:19:56 INFO     Epoch 1434 [0/32]: loss = 0.014791041612625122, lr = 0.000125
2025-09-19 15:19:56 INFO     Epoch 1434 [0/32]: loss = 0.014791041612625122, lr = 0.000125
2025-09-19 15:19:56 INFO     Epoch 1434 [0/32]: loss = 0.014791041612625122, lr = 0.000125
2025-09-19 15:19:56 INFO     Epoch 1434 [0/32]: loss = 0.014791041612625122, lr = 0.000125
2025-09-19 15:20:08 INFO     Epoch 1434 [10/32]: loss = 0.025087445974349976, lr = 0.000125
2025-09-19 15:20:08 INFO     Epoch 1434 [10/32]: loss = 0.025087445974349976, lr = 0.000125
2025-09-19 15:20:08 INFO     Epoch 1434 [10/32]: loss = 0.025087445974349976, lr = 0.000125
2025-09-19 15:20:08 INFO     Epoch 1434 [10/32]: loss = 0.025087445974349976, lr = 0.000125
2025-09-19 15:20:20 INFO     Epoch 1434 [20/32]: loss = 0.010418739169836044, lr = 0.000125
2025-09-19 15:20:20 INFO     Epoch 1434 [20/32]: loss = 0.010418739169836044, lr = 0.000125
2025-09-19 15:20:20 INFO     Epoch 1434 [20/32]: loss = 0.010418739169836044, lr = 0.000125
2025-09-19 15:20:20 INFO     Epoch 1434 [20/32]: loss = 0.010418739169836044, lr = 0.000125
2025-09-19 15:20:32 INFO     Epoch 1434 [30/32]: loss = 0.028565481305122375, lr = 0.000125
2025-09-19 15:20:32 INFO     Epoch 1434 [30/32]: loss = 0.028565481305122375, lr = 0.000125
2025-09-19 15:20:32 INFO     Epoch 1434 [30/32]: loss = 0.028565481305122375, lr = 0.000125
2025-09-19 15:20:32 INFO     Epoch 1434 [30/32]: loss = 0.028565481305122375, lr = 0.000125
2025-09-19 15:20:35 INFO     Epoch 1435 [0/32]: loss = 0.014156533405184746, lr = 0.000125
2025-09-19 15:20:35 INFO     Epoch 1435 [0/32]: loss = 0.014156533405184746, lr = 0.000125
2025-09-19 15:20:35 INFO     Epoch 1435 [0/32]: loss = 0.014156533405184746, lr = 0.000125
2025-09-19 15:20:35 INFO     Epoch 1435 [0/32]: loss = 0.014156533405184746, lr = 0.000125
2025-09-19 15:20:47 INFO     Epoch 1435 [10/32]: loss = 0.021291259676218033, lr = 0.000125
2025-09-19 15:20:47 INFO     Epoch 1435 [10/32]: loss = 0.021291259676218033, lr = 0.000125
2025-09-19 15:20:47 INFO     Epoch 1435 [10/32]: loss = 0.021291259676218033, lr = 0.000125
2025-09-19 15:20:47 INFO     Epoch 1435 [10/32]: loss = 0.021291259676218033, lr = 0.000125
2025-09-19 15:20:58 INFO     Epoch 1435 [20/32]: loss = 0.012145659886300564, lr = 0.000125
2025-09-19 15:20:58 INFO     Epoch 1435 [20/32]: loss = 0.012145659886300564, lr = 0.000125
2025-09-19 15:20:58 INFO     Epoch 1435 [20/32]: loss = 0.012145659886300564, lr = 0.000125
2025-09-19 15:20:58 INFO     Epoch 1435 [20/32]: loss = 0.012145659886300564, lr = 0.000125
2025-09-19 15:21:10 INFO     Epoch 1435 [30/32]: loss = 0.01748354732990265, lr = 0.000125
2025-09-19 15:21:10 INFO     Epoch 1435 [30/32]: loss = 0.01748354732990265, lr = 0.000125
2025-09-19 15:21:10 INFO     Epoch 1435 [30/32]: loss = 0.01748354732990265, lr = 0.000125
2025-09-19 15:21:10 INFO     Epoch 1435 [30/32]: loss = 0.01748354732990265, lr = 0.000125
2025-09-19 15:21:13 INFO     Epoch 1436 [0/32]: loss = 0.039016060531139374, lr = 0.000125
2025-09-19 15:21:13 INFO     Epoch 1436 [0/32]: loss = 0.039016060531139374, lr = 0.000125
2025-09-19 15:21:13 INFO     Epoch 1436 [0/32]: loss = 0.039016060531139374, lr = 0.000125
2025-09-19 15:21:13 INFO     Epoch 1436 [0/32]: loss = 0.039016060531139374, lr = 0.000125
2025-09-19 15:21:25 INFO     Epoch 1436 [10/32]: loss = 0.0177571140229702, lr = 0.000125
2025-09-19 15:21:25 INFO     Epoch 1436 [10/32]: loss = 0.0177571140229702, lr = 0.000125
2025-09-19 15:21:25 INFO     Epoch 1436 [10/32]: loss = 0.0177571140229702, lr = 0.000125
2025-09-19 15:21:25 INFO     Epoch 1436 [10/32]: loss = 0.0177571140229702, lr = 0.000125
2025-09-19 15:21:37 INFO     Epoch 1436 [20/32]: loss = 0.042315684258937836, lr = 0.000125
2025-09-19 15:21:37 INFO     Epoch 1436 [20/32]: loss = 0.042315684258937836, lr = 0.000125
2025-09-19 15:21:37 INFO     Epoch 1436 [20/32]: loss = 0.042315684258937836, lr = 0.000125
2025-09-19 15:21:37 INFO     Epoch 1436 [20/32]: loss = 0.042315684258937836, lr = 0.000125
2025-09-19 15:21:49 INFO     Epoch 1436 [30/32]: loss = 0.025326577946543694, lr = 0.000125
2025-09-19 15:21:49 INFO     Epoch 1436 [30/32]: loss = 0.025326577946543694, lr = 0.000125
2025-09-19 15:21:49 INFO     Epoch 1436 [30/32]: loss = 0.025326577946543694, lr = 0.000125
2025-09-19 15:21:49 INFO     Epoch 1436 [30/32]: loss = 0.025326577946543694, lr = 0.000125
2025-09-19 15:21:52 INFO     Epoch 1437 [0/32]: loss = 0.01121826097369194, lr = 0.000125
2025-09-19 15:21:52 INFO     Epoch 1437 [0/32]: loss = 0.01121826097369194, lr = 0.000125
2025-09-19 15:21:52 INFO     Epoch 1437 [0/32]: loss = 0.01121826097369194, lr = 0.000125
2025-09-19 15:21:52 INFO     Epoch 1437 [0/32]: loss = 0.01121826097369194, lr = 0.000125
2025-09-19 15:22:04 INFO     Epoch 1437 [10/32]: loss = 0.032483622431755066, lr = 0.000125
2025-09-19 15:22:04 INFO     Epoch 1437 [10/32]: loss = 0.032483622431755066, lr = 0.000125
2025-09-19 15:22:04 INFO     Epoch 1437 [10/32]: loss = 0.032483622431755066, lr = 0.000125
2025-09-19 15:22:04 INFO     Epoch 1437 [10/32]: loss = 0.032483622431755066, lr = 0.000125
2025-09-19 15:22:15 INFO     Epoch 1437 [20/32]: loss = 0.014440054073929787, lr = 0.000125
2025-09-19 15:22:15 INFO     Epoch 1437 [20/32]: loss = 0.014440054073929787, lr = 0.000125
2025-09-19 15:22:15 INFO     Epoch 1437 [20/32]: loss = 0.014440054073929787, lr = 0.000125
2025-09-19 15:22:15 INFO     Epoch 1437 [20/32]: loss = 0.014440054073929787, lr = 0.000125
2025-09-19 15:22:27 INFO     Epoch 1437 [30/32]: loss = 0.017670119181275368, lr = 0.000125
2025-09-19 15:22:27 INFO     Epoch 1437 [30/32]: loss = 0.017670119181275368, lr = 0.000125
2025-09-19 15:22:27 INFO     Epoch 1437 [30/32]: loss = 0.017670119181275368, lr = 0.000125
2025-09-19 15:22:27 INFO     Epoch 1437 [30/32]: loss = 0.017670119181275368, lr = 0.000125
2025-09-19 15:22:30 INFO     Epoch 1438 [0/32]: loss = 0.028430555015802383, lr = 0.000125
2025-09-19 15:22:30 INFO     Epoch 1438 [0/32]: loss = 0.028430555015802383, lr = 0.000125
2025-09-19 15:22:30 INFO     Epoch 1438 [0/32]: loss = 0.028430555015802383, lr = 0.000125
2025-09-19 15:22:30 INFO     Epoch 1438 [0/32]: loss = 0.028430555015802383, lr = 0.000125
2025-09-19 15:22:42 INFO     Epoch 1438 [10/32]: loss = 0.037089116871356964, lr = 0.000125
2025-09-19 15:22:42 INFO     Epoch 1438 [10/32]: loss = 0.037089116871356964, lr = 0.000125
2025-09-19 15:22:42 INFO     Epoch 1438 [10/32]: loss = 0.037089116871356964, lr = 0.000125
2025-09-19 15:22:42 INFO     Epoch 1438 [10/32]: loss = 0.037089116871356964, lr = 0.000125
2025-09-19 15:22:54 INFO     Epoch 1438 [20/32]: loss = 0.02509584091603756, lr = 0.000125
2025-09-19 15:22:54 INFO     Epoch 1438 [20/32]: loss = 0.02509584091603756, lr = 0.000125
2025-09-19 15:22:54 INFO     Epoch 1438 [20/32]: loss = 0.02509584091603756, lr = 0.000125
2025-09-19 15:22:54 INFO     Epoch 1438 [20/32]: loss = 0.02509584091603756, lr = 0.000125
2025-09-19 15:23:06 INFO     Epoch 1438 [30/32]: loss = 0.02332381159067154, lr = 0.000125
2025-09-19 15:23:06 INFO     Epoch 1438 [30/32]: loss = 0.02332381159067154, lr = 0.000125
2025-09-19 15:23:06 INFO     Epoch 1438 [30/32]: loss = 0.02332381159067154, lr = 0.000125
2025-09-19 15:23:06 INFO     Epoch 1438 [30/32]: loss = 0.02332381159067154, lr = 0.000125
2025-09-19 15:23:09 INFO     Epoch 1439 [0/32]: loss = 0.017893029376864433, lr = 0.000125
2025-09-19 15:23:09 INFO     Epoch 1439 [0/32]: loss = 0.017893029376864433, lr = 0.000125
2025-09-19 15:23:09 INFO     Epoch 1439 [0/32]: loss = 0.017893029376864433, lr = 0.000125
2025-09-19 15:23:09 INFO     Epoch 1439 [0/32]: loss = 0.017893029376864433, lr = 0.000125
2025-09-19 15:23:21 INFO     Epoch 1439 [10/32]: loss = 0.032335177063941956, lr = 0.000125
2025-09-19 15:23:21 INFO     Epoch 1439 [10/32]: loss = 0.032335177063941956, lr = 0.000125
2025-09-19 15:23:21 INFO     Epoch 1439 [10/32]: loss = 0.032335177063941956, lr = 0.000125
2025-09-19 15:23:21 INFO     Epoch 1439 [10/32]: loss = 0.032335177063941956, lr = 0.000125
2025-09-19 15:23:33 INFO     Epoch 1439 [20/32]: loss = 0.014174134470522404, lr = 0.000125
2025-09-19 15:23:33 INFO     Epoch 1439 [20/32]: loss = 0.014174134470522404, lr = 0.000125
2025-09-19 15:23:33 INFO     Epoch 1439 [20/32]: loss = 0.014174134470522404, lr = 0.000125
2025-09-19 15:23:33 INFO     Epoch 1439 [20/32]: loss = 0.014174134470522404, lr = 0.000125
2025-09-19 15:23:45 INFO     Epoch 1439 [30/32]: loss = 0.02896282821893692, lr = 0.000125
2025-09-19 15:23:45 INFO     Epoch 1439 [30/32]: loss = 0.02896282821893692, lr = 0.000125
2025-09-19 15:23:45 INFO     Epoch 1439 [30/32]: loss = 0.02896282821893692, lr = 0.000125
2025-09-19 15:23:45 INFO     Epoch 1439 [30/32]: loss = 0.02896282821893692, lr = 0.000125
2025-09-19 15:23:48 INFO     Epoch 1440 [0/32]: loss = 0.010699426755309105, lr = 0.000125
2025-09-19 15:23:48 INFO     Epoch 1440 [0/32]: loss = 0.010699426755309105, lr = 0.000125
2025-09-19 15:23:48 INFO     Epoch 1440 [0/32]: loss = 0.010699426755309105, lr = 0.000125
2025-09-19 15:23:48 INFO     Epoch 1440 [0/32]: loss = 0.010699426755309105, lr = 0.000125
2025-09-19 15:24:00 INFO     Epoch 1440 [10/32]: loss = 0.017683468759059906, lr = 0.000125
2025-09-19 15:24:00 INFO     Epoch 1440 [10/32]: loss = 0.017683468759059906, lr = 0.000125
2025-09-19 15:24:00 INFO     Epoch 1440 [10/32]: loss = 0.017683468759059906, lr = 0.000125
2025-09-19 15:24:00 INFO     Epoch 1440 [10/32]: loss = 0.017683468759059906, lr = 0.000125
2025-09-19 15:24:12 INFO     Epoch 1440 [20/32]: loss = 0.038450777530670166, lr = 0.000125
2025-09-19 15:24:12 INFO     Epoch 1440 [20/32]: loss = 0.038450777530670166, lr = 0.000125
2025-09-19 15:24:12 INFO     Epoch 1440 [20/32]: loss = 0.038450777530670166, lr = 0.000125
2025-09-19 15:24:12 INFO     Epoch 1440 [20/32]: loss = 0.038450777530670166, lr = 0.000125
2025-09-19 15:24:24 INFO     Epoch 1440 [30/32]: loss = 0.04639573022723198, lr = 0.000125
2025-09-19 15:24:24 INFO     Epoch 1440 [30/32]: loss = 0.04639573022723198, lr = 0.000125
2025-09-19 15:24:24 INFO     Epoch 1440 [30/32]: loss = 0.04639573022723198, lr = 0.000125
2025-09-19 15:24:24 INFO     Epoch 1440 [30/32]: loss = 0.04639573022723198, lr = 0.000125
2025-09-19 15:24:27 INFO     Epoch 1441 [0/32]: loss = 0.0352240651845932, lr = 0.000125
2025-09-19 15:24:27 INFO     Epoch 1441 [0/32]: loss = 0.0352240651845932, lr = 0.000125
2025-09-19 15:24:27 INFO     Epoch 1441 [0/32]: loss = 0.0352240651845932, lr = 0.000125
2025-09-19 15:24:27 INFO     Epoch 1441 [0/32]: loss = 0.0352240651845932, lr = 0.000125
2025-09-19 15:24:39 INFO     Epoch 1441 [10/32]: loss = 0.017402689903974533, lr = 0.000125
2025-09-19 15:24:39 INFO     Epoch 1441 [10/32]: loss = 0.017402689903974533, lr = 0.000125
2025-09-19 15:24:39 INFO     Epoch 1441 [10/32]: loss = 0.017402689903974533, lr = 0.000125
2025-09-19 15:24:39 INFO     Epoch 1441 [10/32]: loss = 0.017402689903974533, lr = 0.000125
2025-09-19 15:24:51 INFO     Epoch 1441 [20/32]: loss = 0.0238602664321661, lr = 0.000125
2025-09-19 15:24:51 INFO     Epoch 1441 [20/32]: loss = 0.0238602664321661, lr = 0.000125
2025-09-19 15:24:51 INFO     Epoch 1441 [20/32]: loss = 0.0238602664321661, lr = 0.000125
2025-09-19 15:24:51 INFO     Epoch 1441 [20/32]: loss = 0.0238602664321661, lr = 0.000125
2025-09-19 15:25:03 INFO     Epoch 1441 [30/32]: loss = 0.02137170545756817, lr = 0.000125
2025-09-19 15:25:03 INFO     Epoch 1441 [30/32]: loss = 0.02137170545756817, lr = 0.000125
2025-09-19 15:25:03 INFO     Epoch 1441 [30/32]: loss = 0.02137170545756817, lr = 0.000125
2025-09-19 15:25:03 INFO     Epoch 1441 [30/32]: loss = 0.02137170545756817, lr = 0.000125
2025-09-19 15:25:06 INFO     Epoch 1442 [0/32]: loss = 0.014100704342126846, lr = 0.000125
2025-09-19 15:25:06 INFO     Epoch 1442 [0/32]: loss = 0.014100704342126846, lr = 0.000125
2025-09-19 15:25:06 INFO     Epoch 1442 [0/32]: loss = 0.014100704342126846, lr = 0.000125
2025-09-19 15:25:06 INFO     Epoch 1442 [0/32]: loss = 0.014100704342126846, lr = 0.000125
2025-09-19 15:25:18 INFO     Epoch 1442 [10/32]: loss = 0.010968167334794998, lr = 0.000125
2025-09-19 15:25:18 INFO     Epoch 1442 [10/32]: loss = 0.010968167334794998, lr = 0.000125
2025-09-19 15:25:18 INFO     Epoch 1442 [10/32]: loss = 0.010968167334794998, lr = 0.000125
2025-09-19 15:25:18 INFO     Epoch 1442 [10/32]: loss = 0.010968167334794998, lr = 0.000125
2025-09-19 15:25:30 INFO     Epoch 1442 [20/32]: loss = 0.03169890120625496, lr = 0.000125
2025-09-19 15:25:30 INFO     Epoch 1442 [20/32]: loss = 0.03169890120625496, lr = 0.000125
2025-09-19 15:25:30 INFO     Epoch 1442 [20/32]: loss = 0.03169890120625496, lr = 0.000125
2025-09-19 15:25:30 INFO     Epoch 1442 [20/32]: loss = 0.03169890120625496, lr = 0.000125
2025-09-19 15:25:41 INFO     Epoch 1442 [30/32]: loss = 0.017721781507134438, lr = 0.000125
2025-09-19 15:25:41 INFO     Epoch 1442 [30/32]: loss = 0.017721781507134438, lr = 0.000125
2025-09-19 15:25:41 INFO     Epoch 1442 [30/32]: loss = 0.017721781507134438, lr = 0.000125
2025-09-19 15:25:41 INFO     Epoch 1442 [30/32]: loss = 0.017721781507134438, lr = 0.000125
2025-09-19 15:25:45 INFO     Epoch 1443 [0/32]: loss = 0.019901135936379433, lr = 0.000125
2025-09-19 15:25:45 INFO     Epoch 1443 [0/32]: loss = 0.019901135936379433, lr = 0.000125
2025-09-19 15:25:45 INFO     Epoch 1443 [0/32]: loss = 0.019901135936379433, lr = 0.000125
2025-09-19 15:25:45 INFO     Epoch 1443 [0/32]: loss = 0.019901135936379433, lr = 0.000125
2025-09-19 15:25:57 INFO     Epoch 1443 [10/32]: loss = 0.024904577061533928, lr = 0.000125
2025-09-19 15:25:57 INFO     Epoch 1443 [10/32]: loss = 0.024904577061533928, lr = 0.000125
2025-09-19 15:25:57 INFO     Epoch 1443 [10/32]: loss = 0.024904577061533928, lr = 0.000125
2025-09-19 15:25:57 INFO     Epoch 1443 [10/32]: loss = 0.024904577061533928, lr = 0.000125
2025-09-19 15:26:08 INFO     Epoch 1443 [20/32]: loss = 0.012820551171898842, lr = 0.000125
2025-09-19 15:26:08 INFO     Epoch 1443 [20/32]: loss = 0.012820551171898842, lr = 0.000125
2025-09-19 15:26:08 INFO     Epoch 1443 [20/32]: loss = 0.012820551171898842, lr = 0.000125
2025-09-19 15:26:08 INFO     Epoch 1443 [20/32]: loss = 0.012820551171898842, lr = 0.000125
2025-09-19 15:26:20 INFO     Epoch 1443 [30/32]: loss = 0.012959115207195282, lr = 0.000125
2025-09-19 15:26:20 INFO     Epoch 1443 [30/32]: loss = 0.012959115207195282, lr = 0.000125
2025-09-19 15:26:20 INFO     Epoch 1443 [30/32]: loss = 0.012959115207195282, lr = 0.000125
2025-09-19 15:26:20 INFO     Epoch 1443 [30/32]: loss = 0.012959115207195282, lr = 0.000125
2025-09-19 15:26:23 INFO     Epoch 1444 [0/32]: loss = 0.017498476430773735, lr = 0.000125
2025-09-19 15:26:23 INFO     Epoch 1444 [0/32]: loss = 0.017498476430773735, lr = 0.000125
2025-09-19 15:26:23 INFO     Epoch 1444 [0/32]: loss = 0.017498476430773735, lr = 0.000125
2025-09-19 15:26:23 INFO     Epoch 1444 [0/32]: loss = 0.017498476430773735, lr = 0.000125
2025-09-19 15:26:35 INFO     Epoch 1444 [10/32]: loss = 0.02486587129533291, lr = 0.000125
2025-09-19 15:26:35 INFO     Epoch 1444 [10/32]: loss = 0.02486587129533291, lr = 0.000125
2025-09-19 15:26:35 INFO     Epoch 1444 [10/32]: loss = 0.02486587129533291, lr = 0.000125
2025-09-19 15:26:35 INFO     Epoch 1444 [10/32]: loss = 0.02486587129533291, lr = 0.000125
2025-09-19 15:26:47 INFO     Epoch 1444 [20/32]: loss = 0.007119361776858568, lr = 0.000125
2025-09-19 15:26:47 INFO     Epoch 1444 [20/32]: loss = 0.007119361776858568, lr = 0.000125
2025-09-19 15:26:47 INFO     Epoch 1444 [20/32]: loss = 0.007119361776858568, lr = 0.000125
2025-09-19 15:26:47 INFO     Epoch 1444 [20/32]: loss = 0.007119361776858568, lr = 0.000125
2025-09-19 15:26:59 INFO     Epoch 1444 [30/32]: loss = 0.03550391644239426, lr = 0.000125
2025-09-19 15:26:59 INFO     Epoch 1444 [30/32]: loss = 0.03550391644239426, lr = 0.000125
2025-09-19 15:26:59 INFO     Epoch 1444 [30/32]: loss = 0.03550391644239426, lr = 0.000125
2025-09-19 15:26:59 INFO     Epoch 1444 [30/32]: loss = 0.03550391644239426, lr = 0.000125
2025-09-19 15:27:02 INFO     Epoch 1445 [0/32]: loss = 0.0179120022803545, lr = 0.000125
2025-09-19 15:27:02 INFO     Epoch 1445 [0/32]: loss = 0.0179120022803545, lr = 0.000125
2025-09-19 15:27:02 INFO     Epoch 1445 [0/32]: loss = 0.0179120022803545, lr = 0.000125
2025-09-19 15:27:02 INFO     Epoch 1445 [0/32]: loss = 0.0179120022803545, lr = 0.000125
2025-09-19 15:27:14 INFO     Epoch 1445 [10/32]: loss = 0.010550876148045063, lr = 0.000125
2025-09-19 15:27:14 INFO     Epoch 1445 [10/32]: loss = 0.010550876148045063, lr = 0.000125
2025-09-19 15:27:14 INFO     Epoch 1445 [10/32]: loss = 0.010550876148045063, lr = 0.000125
2025-09-19 15:27:14 INFO     Epoch 1445 [10/32]: loss = 0.010550876148045063, lr = 0.000125
2025-09-19 15:27:26 INFO     Epoch 1445 [20/32]: loss = 0.010108761489391327, lr = 0.000125
2025-09-19 15:27:26 INFO     Epoch 1445 [20/32]: loss = 0.010108761489391327, lr = 0.000125
2025-09-19 15:27:26 INFO     Epoch 1445 [20/32]: loss = 0.010108761489391327, lr = 0.000125
2025-09-19 15:27:26 INFO     Epoch 1445 [20/32]: loss = 0.010108761489391327, lr = 0.000125
2025-09-19 15:27:37 INFO     Epoch 1445 [30/32]: loss = 0.025203801691532135, lr = 0.000125
2025-09-19 15:27:37 INFO     Epoch 1445 [30/32]: loss = 0.025203801691532135, lr = 0.000125
2025-09-19 15:27:37 INFO     Epoch 1445 [30/32]: loss = 0.025203801691532135, lr = 0.000125
2025-09-19 15:27:37 INFO     Epoch 1445 [30/32]: loss = 0.025203801691532135, lr = 0.000125
2025-09-19 15:27:40 INFO     Epoch 1446 [0/32]: loss = 0.014001850038766861, lr = 0.000125
2025-09-19 15:27:40 INFO     Epoch 1446 [0/32]: loss = 0.014001850038766861, lr = 0.000125
2025-09-19 15:27:40 INFO     Epoch 1446 [0/32]: loss = 0.014001850038766861, lr = 0.000125
2025-09-19 15:27:40 INFO     Epoch 1446 [0/32]: loss = 0.014001850038766861, lr = 0.000125
2025-09-19 15:27:52 INFO     Epoch 1446 [10/32]: loss = 0.02714015729725361, lr = 0.000125
2025-09-19 15:27:52 INFO     Epoch 1446 [10/32]: loss = 0.02714015729725361, lr = 0.000125
2025-09-19 15:27:52 INFO     Epoch 1446 [10/32]: loss = 0.02714015729725361, lr = 0.000125
2025-09-19 15:27:52 INFO     Epoch 1446 [10/32]: loss = 0.02714015729725361, lr = 0.000125
2025-09-19 15:28:04 INFO     Epoch 1446 [20/32]: loss = 0.021766595542430878, lr = 0.000125
2025-09-19 15:28:04 INFO     Epoch 1446 [20/32]: loss = 0.021766595542430878, lr = 0.000125
2025-09-19 15:28:04 INFO     Epoch 1446 [20/32]: loss = 0.021766595542430878, lr = 0.000125
2025-09-19 15:28:04 INFO     Epoch 1446 [20/32]: loss = 0.021766595542430878, lr = 0.000125
2025-09-19 15:28:16 INFO     Epoch 1446 [30/32]: loss = 0.01797463372349739, lr = 0.000125
2025-09-19 15:28:16 INFO     Epoch 1446 [30/32]: loss = 0.01797463372349739, lr = 0.000125
2025-09-19 15:28:16 INFO     Epoch 1446 [30/32]: loss = 0.01797463372349739, lr = 0.000125
2025-09-19 15:28:16 INFO     Epoch 1446 [30/32]: loss = 0.01797463372349739, lr = 0.000125
2025-09-19 15:28:19 INFO     Epoch 1447 [0/32]: loss = 0.028389615938067436, lr = 0.000125
2025-09-19 15:28:19 INFO     Epoch 1447 [0/32]: loss = 0.028389615938067436, lr = 0.000125
2025-09-19 15:28:19 INFO     Epoch 1447 [0/32]: loss = 0.028389615938067436, lr = 0.000125
2025-09-19 15:28:19 INFO     Epoch 1447 [0/32]: loss = 0.028389615938067436, lr = 0.000125
2025-09-19 15:28:31 INFO     Epoch 1447 [10/32]: loss = 0.010788239538669586, lr = 0.000125
2025-09-19 15:28:31 INFO     Epoch 1447 [10/32]: loss = 0.010788239538669586, lr = 0.000125
2025-09-19 15:28:31 INFO     Epoch 1447 [10/32]: loss = 0.010788239538669586, lr = 0.000125
2025-09-19 15:28:31 INFO     Epoch 1447 [10/32]: loss = 0.010788239538669586, lr = 0.000125
2025-09-19 15:28:43 INFO     Epoch 1447 [20/32]: loss = 0.03202548995614052, lr = 0.000125
2025-09-19 15:28:43 INFO     Epoch 1447 [20/32]: loss = 0.03202548995614052, lr = 0.000125
2025-09-19 15:28:43 INFO     Epoch 1447 [20/32]: loss = 0.03202548995614052, lr = 0.000125
2025-09-19 15:28:43 INFO     Epoch 1447 [20/32]: loss = 0.03202548995614052, lr = 0.000125
2025-09-19 15:28:55 INFO     Epoch 1447 [30/32]: loss = 0.02155815064907074, lr = 0.000125
2025-09-19 15:28:55 INFO     Epoch 1447 [30/32]: loss = 0.02155815064907074, lr = 0.000125
2025-09-19 15:28:55 INFO     Epoch 1447 [30/32]: loss = 0.02155815064907074, lr = 0.000125
2025-09-19 15:28:55 INFO     Epoch 1447 [30/32]: loss = 0.02155815064907074, lr = 0.000125
2025-09-19 15:28:58 INFO     Epoch 1448 [0/32]: loss = 0.014256404712796211, lr = 0.000125
2025-09-19 15:28:58 INFO     Epoch 1448 [0/32]: loss = 0.014256404712796211, lr = 0.000125
2025-09-19 15:28:58 INFO     Epoch 1448 [0/32]: loss = 0.014256404712796211, lr = 0.000125
2025-09-19 15:28:58 INFO     Epoch 1448 [0/32]: loss = 0.014256404712796211, lr = 0.000125
2025-09-19 15:29:10 INFO     Epoch 1448 [10/32]: loss = 0.03053399920463562, lr = 0.000125
2025-09-19 15:29:10 INFO     Epoch 1448 [10/32]: loss = 0.03053399920463562, lr = 0.000125
2025-09-19 15:29:10 INFO     Epoch 1448 [10/32]: loss = 0.03053399920463562, lr = 0.000125
2025-09-19 15:29:10 INFO     Epoch 1448 [10/32]: loss = 0.03053399920463562, lr = 0.000125
2025-09-19 15:29:22 INFO     Epoch 1448 [20/32]: loss = 0.010661479085683823, lr = 0.000125
2025-09-19 15:29:22 INFO     Epoch 1448 [20/32]: loss = 0.010661479085683823, lr = 0.000125
2025-09-19 15:29:22 INFO     Epoch 1448 [20/32]: loss = 0.010661479085683823, lr = 0.000125
2025-09-19 15:29:22 INFO     Epoch 1448 [20/32]: loss = 0.010661479085683823, lr = 0.000125
2025-09-19 15:29:33 INFO     Epoch 1448 [30/32]: loss = 0.03133825212717056, lr = 0.000125
2025-09-19 15:29:33 INFO     Epoch 1448 [30/32]: loss = 0.03133825212717056, lr = 0.000125
2025-09-19 15:29:33 INFO     Epoch 1448 [30/32]: loss = 0.03133825212717056, lr = 0.000125
2025-09-19 15:29:33 INFO     Epoch 1448 [30/32]: loss = 0.03133825212717056, lr = 0.000125
2025-09-19 15:29:37 INFO     Epoch 1449 [0/32]: loss = 0.021248124539852142, lr = 0.000125
2025-09-19 15:29:37 INFO     Epoch 1449 [0/32]: loss = 0.021248124539852142, lr = 0.000125
2025-09-19 15:29:37 INFO     Epoch 1449 [0/32]: loss = 0.021248124539852142, lr = 0.000125
2025-09-19 15:29:37 INFO     Epoch 1449 [0/32]: loss = 0.021248124539852142, lr = 0.000125
2025-09-19 15:29:48 INFO     Epoch 1449 [10/32]: loss = 0.02145858108997345, lr = 0.000125
2025-09-19 15:29:48 INFO     Epoch 1449 [10/32]: loss = 0.02145858108997345, lr = 0.000125
2025-09-19 15:29:48 INFO     Epoch 1449 [10/32]: loss = 0.02145858108997345, lr = 0.000125
2025-09-19 15:29:48 INFO     Epoch 1449 [10/32]: loss = 0.02145858108997345, lr = 0.000125
2025-09-19 15:30:00 INFO     Epoch 1449 [20/32]: loss = 0.0325237512588501, lr = 0.000125
2025-09-19 15:30:00 INFO     Epoch 1449 [20/32]: loss = 0.0325237512588501, lr = 0.000125
2025-09-19 15:30:00 INFO     Epoch 1449 [20/32]: loss = 0.0325237512588501, lr = 0.000125
2025-09-19 15:30:00 INFO     Epoch 1449 [20/32]: loss = 0.0325237512588501, lr = 0.000125
2025-09-19 15:30:12 INFO     Epoch 1449 [30/32]: loss = 0.02149360440671444, lr = 0.000125
2025-09-19 15:30:12 INFO     Epoch 1449 [30/32]: loss = 0.02149360440671444, lr = 0.000125
2025-09-19 15:30:12 INFO     Epoch 1449 [30/32]: loss = 0.02149360440671444, lr = 0.000125
2025-09-19 15:30:12 INFO     Epoch 1449 [30/32]: loss = 0.02149360440671444, lr = 0.000125
2025-09-19 15:37:24 INFO     384 samples generated in 1024 evaluations.
2025-09-19 15:37:31 INFO     384 samples generated in 1024 evaluations.
2025-09-19 15:37:33 INFO     384 samples generated in 1024 evaluations.
2025-09-19 15:37:35 INFO     384 samples generated in 1024 evaluations.
2025-09-19 15:37:38 INFO     Evaluating [0/32] samples generated [250/250] running fid 276.4692077636719
2025-09-19 15:37:38 INFO     Evaluating [0/32] samples generated [250/250] running fid 276.4692077636719
2025-09-19 15:37:38 INFO     Evaluating [0/32] samples generated [250/250] running fid 276.4692077636719
2025-09-19 15:37:38 INFO     Evaluating [0/32] samples generated [250/250] running fid 276.4692077636719
2025-09-19 15:37:48 INFO     Epoch 1450 [0/32]: loss = 0.0372886061668396, lr = 0.000125
2025-09-19 15:37:48 INFO     Epoch 1450 [0/32]: loss = 0.0372886061668396, lr = 0.000125
2025-09-19 15:37:48 INFO     Epoch 1450 [0/32]: loss = 0.0372886061668396, lr = 0.000125
2025-09-19 15:37:48 INFO     Epoch 1450 [0/32]: loss = 0.0372886061668396, lr = 0.000125
2025-09-19 15:38:00 INFO     Epoch 1450 [10/32]: loss = 0.01463707908987999, lr = 0.000125
2025-09-19 15:38:00 INFO     Epoch 1450 [10/32]: loss = 0.01463707908987999, lr = 0.000125
2025-09-19 15:38:00 INFO     Epoch 1450 [10/32]: loss = 0.01463707908987999, lr = 0.000125
2025-09-19 15:38:00 INFO     Epoch 1450 [10/32]: loss = 0.01463707908987999, lr = 0.000125
2025-09-19 15:38:11 INFO     Epoch 1450 [20/32]: loss = 0.0393846333026886, lr = 0.000125
2025-09-19 15:38:11 INFO     Epoch 1450 [20/32]: loss = 0.0393846333026886, lr = 0.000125
2025-09-19 15:38:11 INFO     Epoch 1450 [20/32]: loss = 0.0393846333026886, lr = 0.000125
2025-09-19 15:38:11 INFO     Epoch 1450 [20/32]: loss = 0.0393846333026886, lr = 0.000125
2025-09-19 15:38:23 INFO     Epoch 1450 [30/32]: loss = 0.02825780399143696, lr = 0.000125
2025-09-19 15:38:23 INFO     Epoch 1450 [30/32]: loss = 0.02825780399143696, lr = 0.000125
2025-09-19 15:38:23 INFO     Epoch 1450 [30/32]: loss = 0.02825780399143696, lr = 0.000125
2025-09-19 15:38:23 INFO     Epoch 1450 [30/32]: loss = 0.02825780399143696, lr = 0.000125
2025-09-19 15:38:26 INFO     Epoch 1451 [0/32]: loss = 0.014110767282545567, lr = 0.000125
2025-09-19 15:38:26 INFO     Epoch 1451 [0/32]: loss = 0.014110767282545567, lr = 0.000125
2025-09-19 15:38:26 INFO     Epoch 1451 [0/32]: loss = 0.014110767282545567, lr = 0.000125
2025-09-19 15:38:26 INFO     Epoch 1451 [0/32]: loss = 0.014110767282545567, lr = 0.000125
2025-09-19 15:38:38 INFO     Epoch 1451 [10/32]: loss = 0.0287461094558239, lr = 0.000125
2025-09-19 15:38:38 INFO     Epoch 1451 [10/32]: loss = 0.0287461094558239, lr = 0.000125
2025-09-19 15:38:38 INFO     Epoch 1451 [10/32]: loss = 0.0287461094558239, lr = 0.000125
2025-09-19 15:38:38 INFO     Epoch 1451 [10/32]: loss = 0.0287461094558239, lr = 0.000125
2025-09-19 15:38:50 INFO     Epoch 1451 [20/32]: loss = 0.025082124397158623, lr = 0.000125
2025-09-19 15:38:50 INFO     Epoch 1451 [20/32]: loss = 0.025082124397158623, lr = 0.000125
2025-09-19 15:38:50 INFO     Epoch 1451 [20/32]: loss = 0.025082124397158623, lr = 0.000125
2025-09-19 15:38:50 INFO     Epoch 1451 [20/32]: loss = 0.025082124397158623, lr = 0.000125
2025-09-19 15:39:02 INFO     Epoch 1451 [30/32]: loss = 0.026669686660170555, lr = 0.000125
2025-09-19 15:39:02 INFO     Epoch 1451 [30/32]: loss = 0.026669686660170555, lr = 0.000125
2025-09-19 15:39:02 INFO     Epoch 1451 [30/32]: loss = 0.026669686660170555, lr = 0.000125
2025-09-19 15:39:02 INFO     Epoch 1451 [30/32]: loss = 0.026669686660170555, lr = 0.000125
2025-09-19 15:39:05 INFO     Epoch 1452 [0/32]: loss = 0.010999409481883049, lr = 0.000125
2025-09-19 15:39:05 INFO     Epoch 1452 [0/32]: loss = 0.010999409481883049, lr = 0.000125
2025-09-19 15:39:05 INFO     Epoch 1452 [0/32]: loss = 0.010999409481883049, lr = 0.000125
2025-09-19 15:39:05 INFO     Epoch 1452 [0/32]: loss = 0.010999409481883049, lr = 0.000125
2025-09-19 15:39:17 INFO     Epoch 1452 [10/32]: loss = 0.018080059438943863, lr = 0.000125
2025-09-19 15:39:17 INFO     Epoch 1452 [10/32]: loss = 0.018080059438943863, lr = 0.000125
2025-09-19 15:39:17 INFO     Epoch 1452 [10/32]: loss = 0.018080059438943863, lr = 0.000125
2025-09-19 15:39:17 INFO     Epoch 1452 [10/32]: loss = 0.018080059438943863, lr = 0.000125
2025-09-19 15:39:29 INFO     Epoch 1452 [20/32]: loss = 0.04527609795331955, lr = 0.000125
2025-09-19 15:39:29 INFO     Epoch 1452 [20/32]: loss = 0.04527609795331955, lr = 0.000125
2025-09-19 15:39:29 INFO     Epoch 1452 [20/32]: loss = 0.04527609795331955, lr = 0.000125
2025-09-19 15:39:29 INFO     Epoch 1452 [20/32]: loss = 0.04527609795331955, lr = 0.000125
2025-09-19 15:39:40 INFO     Epoch 1452 [30/32]: loss = 0.017677154392004013, lr = 0.000125
2025-09-19 15:39:40 INFO     Epoch 1452 [30/32]: loss = 0.017677154392004013, lr = 0.000125
2025-09-19 15:39:40 INFO     Epoch 1452 [30/32]: loss = 0.017677154392004013, lr = 0.000125
2025-09-19 15:39:40 INFO     Epoch 1452 [30/32]: loss = 0.017677154392004013, lr = 0.000125
2025-09-19 15:39:44 INFO     Epoch 1453 [0/32]: loss = 0.046731386333703995, lr = 0.000125
2025-09-19 15:39:44 INFO     Epoch 1453 [0/32]: loss = 0.046731386333703995, lr = 0.000125
2025-09-19 15:39:44 INFO     Epoch 1453 [0/32]: loss = 0.046731386333703995, lr = 0.000125
2025-09-19 15:39:44 INFO     Epoch 1453 [0/32]: loss = 0.046731386333703995, lr = 0.000125
2025-09-19 15:39:55 INFO     Epoch 1453 [10/32]: loss = 0.03255782276391983, lr = 0.000125
2025-09-19 15:39:55 INFO     Epoch 1453 [10/32]: loss = 0.03255782276391983, lr = 0.000125
2025-09-19 15:39:55 INFO     Epoch 1453 [10/32]: loss = 0.03255782276391983, lr = 0.000125
2025-09-19 15:39:55 INFO     Epoch 1453 [10/32]: loss = 0.03255782276391983, lr = 0.000125
2025-09-19 15:40:07 INFO     Epoch 1453 [20/32]: loss = 0.028680799528956413, lr = 0.000125
2025-09-19 15:40:07 INFO     Epoch 1453 [20/32]: loss = 0.028680799528956413, lr = 0.000125
2025-09-19 15:40:07 INFO     Epoch 1453 [20/32]: loss = 0.028680799528956413, lr = 0.000125
2025-09-19 15:40:07 INFO     Epoch 1453 [20/32]: loss = 0.028680799528956413, lr = 0.000125
2025-09-19 15:40:19 INFO     Epoch 1453 [30/32]: loss = 0.02109389938414097, lr = 0.000125
2025-09-19 15:40:19 INFO     Epoch 1453 [30/32]: loss = 0.02109389938414097, lr = 0.000125
2025-09-19 15:40:19 INFO     Epoch 1453 [30/32]: loss = 0.02109389938414097, lr = 0.000125
2025-09-19 15:40:19 INFO     Epoch 1453 [30/32]: loss = 0.02109389938414097, lr = 0.000125
2025-09-19 15:40:22 INFO     Epoch 1454 [0/32]: loss = 0.02504688873887062, lr = 0.000125
2025-09-19 15:40:22 INFO     Epoch 1454 [0/32]: loss = 0.02504688873887062, lr = 0.000125
2025-09-19 15:40:22 INFO     Epoch 1454 [0/32]: loss = 0.02504688873887062, lr = 0.000125
2025-09-19 15:40:22 INFO     Epoch 1454 [0/32]: loss = 0.02504688873887062, lr = 0.000125
2025-09-19 15:40:34 INFO     Epoch 1454 [10/32]: loss = 0.017607053741812706, lr = 0.000125
2025-09-19 15:40:34 INFO     Epoch 1454 [10/32]: loss = 0.017607053741812706, lr = 0.000125
2025-09-19 15:40:34 INFO     Epoch 1454 [10/32]: loss = 0.017607053741812706, lr = 0.000125
2025-09-19 15:40:34 INFO     Epoch 1454 [10/32]: loss = 0.017607053741812706, lr = 0.000125
2025-09-19 15:40:46 INFO     Epoch 1454 [20/32]: loss = 0.01969841495156288, lr = 0.000125
2025-09-19 15:40:46 INFO     Epoch 1454 [20/32]: loss = 0.01969841495156288, lr = 0.000125
2025-09-19 15:40:46 INFO     Epoch 1454 [20/32]: loss = 0.01969841495156288, lr = 0.000125
2025-09-19 15:40:46 INFO     Epoch 1454 [20/32]: loss = 0.01969841495156288, lr = 0.000125
2025-09-19 15:40:58 INFO     Epoch 1454 [30/32]: loss = 0.012869328260421753, lr = 0.000125
2025-09-19 15:40:58 INFO     Epoch 1454 [30/32]: loss = 0.012869328260421753, lr = 0.000125
2025-09-19 15:40:58 INFO     Epoch 1454 [30/32]: loss = 0.012869328260421753, lr = 0.000125
2025-09-19 15:40:58 INFO     Epoch 1454 [30/32]: loss = 0.012869328260421753, lr = 0.000125
2025-09-19 15:41:01 INFO     Epoch 1455 [0/32]: loss = 0.014302369207143784, lr = 0.000125
2025-09-19 15:41:01 INFO     Epoch 1455 [0/32]: loss = 0.014302369207143784, lr = 0.000125
2025-09-19 15:41:01 INFO     Epoch 1455 [0/32]: loss = 0.014302369207143784, lr = 0.000125
2025-09-19 15:41:01 INFO     Epoch 1455 [0/32]: loss = 0.014302369207143784, lr = 0.000125
2025-09-19 15:41:13 INFO     Epoch 1455 [10/32]: loss = 0.026709694415330887, lr = 0.000125
2025-09-19 15:41:13 INFO     Epoch 1455 [10/32]: loss = 0.026709694415330887, lr = 0.000125
2025-09-19 15:41:13 INFO     Epoch 1455 [10/32]: loss = 0.026709694415330887, lr = 0.000125
2025-09-19 15:41:13 INFO     Epoch 1455 [10/32]: loss = 0.026709694415330887, lr = 0.000125
2025-09-19 15:41:25 INFO     Epoch 1455 [20/32]: loss = 0.021535959094762802, lr = 0.000125
2025-09-19 15:41:25 INFO     Epoch 1455 [20/32]: loss = 0.021535959094762802, lr = 0.000125
2025-09-19 15:41:25 INFO     Epoch 1455 [20/32]: loss = 0.021535959094762802, lr = 0.000125
2025-09-19 15:41:25 INFO     Epoch 1455 [20/32]: loss = 0.021535959094762802, lr = 0.000125
2025-09-19 15:41:37 INFO     Epoch 1455 [30/32]: loss = 0.024480877444148064, lr = 0.000125
2025-09-19 15:41:37 INFO     Epoch 1455 [30/32]: loss = 0.024480877444148064, lr = 0.000125
2025-09-19 15:41:37 INFO     Epoch 1455 [30/32]: loss = 0.024480877444148064, lr = 0.000125
2025-09-19 15:41:37 INFO     Epoch 1455 [30/32]: loss = 0.024480877444148064, lr = 0.000125
2025-09-19 15:41:40 INFO     Epoch 1456 [0/32]: loss = 0.022048646584153175, lr = 0.000125
2025-09-19 15:41:40 INFO     Epoch 1456 [0/32]: loss = 0.022048646584153175, lr = 0.000125
2025-09-19 15:41:40 INFO     Epoch 1456 [0/32]: loss = 0.022048646584153175, lr = 0.000125
2025-09-19 15:41:40 INFO     Epoch 1456 [0/32]: loss = 0.022048646584153175, lr = 0.000125
2025-09-19 15:41:52 INFO     Epoch 1456 [10/32]: loss = 0.04291040450334549, lr = 0.000125
2025-09-19 15:41:52 INFO     Epoch 1456 [10/32]: loss = 0.04291040450334549, lr = 0.000125
2025-09-19 15:41:52 INFO     Epoch 1456 [10/32]: loss = 0.04291040450334549, lr = 0.000125
2025-09-19 15:41:52 INFO     Epoch 1456 [10/32]: loss = 0.04291040450334549, lr = 0.000125
W0919 15:41:57.140125 8828 site-packages/torch/distributed/elastic/multiprocessing/api.py:897] Sending process 8924 closing signal SIGTERM
W0919 15:41:57.144443 8828 site-packages/torch/distributed/elastic/multiprocessing/api.py:897] Sending process 8925 closing signal SIGTERM
W0919 15:41:57.145045 8828 site-packages/torch/distributed/elastic/multiprocessing/api.py:897] Sending process 8926 closing signal SIGTERM
E0919 15:41:57.146705 8828 site-packages/torch/distributed/elastic/multiprocessing/api.py:869] failed (exitcode: -15) local_rank: 0 (pid: 8923) of binary: /sds_wangby/group_conda_envs/anaconda3/envs/verl/bin/python
Traceback (most recent call last):
  File "/sds_wangby/group_conda_envs/anaconda3/envs/verl/bin/torchrun", line 8, in <module>
    sys.exit(main())
  File "/sds_wangby/group_conda_envs/anaconda3/envs/verl/lib/python3.10/site-packages/torch/distributed/elastic/multiprocessing/errors/__init__.py", line 355, in wrapper
    return f(*args, **kwargs)
  File "/sds_wangby/group_conda_envs/anaconda3/envs/verl/lib/python3.10/site-packages/torch/distributed/run.py", line 919, in main
    run(args)
  File "/sds_wangby/group_conda_envs/anaconda3/envs/verl/lib/python3.10/site-packages/torch/distributed/run.py", line 910, in run
    elastic_launch(
  File "/sds_wangby/group_conda_envs/anaconda3/envs/verl/lib/python3.10/site-packages/torch/distributed/launcher/api.py", line 138, in __call__
    return launch_agent(self._config, self._entrypoint, list(args))
  File "/sds_wangby/group_conda_envs/anaconda3/envs/verl/lib/python3.10/site-packages/torch/distributed/launcher/api.py", line 269, in launch_agent
    raise ChildFailedError(
torch.distributed.elastic.multiprocessing.errors.ChildFailedError: 
======================================================
train.py FAILED
------------------------------------------------------
Failures:
  <NO_OTHER_FAILURES>
------------------------------------------------------
Root Cause (first observed failure):
[0]:
  time      : 2025-09-19_15:41:57
  host      : 9h0e8k8kh04f8-0
  rank      : 0 (local_rank: 0)
  exitcode  : -15 (pid: 8923)
  error_file: <N/A>
  traceback : Signal 15 (SIGTERM) received by PID 8923
======================================================
